site_name,model_name,model_code,maker,lauch,os,sell_type,display_inch,display_centi,panel_type,resolution,ppi,refresh_rate,display_ratio,display_area,display_width,display_height,hdr_standard,ap_type,core_num,core_clock,graphic_core,npu_dsp,sensor_hub,com_modem,system_ram,in_mem,storage_device,out_mem,5G,4G,wifi,bluetooth,satelite,usim_type,dual_usim,cam_type,back_cam,front_cam,video,flash,picture_resol,front_disp_resol,front_video_resol,apecture,cam_char,trem_correction,trem_prevention,cam_flash,hdr_support,auto_hdr,optic_zoom,zio_tag,lazer_auto_focus,auto_focus,out_focus,touch_focus,panorama,tof_sensor,shoot_night_mode,earphone_term,speaker,high_sound_qual_play,sound_tech,fingerprint_recog,face_recog,iris_recog,speech_recog,ai,elec_payment,touch_pen,waterproof,etc,charge_term,battery_storage,battery_type,battery_char,battery_mount_method,charge_support,high_speed_charge,wireless_charge,color,length,width,thickness,weight
다나와,아이폰11,A2221,"
APPLE (
							제조사 웹사이트 바로가기)
												",,출시OS: iOS13,통신사가입-SKT,,15.49cm(6.1인치),IPS-LCD,1792x828,326ppi,60Hz,19.5:9,79.00%,,,,애플 A13 Bionic,헥사(6)코어,,,,,,램:4GB,내장:128GB,,MicroSD 미지원,,LTE-A Cat.19,802.11 a/b/g/n/ac/ax,블루투스v5.0,,나노유심,,,"후면:1,200만화소+1,200만화소","전면:1,200만화소+TOF 3D","동영상:2160p(UHD),24fps",,,,,F1.8,,광학식손떨림보정(OIS)+전자식손떨림보정(EIS),,,,,,,,,,,,,,,스피커:스테레오(2개),,,,FaceID,,,Siri,애플페이(국내미지원),,IP68,,라이트닝8핀,"3,110mAh",,,배터리일체형,최대18W,고속충전지원,Qi무선충전,,가로:75.7mm,세로:150.9mm,두께:8.3mm,무게:194g
다나와,아이폰11 Pro,A2215,"
APPLE (
							제조사 웹사이트 바로가기)
												",,출시OS: iOS13,공기계-새제품,,14.73cm(5.8인치),OLED,2436x1125,458ppi,60Hz,19.5:9,82.10%,,,돌비비젼+HDR10,애플 A13 Bionic,헥사(6)코어,,,,,,램:4GB,내장:256GB,,MicroSD 미지원,,LTE-A Cat.19,802.11 a/b/g/n/ac/ax,블루투스v5.0,,나노유심,,,"후면:1,200만화소+1,200만화소+1,200만화소","전면:1,200만화소+TOF 3D","동영상:2160p(UHD),24fps",,,,,F1.8,,광학식손떨림보정(OIS)+전자식손떨림보정(EIS),○,,○,,○,,,○,,,,○,○,,스피커:스테레오(2개),,,,FaceID,,,Siri,애플페이(국내미지원),,IP68,,라이트닝8핀,"3,190mAh",,,배터리일체형,최대18W,USB PD3.0,Qi무선충전,,가로:71.4mm,세로:144mm,두께:8.1mm,무게:188g
다나와,아이폰11 Pro Max,A2218,"
APPLE (
							제조사 웹사이트 바로가기)
												",,출시OS: iOS13,공기계-새제품,,16.51cm(6.5인치),OLED,2688x1242,458ppi,60Hz,19.5:9,83.70%,,,돌비비젼+HDR10,애플 A13 Bionic,헥사(6)코어,,,,,,램:4GB,내장:512GB,,MicroSD 미지원,,LTE-A Cat.19,802.11 a/b/g/n/ac/ax,블루투스v5.0,,나노유심,,,"후면:1,200만화소+1,200만화소+1,200만화소","전면:1,200만화소+TOF 3D","동영상:2160p(UHD),24fps",,,,,F1.8,,광학식손떨림보정(OIS)+전자식손떨림보정(EIS),○,,○,,○,,,○,,,,○,○,,스피커:스테레오(2개),,,,FaceID,,,Siri,애플페이(국내미지원),,IP68,,라이트닝8핀,"3,500mAh",,,배터리일체형,최대18W,USB PD3.0,Qi무선충전,,가로:77.8mm,세로:158mm,두께:8.1mm,무게:226g
다나와,아이폰Xs,A2097,"
APPLE (
							제조사 웹사이트 바로가기)
												",,출시OS: iOS12,가개통/중고,,14.73cm(5.8인치),S-AMOLED,2436x1125,458ppi,60Hz,19.5:9,82.90%,,,돌비비젼+HDR10,애플 A12 Bionic,헥사(6)코어,2.5GHz+1.53GHz,APPLE G11P,,,,램:4GB,내장:64GB,NVMe,MicroSD 미지원,,LTE-A Cat.16,802.11 a/b/g/n/ac,블루투스v5.0,,나노유심,,,"후면:1,200만화소+1,200만화소",전면:700만화소,"동영상:2160p(UHD),24fps",,,,,F1.8,,광학식손떨림보정(OIS),○,○,○,,○,,,○,,,,,,,스피커:스테레오(2개),24비트 음원재생,,,FaceID,,,Siri,애플페이(국내미지원),,IP68,,라이트닝8핀,,,,배터리일체형,최대15W,고속충전지원,Qi무선충전: 최대7.5W,,가로:70.9mm,세로:143.6mm,두께:7.7mm,무게:177g
다나와,아이폰Xs Max,A2101,"
APPLE (
							제조사 웹사이트 바로가기)
												",,출시OS: iOS12,가개통/중고,,16.51cm(6.5인치),S-AMOLED,2688x1242,458ppi,60Hz,19.5:9,84.40%,,,돌비비젼+HDR10,애플 A12 Bionic,헥사(6)코어,2.5GHz+1.53GHz,APPLE G11P,,,,램:4GB,내장:64GB,NVMe,MicroSD 미지원,,LTE-A Cat.16,802.11 a/b/g/n/ac,블루투스v5.0,,나노유심,,,"후면:1,200만화소+1,200만화소",전면:700만화소,"동영상:2160p(UHD),24fps",,,,,F1.8,,광학식손떨림보정(OIS),○,○,○,,○,,,○,,,,,,,스피커:스테레오(2개),24비트 음원재생,,,FaceID,,,Siri,애플페이(국내미지원),,IP68,,라이트닝8핀,,,,배터리일체형,최대15W,고속충전지원,Qi무선충전: 최대7.5W,,가로:77.4mm,세로:157.5mm,두께:7.7mm,무게:208g
다나와,아이폰Xr,A2105,"
APPLE (
							제조사 웹사이트 바로가기)
												",,출시OS: iOS12,가개통/중고,,15.49cm(6.1인치),IPS-LCD,1792x828,326ppi,60Hz,19.5:9,79%,,,돌비비젼+HDR10,애플 A12 Bionic,헥사(6)코어,2.5GHz+1.53GHz,APPLE G11P,,,,램:3GB,내장:64GB,NVMe,MicroSD 미지원,,LTE-A Cat.12,802.11 a/b/g/n/ac,블루투스v5.0,,나노유심,,,"후면:1,200만화소",전면:700만화소,"동영상:2160p(UHD),24fps",,,,,F1.8,,광학식손떨림보정(OIS),○,○,○,,,,,○,,,,,,,스피커:스테레오(2개),24비트 음원재생,,,FaceID,,,Siri,애플페이(국내미지원),,IP67,,라이트닝8핀,"2,942mAh",,,배터리일체형,최대15W,고속충전지원,Qi무선충전: 최대7.5W,,가로:75mm,세로:150.9mm,두께:8.3mm,무게:194g
다나와,아이폰X,A1901,"
APPLE (
							제조사 웹사이트 바로가기)
												",,출시OS: iOS 11,가개통/중고,,14.73cm(5.8인치),AMOLED,2436x1125,458ppi,60Hz,19.5:9,92%,,,돌비비젼+HDR10,애플 A11 Bionic,헥사(6)코어,2.4GHz+1.3GHz,,,,,램:3GB,내장:64GB,NVMe,MicroSD 미지원,,LTE-A Cat.12,802.11 a/b/g/n/ac,블루투스v5.0,,나노유심,,,"후면:1,200만화소+1,200만화소",전면:700만화소,"동영상:2160p(UHD),60fps",,,,,F1.8,,광학식손떨림보정(OIS),○,○,○,,○,○,,○,,○,,,,,스피커:스테레오(2개),,,,FaceID,,,Siri,애플페이(국내미지원),,IP67,,라이트닝8핀,"2,716mAh",,,배터리일체형,최대15W,,Qi무선충전: 최대7.5W,,가로:70.9mm,세로:143.6mm,두께:7.7mm,무게:174g
다나와,아이폰8 Plus,A1897,"
APPLE (
							제조사 웹사이트 바로가기)
												",,출시OS: iOS 11,가개통/중고,,13.97cm(5.5인치),IPS-LCD,1920x1080,401ppi,60Hz,16:09,79.10%,,,,애플 A11 Bionic,헥사(6)코어,2.4GHz+1.3GHz,,,,,램:3GB,내장:64GB,NVMe,MicroSD 미지원,,LTE-A Cat.12,802.11 a/b/g/n/ac,블루투스v5.0,,나노유심,,,"후면:1,200만화소+1,200만화소",전면:700만화소,"동영상:2160p(UHD),60fps",,,,,F1.8,,광학식손떨림보정(OIS),○,○,○,,○,○,,○,,○,,,,,스피커:스테레오(2개),,,지문인식,,,,Siri,애플페이(국내미지원),,IP67,,라이트닝8핀,"2,675mAh",,,배터리일체형,최대15W,,Qi무선충전: 최대7.5W,,가로:78.1mm,세로:158.4mm,두께:7.5mm,무게:202g
다나와,아이폰7,A1778,"
APPLE (
							제조사 웹사이트 바로가기)
												",,출시OS: iOS10,가개통/중고,,11.93cm(4.7인치),IPS-LCD,1334x750,326ppi,,16:09,77.70%,,,,애플A10 Fusion,쿼드(4)코어,2.3GHz,PowerVR GT7600+,,,,램:2GB,내장:32GB,NVMe,MicroSD 미지원,,LTE-A Cat.9,802.11 a/b/g/n/ac,블루투스v4.2,,나노유심,,,"후면:1,200만화소","전면:700만화소, F2.2","동영상:2160p(UHD),30fps",,,,,F1.8,,광학식손떨림보정(OIS),○,○,○,,,○,,○,,○,,,,,스피커:스테레오(2개),,,지문인식,,,,Siri,애플페이(국내미지원),,IP67,,라이트닝8핀,"1,960mAh",,,배터리일체형,,,,,가로:67.1mm,세로:138.3mm,두께:7.1mm,무게:138g
다나와,아이폰7 Plus,A1784,"
APPLE (
							제조사 웹사이트 바로가기)
												",,출시OS: iOS10,가개통/중고,,13.97cm(5.5인치),IPS-LCD,1920x1080,401ppi,,16:09,79.20%,,,,애플A10 Fusion,쿼드(4)코어,2.3GHz,PowerVR GT7600+,,,,램:3GB,내장:32GB,NVMe,MicroSD 미지원,,LTE-A Cat.9,802.11 a/b/g/n/ac,블루투스v4.2,,나노유심,,,"후면:1,200만화소",전면:700만화소,"동영상:2160p(UHD),30fps",,,,,F1.8,,광학식손떨림보정(OIS),○,○,○,,,○,,○,,○,,,,,스피커:스테레오(2개),,,지문인식,,,,Siri,애플페이(국내미지원),,IP67,,라이트닝8핀,"2,900mAh",,,배터리일체형,,,,,가로:77.9mm,세로:158.2mm,두께:7.3mm,무게:188g
다나와,아이폰SE,A1723,"
APPLE (
							제조사 웹사이트 바로가기)
												",,출시OS: iOS13,공기계-새제품,,11.93cm(4.7인치),IPS-LCD,1334x750,326ppi,60Hz,16:09,65.40%,,,,애플A13,헥사(6)코어,2.65GHz+1.8GHz,APPLE G11P,,,,램:3GB,내장:128GB,NVMe,,,LTE-A Cat.19,802.11 a/b/g/n/ac/ax,블루투스v5.0,,나노유심,,,"후면:1,200만화소",전면:700만화소,동영상:4K@60fps,,,,,F1.8,,광학식손떨림보정(OIS)+전자식손떨림보정(EIS),○,○,○,,,,,○,,,○,,,,스피커:스테레오(2개),,,지문인식,,,,Siri,애플페이(국내미지원),,IP67,,라이트닝8핀,"1,821mAh",,,배터리일체형,최대18W,고속충전지원,Qi무선충전,,가로:67.3mm,세로:138.4mm,두께:7.3mm,무게:148g
다나와,아이폰6s,A1688,"
APPLE (
							제조사 웹사이트 바로가기)
												",,출시OS: iOS9,가개통/중고,,11.93cm(4.7인치),IPS-LCD,1334x750,326ppi,,16:09,77.70%,,,,애플A9,,,PowerVR GT7600,,,,램:2GB,내장:32GB,NVMe,MicroSD 미지원,,LTE-A Cat.6,802.11 a/b/g/n/ac,블루투스v4.0,,나노유심,,,"후면:1,200만화소",전면:500만화소,"동영상:2160p(UHD),30fps",,,,,F2.2,,광학식손떨림보정(OIS),○,○,○,,,○,,○,,○,,,,3.5mm,,,,지문인식,,,,Siri,,,,,라이트닝8핀,"1,715mAh",,,배터리일체형,,,,,가로:67.1mm,세로:138.2mm,두께:7.1mm,무게:143g
다나와,아이폰6s Plus,A1687,"
APPLE (
							제조사 웹사이트 바로가기)
												",,출시OS: iOS9,가개통/중고,,13.97cm(5.5인치),IPS-LCD,1920x1080,401ppi,,16:09,79.20%,,,,애플A9,,,PowerVR GT7600,,,,램:2GB,내장:16GB,NVMe,MicroSD 미지원,,LTE-A Cat.6,802.11 a/b/g/n/ac,블루투스v4.0,,나노유심,,,"후면:1,200만화소",전면:500만화소,"동영상:2160p(UHD),30fps",,,,,F2.2,,광학식손떨림보정(OIS),○,○,○,,,○,,○,,○,,,,3.5mm,,,,지문인식,,,,Siri,,,,,라이트닝8핀,"2,750mAh",,,배터리일체형,,,,,가로:77.9mm,세로:158.2mm,두께:7.3mm,무게:192g
다나와,아이폰6,A1586,"
APPLE (
							제조사 웹사이트 바로가기)
												",,출시OS: iOS13,공기계-새제품,,11.93cm(4.7인치),IPS-LCD,1334x750,326ppi,60Hz,16:09,65.40%,,,,애플A13,헥사(6)코어,2.65GHz+1.8GHz,APPLE G11P,,,,램:3GB,내장:64GB,NVMe,,,LTE-A Cat.19,802.11 a/b/g/n/ac/ax,블루투스v5.0,,나노유심,,,"후면:1,200만화소",전면:700만화소,동영상:4K@60fps,,,,,F1.8,,광학식손떨림보정(OIS)+전자식손떨림보정(EIS),○,○,○,,,,,○,,,○,,,,스피커:스테레오(2개),,,지문인식,,,,Siri,애플페이(국내미지원),,IP67,,라이트닝8핀,"1,821mAh",,,배터리일체형,최대18W,고속충전지원,Qi무선충전,,가로:67.3mm,세로:138.4mm,두께:7.3mm,무게:148g
다나와,아이폰6 Plus,A1524,"
APPLE (
							제조사 웹사이트 바로가기)
												",,출시OS: iOS9,가개통/중고,,13.97cm(5.5인치),IPS-LCD,1920x1080,401ppi,,16:09,79.20%,,,,애플A9,,,PowerVR GT7600,,,,램:2GB,내장:16GB,NVMe,MicroSD 미지원,,LTE-A Cat.6,802.11 a/b/g/n/ac,블루투스v4.0,,나노유심,,,"후면:1,200만화소",전면:500만화소,"동영상:2160p(UHD),30fps",,,,,F2.2,,광학식손떨림보정(OIS),○,○,○,,,○,,○,,○,,,,3.5mm,,,,지문인식,,,,Siri,,,,,라이트닝8핀,"2,750mAh",,,배터리일체형,,,,,가로:77.9mm,세로:158.2mm,두께:7.3mm,무게:192g
다나와,아이폰SE(2020),A2775,"
APPLE (
							제조사 웹사이트 바로가기)
												",,출시OS: iOS13,공기계-새제품,,11.93cm(4.7인치),IPS-LCD,1334x750,326ppi,60Hz,16:09,65.40%,,,,애플A13,헥사(6)코어,2.65GHz+1.8GHz,APPLE G11P,,,,램:3GB,내장:128GB,NVMe,,,LTE-A Cat.19,802.11 a/b/g/n/ac/ax,블루투스v5.0,,나노유심,,,"후면:1,200만화소",전면:700만화소,동영상:4K@60fps,,,,,F1.8,,광학식손떨림보정(OIS)+전자식손떨림보정(EIS),○,○,○,,,,,○,,,○,,,,스피커:스테레오(2개),,,지문인식,,,,Siri,애플페이(국내미지원),,IP67,,라이트닝8핀,"1,821mAh",,,배터리일체형,최대18W,고속충전지원,Qi무선충전,,가로:67.3mm,세로:138.4mm,두께:7.3mm,무게:148g
다나와,넥서스 5x,LG-H791,"
Google (
							제조사 웹사이트 바로가기)
												",,출시OS: 안드로이드6.0 마쉬멜로우,가개통/중고,,13.22cm(5.2인치),,1920x1080,423ppi,,,,,,,,헥사(6)코어,1.8GHz,,,,,램:2GB,내장:32GB,eMMC,MicroSD 미지원,,LTE-A Cat.6,802.11 a/b/g/n/ac,블루투스v4.2,,나노유심,,,"후면:1,230만화소",전면:500만화소,"동영상:2160p(UHD),30fps",,,,,,,,,○,,,,,,○,,○,,,,3.5mm,,,,지문인식,,,,,,,,,마이크로5핀,"2,700mAh",,,배터리일체형,,퀵차지2.0,,,가로:72.6mm,세로:147mm,두께:7.9mm,무게:136g
다나와,G8 ThinQ,LM-G820,"
LG전자 (
							제조사 웹사이트 바로가기)
												",,출시OS: 안드로이드9.0 파이,가개통/중고,,15.49cm(6.1인치),OLED,3120x1440,564ppi,60Hz,19.5:9,83.50%,,,HDR10,스냅드래곤855,옥타(8)코어,2.8GHz+2.4GHz+1.78GHz,Adreno 640,,,,램:6GB,내장:128GB,UFS2.1,microSD:최대2TB,,LTE-A Cat.19,802.11 a/b/g/n/ac,블루투스v5.0,,나노유심,,,"후면:1,600만화소+1,200만화소+1,200만화소",전면:800만화소,"동영상:2160p(UHD),30fps",,,,,F1.5,,광학식손떨림보정(듀얼OIS),○,○,○,,○,,○,○,○,,,○,,3.5mm,스피커:스테레오(2개),32비트 음원재생,,지문인식(후면),얼굴인식,,,구글 어시스턴트,LG페이,,IP68,,USB타입C,"3,500mAh",,,배터리일체형,최대18W,퀵차지3.0,Qi무선충전: 최대15W,,가로:71.8mm,세로:151.9mm,두께:8.4mm,무게:167g
다나와,G7 ThinQ,LM-G710,"
LG전자 (
							제조사 웹사이트 바로가기)
												",,출시OS: 안드로이드8.0 오레오,가개통/중고,,15.49cm(6.1인치),IPS-LCD,3120x1440,564ppi,60Hz,19.5:9,82.60%,,,HDR10,스냅드래곤845,옥타(8)코어,2.8GHz+1.7GHz,Adreno 630,,,,램:4GB,내장:64GB,UFS2.1,microSD:최대2TB,,LTE-A Cat.18,802.11 a/b/g/n/ac,블루투스v5.0,,나노유심,,,"후면:1,600만화소+1,600만화소",전면:800만화소,"동영상:2160p(UHD),30fps",,,,,F1.6,,광학식손떨림보정(OIS),○,○,○,,,○,○,○,○,○,,,,3.5mm,스피커:모노(1개),32비트 음원재생,,지문인식(후면),,,,구글 어시스턴트,LG페이,,IP68,,USB타입C,"3,000mAh",,,배터리일체형,최대18W,퀵차지4.0,Qi무선충전: 최대15W,,가로:71.9mm,세로:153.2mm,두께:7.9mm,무게:162g
다나와,G7 ThinQ Plus,LM-G710P,"
LG전자 (
							제조사 웹사이트 바로가기)
												",,출시OS: 안드로이드8.0 오레오,가개통/중고,,15.49cm(6.1인치),IPS-LCD,3120x1440,564ppi,60Hz,19.5:9,82.60%,,,HDR10,스냅드래곤845,옥타(8)코어,2.8GHz+1.7GHz,Adreno 630,,,,램:6GB,내장:128GB,UFS2.1,microSD:최대2TB,,LTE-A Cat.18,802.11 a/b/g/n/ac,블루투스v5.0,,나노유심,,,"후면:1,600만화소+1,600만화소",전면:800만화소,"동영상:2160p(UHD),30fps",,,,,F1.6,,광학식손떨림보정(OIS),○,○,○,,,○,○,○,○,○,,,,3.5mm,스피커:모노(1개),32비트 음원재생,,지문인식,,,,구글 어시스턴트,LG페이,,IP68,,USB타입C,"3,000mAh",,,배터리일체형,최대18W,퀵차지4.0,Qi무선충전: 최대15W,,가로:71.9mm,세로:153.2mm,두께:7.9mm,무게:162g
다나와,G5,LG-F700,"
LG전자 (
							제조사 웹사이트 바로가기)
												",,출시OS: 안드로이드6.0 마쉬멜로우,가개통/중고,,13.46cm(5.3인치),IPS-LCD,2560x1440,554ppi,,16:09,80.80%,,,,스냅드래곤820,쿼드(4)코어,2.2GHz,Adreno 530,,,,램:4GB,내장:32GB,UFS,microSD:최대256GB,,LTE-A Cat.12,802.11 a/b/g/n/ac,블루투스v4.2,,나노유심,,,"후면:1,600만화소 / 800만화소",전면:800만화소,"동영상:2160p(UHD),30fps",,,,,F1.8,,광학식손떨림보정(OIS),○,○,○,,,○,○,,,○,,,,3.5mm,,32비트 음원재생,,지문인식,,,,,,,,,USB타입C,"2,800mAh",,,배터리탈착형,,퀵차지3.0,,,가로:73.9mm,세로:149.4mm,두께:7.7mm,무게:159g
다나와,G4,LG-F500,"
LG전자 (
							제조사 웹사이트 바로가기)
												",,출시OS: 안드로이드5.1 롤리팝,가개통/중고,,13.97cm(5.5인치),IPS-LCD,2560x1440,534ppi,,,,,,,스냅드래곤808,헥사(6)코어,1.8GHz,Adreno 418,,,,램:3GB,내장:32GB,eMMC,microSD:최대256GB,,LTE-A Cat.6,802.11 a/b/g/n/ac,블루투스v4.0,,마이크로유심,,,"후면:1,600만화소",전면:800만화소,"동영상:2160p(UHD),30fps",,,,,,,광학식손떨림보정(OIS),○,○,,,,○,○,○,○,○,,,,3.5mm,,,,,,,,,,,,,,"3,000mAh",,,배터리탈착형,,퀵차지2.0,,,가로:75.3mm,세로:149.1mm,두께:8.9mm,
다나와,G3,LG-F400,"
LG전자 (
							제조사 웹사이트 바로가기)
												",,출시OS: 안드로이드4.4 킷캣,가개통/중고,,13.97cm(5.5인치),IPS-LCD,2560x1440,538ppi,,,,,,,,쿼드(4)코어,2.5GHz,,,,,램:3GB,내장:32GB,eMMC,microSD:최대128GB,,LTE-A,802.11 a/b/g/n/ac,블루투스v4.0 apt-X,,마이크로유심,,,후면:1300만화소,전면:210만화소,"동영상:2160p(UHD),30fps",,,,,,,광학식손떨림보정(OIS),○,○,,,,,○,,,,,,,3.5mm,스피커:스테레오(2개),,,,,,,,,,,,,"3,000mAh",,,배터리탈착형,,,,,가로:74.6mm,세로:146.3mm,두께:8.9mm,무게:149g
다나와,G3 Beat,LG-F470,"
LG전자 (
							제조사 웹사이트 바로가기)
												",,출시OS: 안드로이드4.4 킷캣,가개통/중고,,12.70cm(5.0인치),IPS-LCD,1280x720,294ppi,,,,,,,,쿼드(4)코어,1.2GHz,,,,,램:1GB,내장:8GB,eMMC,MicroSD,,LTE-A,802.11 b/g/n,블루투스v4.0,,마이크로유심,,,후면:800만화소,전면:130만화소,,,,,,,,광학식손떨림보정(OIS),○,○,,,,,○,○,,,,,,3.5mm,,,,,,,,,,,,,,"2,610mAh",,,배터리탈착형,,,,,가로:69.6mm,세로:137.7mm,두께:10.3mm,무게:134g
다나와,G3 Screen,LG-F490,"
LG전자 (
							제조사 웹사이트 바로가기)
												",,,가개통/중고,,14.99cm(5.9인치),IPS-LCD,1920x1080,373ppi,,,,,,,,옥타(8)코어,1.5GHz,,,,,램:2GB,내장:32GB,eMMC,MicroSD,,LTE Cat.4,802.11 b/g/n,,,마이크로유심,,,"후면:1,300만화소",전면:210만화소,,,,,,,,광학식손떨림보정(OIS),○,,,,,,○,○,,,,,,3.5mm,스피커:모노(1개),,,,,,,,,,,,,"3,000mAh",,,,,,,,가로:81.8mm,세로:157.8mm,두께:9.5mm,무게:182g
다나와,G3.Cat6,LG-F460,"
LG전자 (
							제조사 웹사이트 바로가기)
												",,출시OS: 안드로이드4.4 킷캣,가개통/중고,,13.97cm(5.5인치),IPS-LCD,2560x1440,538ppi,,,,,,,스냅드래곤805,쿼드(4)코어,2.5GHz,Adreno 420,,,,램:3GB,내장:32GB,eMMC,MicroSD,,LTE-A Cat.9,802.11 a/b/g/n/ac,블루투스v4.0 apt-X,,마이크로유심,,,후면:1300만화소,전면:210만화소,"동영상:2160p(UHD),30fps",,,,,,,광학식손떨림보정(OIS),○,○,,,,,○,,,,,,,3.5mm,스피커:스테레오(2개),,,,,,,,,,,,,"3,000mAh",,,배터리탈착형,,,,,가로:74.6mm,세로:146.3mm,두께:8.9mm,무게:149g
다나와,G2,LG-F320,"
LG전자 (
							제조사 웹사이트 바로가기)
												",,출시OS: 안드로이드4.2 젤리빈,가개통/중고,,13.22cm(5.2인치),,1920x1080,423ppi,,,,,,,,쿼드(4)코어,2.2GHz,,,,,램:2GB,내장:32GB,eMMC,MicroSD,,LTE-A,802.11 a/b/g/n/ac,블루투스v4.0,,마이크로유심,,,후면:1300만화소,전면:210만화소,"동영상:1080p(FHD),30fps",,,,,,,손떨림보정,○,,○,,,,,○,,,,,,3.5mm,,,,,,,,,,,,,,"2,610mAh",,,배터리탈착형,,,,,가로:70.9mm,세로:138.5mm,두께:8.9mm,무게:140g
다나와,Gx2,LG-F430,"
LG전자 (
							제조사 웹사이트 바로가기)
												",,출시OS: 안드로이드4.4 킷캣,가개통/중고,,14.47cm(5.7인치),IPS-LCD,,,,,,,,,,쿼드(4)코어,1.2GHz,,,,,램:1.5GB,내장:8GB,eMMC,,,LTE-A,,블루투스v4.0,,마이크로유심,,,,전면:VGA,,,,,,,,,,,,,,,○,,,,,,,3.5mm,,,,,,,,,,,,,마이크로5핀,"3,200mAh",,,배터리탈착형,,,,,가로:79.2mm,세로:152.1mm,두께:9.1mm,무게:165g
다나와,Gx,LG-F310,"
LG전자 (
							제조사 웹사이트 바로가기)
												",,출시OS: 안드로이드4.2 젤리빈,가개통/중고,,13.97cm(5.5인치),IPS-LCD,1920x1080,400~500ppi,,,,,,,,쿼드(4)코어,1.7GHz,,,,,램:3GB,내장:32GB,,MicroSD,,,,블루투스v4.0,,,,,"후면:1,200~1,499만화소",전면:200~300만화소,"동영상:720p(HD),30fps",,,,,,,,,,○,,,,,○,,,,,,3.5mm,,,,,,,,,,,,,마이크로5핀,"~4,500mAh",,,,,,,,가로:50~80mm,세로:150~200mm,두께:7~10mm,무게:150~200g
다나와,G Flex,LG-F340,"
LG전자 (
							제조사 웹사이트 바로가기)
												",,,가개통/중고,,15.24cm(6.0인치),P-OLED,1280x720,244ppi,,,,,,,,쿼드(4)코어,2.3GHz,,,,,램:2GB,내장:32GB,,MicroSD 미지원,,LTE-A,802.11 a/b/g/n/ac,블루투스v4.0,,마이크로유심,,,후면:1300만화소,전면:210만화소,,,,,,,,,,,,,,,,○,,,,,,3.5mm,,,,,,,,,,,,,,"~4,500mAh",,,배터리일체형,,,,,가로:81.6mm,세로:160.5mm,두께:7.9mm,무게:177g
다나와,Stylus 2,LG-F720,"
LG전자 (
							제조사 웹사이트 바로가기)
												",,출시OS: 안드로이드6.0 마쉬멜로우,가개통/중고,,14.47cm(5.7인치),,1280x720,255ppi,,,,,,,,쿼드(4)코어,1.2GHz,,,,,램:2GB,내장:16GB,eMMC,MicroSD,,LTE Cat.4,802.11 b/g/n,블루투스v4.1,,나노유심,,,"후면:1,300만화소",전면:800만화소,,,,,,,,,,,,,,,,,,,,,,3.5mm,,,,,,,,,,스타일러스 펜 방식,,,,"~3,500mAh",,,배터리탈착형,,,,,가로:79.6mm,세로:155mm,두께:7.4mm,무게:145g
다나와,G 스타일로,LG-F560,"
LG전자 (
							제조사 웹사이트 바로가기)
												",,출시OS: 안드로이드5.0 롤리팝,가개통/중고,,14.47cm(5.7인치),IPS-LCD,1280x720,258ppi,,,,,,,,쿼드(4)코어,1.2GHz,,,,,램:1.5GB,내장:8GB,eMMC,MicroSD,,LTE,802.11 b/g/n,블루투스v4.1,,마이크로유심,,,후면:800만화소,전면:500만화소,"동영상:1080p(FHD),30fps",,,,,,,,,○,○,,,○,,○,,○,,,,3.5mm,,,,,,,,,,,,,마이크로5핀,"3,000mAh",,,배터리탈착형,,,,,가로:79.2mm,세로:154.3mm,두께:9.6mm,무게:163g
다나와,K10,LG-F670,"
LG전자 (
							제조사 웹사이트 바로가기)
												",,출시OS: 안드로이드5.1 롤리팝,가개통/중고,,13.46cm(5.3인치),IPS-LCD,1280x720,277ppi,,,,,,,,쿼드(4)코어,1.2GHz,,,,,램:1.5GB,내장:16GB,eMMC,MicroSD,,LTE-A,802.11 b/g/n,블루투스v4.1,,,,,"후면:1,300만화소",전면:500만화소,"동영상:1080p(FHD),30fps",,,,,,,,,○,,,,,,○,,○,,,,3.5mm,,,,,,,,,,,,,,"2,300mAh",,,배터리탈착형,,,,,가로:74.8mm,세로:146.6mm,두께:8.8mm,무게:140g
다나와,Q9,LM-Q925,"
LG전자 (
							제조사 웹사이트 바로가기)
												",,출시OS: 안드로이드8.1 오레오,가개통/중고,,15.49cm(6.1인치),IPS-LCD,3120x1440,564ppi,60Hz,19.5:9,,,,HDR10,스냅드래곤821,쿼드(4)코어,2.34GHz+1.6GHz,Adreno 530,,,,램:4GB,내장:64GB,UFS2.0,microSD:최대2TB,,LTE-A Cat.11,802.11 a/b/g/n/ac,블루투스v4.2,,나노유심,,,"후면:1,600만화소",전면:800만화소,"동영상:2160p(UHD),30fps",,,,,F1.9,,,,○,○,,,,,○,,,,,,3.5mm,스피커:모노(1개),32비트 음원재생,,지문인식(후면),얼굴인식,,,구글 어시스턴트,LG페이,,IP68,,USB타입C,"3,000mAh",,,배터리일체형,,퀵차지3.0,,,가로:71.9mm,세로:153.2mm,두께:7.9mm,무게:159g
다나와,Q9 One,LM-Q927,"
LG전자 (
							제조사 웹사이트 바로가기)
												",,출시OS: 안드로이드9.0 파이,가개통/중고,,15.49cm(6.1인치),IPS-LCD,3120x1440,564ppi,60Hz,19.5:9,,,,HDR10,스냅드래곤835,옥타(8)코어,2.35GHz+1.9GHz,Adreno 540,,,,램:4GB,내장:64GB,UFS2.1,microSD:최대2TB,,LTE-A Cat.11,802.11 a/b/g/n/ac,블루투스v5.0,,나노유심,,,"후면:1,600만화소",전면:800만화소,"동영상:2160p(UHD),30fps",,,,,F1.6,,광학식손떨림보정(OIS),○,○,○,,,,○,○,,,,,,3.5mm,,32비트 음원재생,,지문인식(후면),얼굴인식,,지원,구글 어시스턴트,,,IP68,,USB타입C,"3,000mAh",,,배터리일체형,,퀵차지3.0,,,가로:71.9mm,세로:153.2mm,두께:7.9mm,무게:156g
다나와,Q8 2018,LM-Q815,"
LG전자 (
							제조사 웹사이트 바로가기)
												",,출시OS: 안드로이드8.0 오레오,가개통/중고,,15.75cm(6.2인치),IPS-LCD,2160x1080,389ppi,60Hz,18:09,80.80%,,,,스냅드래곤450,옥타(8)코어,1.8GHz,Adreno 506,,,,램:4GB,내장:64GB,eMMC,microSD:최대2TB,,LTE-A Cat.6,802.11 a/b/g/n/ac,블루투스,,나노유심,,,"후면:1,600만화소",전면:500만화소,"동영상:1080p(FHD),30fps",,,,,,,,,○,○,,,,,○,,,,,,3.5mm,스피커:모노(1개),24비트 음원재생,,지문인식(후면),,,,,LG페이,스타일러스 펜 방식,IP68,,USB타입C,"3,300mAh",,,배터리일체형,,퀵차지3.0,,,가로:77.7mm,세로:160.1mm,두께:8.4mm,무게:172g
다나와,Q8,LGM-X800,"
LG전자 (
							제조사 웹사이트 바로가기)
												",,출시OS: 안드로이드 7.0 누가,가개통/중고,,13.22cm(5.2인치),IPS-LCD,2560x1440,564ppi,,16:09,79.80%,,,,스냅드래곤 820,쿼드(4)코어,2.15GHz+1.6GHz,Adreno 530,,,,램:4GB,내장:32GB,eMMC,MicroSD,,LTE-A Cat.12,802.11 a/b/g/n/ac,블루투스v4.2,,나노유심,,,"후면:1,600만화소+800만화소",전면:500만화소,"동영상:2160p(UHD),30fps",,,,,F1.8,,손떨림보정,○,○,○,,,○,,,,○,,,,3.5mm,스피커:모노(1개),32비트 음원재생,,지문인식,,,,,,,IP67,,USB타입C,"3,000mAh",,,배터리일체형,,퀵차지3.0,,,가로:71.9mm,세로:149mm,두께:8mm,무게:146g
다나와,Q7,LM-Q720,"
LG전자 (
							제조사 웹사이트 바로가기)
												",,출시OS: 안드로이드8.0 오레오,가개통/중고,,13.97cm(5.5인치),IPS-LCD,2160x1080,442ppi,60Hz,18:09,77.30%,,,,스냅드래곤450,옥타(8)코어,1.8GHz,Adreno 506,,,,램:3GB,내장:32GB,,microSD:최대2TB,,LTE-A Cat.6,802.11 b/g/n,블루투스v4.2,,나노유심,,,"후면:1,300만화소",전면:500만화소,"동영상:1080p(FHD),30fps",,,,,F1.9,,,,○,○,,,○,,○,,○,,,,3.5mm,스피커:모노(1개),24비트 음원재생,,지문인식(후면),,,,구글 어시스턴트,LG페이,,,,USB타입C,"3,000mAh",,,배터리일체형,,퀵차지3.0,,,가로:69.3mm,세로:143.8mm,두께:8.4mm,무게:145g
다나와,Q7 Plus,LM-Q725,"
LG전자 (
							제조사 웹사이트 바로가기)
												",,출시OS: 안드로이드8.0 오레오,가개통/중고,,13.97cm(5.5인치),IPS-LCD,2160x1080,442ppi,60Hz,18:09,77.30%,,,,스냅드래곤450,옥타(8)코어,1.8GHz,Adreno 506,,,,램:4GB,내장:64GB,,microSD:최대2TB,,LTE-A Cat.6,802.11 b/g/n,블루투스v4.2,,나노유심,,,"후면:1,600만화소",전면:500만화소,"동영상:1080p(FHD),30fps",,,,,F1.9,,,,○,○,,,○,,○,,○,,,,3.5mm,스피커:모노(1개),32비트 음원재생,,지문인식(후면),,,,구글 어시스턴트,LG페이,,,,USB타입C,"3,000mAh",,,배터리일체형,,퀵차지3.0,,,가로:69.3mm,세로:143.8mm,두께:8.4mm,무게:145g
다나와,Q6,LG-X600,"
LG전자 (
							제조사 웹사이트 바로가기)
												",,출시OS: 안드로이드7.1 누가,통신사가입-SKT,,13.97cm(5.5인치),IPS-LCD,2160x1080,442ppi,,18:09,88.20%,,,,스냅드래곤435,옥타(8)코어,1.4GHz,Adreno 505,,,,램:3GB,내장:32GB,eMMC,MicroSD,,LTE-A Cat.7,802.11 b/g/n,블루투스v4.2,,나노유심,,,"후면:1,300만화소",전면:500만화소,"동영상:1080p(FHD),30fps",,,,,,,,,,,,,,,,,,,,,3.5mm,스피커:모노(1개),,,,얼굴인식,,,구글 어시스턴트,,,,,USB타입C,"3,000mAh",,,배터리일체형,,,,,가로:69.3mm,세로:142.5mm,두께:8.1mm,무게:149g
다나와,V50 ThinQ,LM-V500,"
LG전자 (
							제조사 웹사이트 바로가기)
												",,출시OS: 안드로이드9.0 파이,가개통/중고,,16.25cm(6.4인치),OLED,3120x1440,537ppi,60Hz,19.5:9,83%,,,HDR10,스냅드래곤855,옥타(8)코어,2.84GHz+2.42GHz+1.8GHz,Adreno 640,,,,램:6GB,내장:128GB,UFS2.1,microSD:최대2TB,5G NR,LTE-A Cat.18,802.11 a/b/g/n/ac,블루투스v5.0,,나노유심,,,"후면:1,600만화소+1,200만화소+1,200만화소",전면:800만화소+500만화소,"동영상:2160p(UHD),30fps",,,,,F1.5,,광학식손떨림보정(듀얼OIS),○,○,○,,○,,,○,○,,,,,3.5mm,스피커:스테레오(2개),32비트 음원재생,,지문인식(후면),얼굴인식,,지원,구글 어시스턴트,LG페이,,IP68,,USB타입C,"4,000mAh",,,배터리일체형,최대18W,퀵차지3.0,Qi무선충전: 최대15W,,가로:76.1mm,세로:159.1mm,두께:8.3mm,무게:183g
다나와,V50s ThinQ,LM-V510,"
LG전자 (
							제조사 웹사이트 바로가기)
												",,출시OS: 안드로이드9.0 파이,가개통/중고,,16.25cm(6.4인치),OLED,2340x1080,403ppi,60Hz,19.5:9,83.30%,,,HDR10,스냅드래곤855,옥타(8)코어,2.84GHz+2.42GHz+1.78GHz,Adreno 640,,,,램:8GB,내장:256GB,,microSD:최대1TB,5G NR,LTE-A Cat.18,802.11 a/b/g/n/ac,블루투스v5.0,,나노유심,,,"후면:1,300만화소+1,200만화소","전면:3,200만화소","동영상:2160p(UHD),30fps",,,,,F1.8,,광학식손떨림보정(OIS),○,○,○,,,,,○,,,,,,3.5mm,스피커:스테레오(2개),32비트 음원재생,,지문인식(온스크린),,,,구글 어시스턴트,LG페이,,IP68,,USB타입C,"4,000mAh",,,배터리일체형,최대21W,퀵차지4.0,Qi무선충전: 최대9W,,가로:75.8mm,세로:159.3mm,두께:8.4mm,무게:192g
다나와,V40 ThinQ,LM-V409,"
LG전자 (
							제조사 웹사이트 바로가기)
												",,출시OS: 안드로이드8.1 오레오,가개통/중고,,16.25cm(6.4인치),P-OLED,3120x1440,538ppi,60Hz,19.5:9,77.10%,,,돌비비젼+HDR10,스냅드래곤845,옥타(8)코어,2.7GHz+1.7GHz,Adreno 630,,,,램:6GB,내장:128GB,UFS2.1,microSD:최대2TB,,LTE-A Cat.18,802.11 a/b/g/n/ac,블루투스v5.0,,나노유심,,,"후면:1,600만화소+1,200만화소+1,200만화소",전면:800만화소+500만화소,"동영상:2160p(UHD),30fps",,,,,F1.5,,광학식손떨림보정(OIS),○,○,○,,○,,○,○,○,,,,,3.5mm,스피커:모노(1개),32비트 음원재생,,지문인식(후면),얼굴인식,,,구글 어시스턴트,LG페이,,IP68,,USB타입C,"3,300mAh",,,배터리일체형,최대18W,퀵차지3.0,Qi무선충전: 최대15W,,가로:75.8mm,세로:158.7mm,두께:7.7mm,무게:169g
다나와,V35,LM-V350,"
LG전자 (
							제조사 웹사이트 바로가기)
												",,출시OS: 안드로이드8.0 오레오,가개통/중고,,15.24cm(6.0인치),P-OLED,2880x1440,537ppi,60Hz,18:09,81.20%,,,HDR10,스냅드래곤845,옥타(8)코어,"2.7GHz+1.7,GHz",Adreno 630,,,,램:6GB,내장:64GB,,microSD:최대512GB,,LTE-A Cat.18,802.11 a/b/g/n/ac,블루투스v5.0,,나노유심,,,"후면:1,600만화소+1,600만화소",전면:800만화소,"동영상:2160p(UHD),30fps",,,,,F1.6,,광학식손떨림보정(OIS),○,○,○,,,○,○,○,,○,,,,3.5mm,스피커:모노(1개),32비트 음원재생,,지문인식(후면),,,,,LG페이,,IP68,,USB타입C,"3,300mAh",,,배터리일체형,최대18W,퀵차지3.0,Qi무선충전: 최대15W,,가로:75.4mm,세로:151.7mm,두께:7.3mm,무게:157g
다나와,V30,LGM-V300,"
LG전자 (
							제조사 웹사이트 바로가기)
												",,출시OS: 안드로이드 7.1 누가,가개통/중고,,15.24cm(6.0인치),P-OLED,2880x1440,537ppi,,18:09,81.20%,,,HDR10,스냅드래곤 835,옥타(8)코어,2.45GHz+1.9GHz,Adreno 540,,,,램:4GB,내장:64GB,UFS2.1,microSD:최대256GB,,LTE-A Cat.16,802.11 a/b/g/n/ac,블루투스v5.0,,나노유심,,,"후면:1,600만화소+1,300만화소",전면:500만화소,"동영상:2160p(UHD),30fps",,,,,F1.6,,광학식손떨림보정(OIS),○,○,○,,,○,,○,,○,,,,3.5mm,스피커:모노(1개),32비트 음원재생,,지문인식(후면),얼굴인식,,지원,구글 어시스턴트,LG페이,,IP68,,USB타입C,"3,300mAh",,,배터리일체형,최대18W,USB PD/퀵차지3.0,Qi무선충전: 최대15W,,가로:75.4mm,세로:151.7mm,두께:7.3mm,무게:158g
다나와,V20,LG-F800,"
LG전자 (
							제조사 웹사이트 바로가기)
												",,출시OS: 안드로이드7.0 누가,가개통/중고,,14.47cm(5.7인치),IPS-LCD,2560x1440,515ppi,,16:09,81.40%,,,,스냅드래곤820,쿼드(4)코어,2.15GHz,Adreno 530,,,,램:4GB,내장:64GB,UFS,microSD:최대256GB,,LTE-A Cat.12,802.11 a/b/g/n/ac,블루투스v4.2,,나노유심,,,"후면:1,600만화소, 800만화소",전면:500만화소,"동영상:2160p(UHD),30fps",,,,,,,광학식손떨림보정(OIS),○,○,○,,,○,,○,,○,,,,3.5mm,,32비트 음원재생,,지문인식,,,,,,,,,USB타입C,"3,200mAh",,,배터리탈착형,,퀄컴퀵차지3.0,,,가로:78.1mm,세로:159.7mm,두께:7.6mm,무게:173g
다나와,V10,LG-F600,"
LG전자 (
							제조사 웹사이트 바로가기)
												",,출시OS: 안드로이드5.1 롤리팝,가개통/중고,,14.47cm(5.7인치),IPS-LCD,2560x1440,513ppi,,16:09,81.20%,,,,스냅드래곤808,헥사(6)코어,1.8GHz,Adreno 418,,,,램:4GB,내장:32GB,eMMC,microSD:최대256GB,,LTE-A Cat.6,802.11 a/b/g/n/ac,블루투스v4.1,,나노유심,,,"후면:1,600만화소",전면:듀얼 500만화소,"동영상:2160p(UHD),30fps",,,,,,,손떨림보정,○,○,○,,,○,○,○,○,○,,,,3.5mm,,32비트 음원재생,,지문인식,,,,,,,,,,"3,000mAh",,,배터리탈착형,,퀵차지2.0,,,가로:79.3mm,세로:159.6mm,두께:8.6mm,무게:192g
다나와,X5 2018,LM-X510,"
LG전자 (
							제조사 웹사이트 바로가기)
												",,출시OS: 안드로이드8.0 오레오,통신사가입-KT,,13.97cm(5.5인치),IPS-LCD,1280x720,267ppi,60Hz,16:09,,,,,미디어텍MT6750,옥타(8)코어,1.5GHz,Mali T860,,,,램:2GB,내장:32GB,eMMC,MicroSD,,LTE Cat.4,802.11 a/b/g/n/ac,블루투스v4.2,,나노유심,,,"후면:1,300만화소",전면:500만화소,,,,,,,,,,,,,,,,,,,,,,3.5mm,스피커:모노(1개),,,지문인식,,,,,LG페이,,,,마이크로5핀,"4,500mAh",,,배터리일체형,,고속충전지원,,,가로:78.1mm,세로:154.7mm,두께:8.9mm,무게:171g
다나와,X4,LM-X410,"
LG전자 (
							제조사 웹사이트 바로가기)
												",,출시OS: 안드로이드7.1.2 누가,가개통/중고,,13.46cm(5.3인치),IPS-LCD,1280x720,277ppi,,16:09,,,,,스냅드래곤 425,쿼드(4)코어,1.4GHz,Adreno 308,,,,램:2GB,내장:32GB,eMMC,MicroSD,,LTE Cat.4,802.11 a/b/g/n,블루투스v4.2,,나노유심,,,"후면:1,300만화소",전면:500만화소,,,,,,,,,,○,,,,,,○,,,,,,,스피커:모노(1개),32비트 음원재생,,지문인식,,,,,LG페이,,,,,"3,000mAh",,,배터리일체형,,,,,가로:75.1mm,세로:148.6mm,두께:8.6mm,무게:172.3g
다나와,X4 Plus,LM-X415,"
LG전자 (
							제조사 웹사이트 바로가기)
												",,출시OS: 안드로이드7.1.2 누가,가개통/중고,,13.46cm(5.3인치),IPS-LCD,1280x720,277ppi,,16:09,,,,,스냅드래곤 425,쿼드(4)코어,1.4GHz,Adreno 308,,,,램:2GB,내장:32GB,eMMC,MicroSD,,LTE Cat.4,802.11 a/b/g/n,블루투스v4.2,,나노유심,,,"후면:1,300만화소",전면:500만화소,,,,,,,,,,○,,,,,,○,,,,,,,스피커:모노(1개),32비트 음원재생,,지문인식,,,,,LG페이,,,,,"3,000mAh",,,배터리일체형,,,,,가로:75.1mm,세로:148.6mm,두께:8.6mm,무게:172.3g
다나와,X6 2019,LM-X625,"
LG전자 (
							제조사 웹사이트 바로가기)
												",,출시OS: 안드로이드9.0 파이,가개통/중고,,15.90cm(6.26인치),IPS-LCD,1520x720,269ppi,60Hz,19:09,,,,,미디어텍MT6762,옥타(8)코어,2.0GHz,PowerVR GE8320,,,,램:3GB,내장:64GB,eMMC5.1,microSD:최대2TB,,LTE-A Cat.7,Wi-Fi,블루투스v5.0,,나노유심,,,"후면:1,600만화소+500만화소","전면:1,300만화소",,,,,,,,,,○,,,,,,○,,,,○,,3.5mm,,32비트 음원재생,,지문인식(후면),,,,구글 어시스턴트,LG페이,,,,마이크로5핀,"3,500mAh",,,배터리일체형,,,,,가로:77mm,세로:161.3mm,두께:8.7mm,무게:172g
다나와,X4 2019,LM-X420,"
LG전자 (
							제조사 웹사이트 바로가기)
												",,출시OS: 안드로이드8.1 오레오,가개통/중고,,14.47cm(5.7인치),IPS-LCD,1440x720,282ppi,60Hz,18:09,,,,,미디어텍MT6762,옥타(8)코어,2.0GHz,PowerVR GE8320,,,,램:2GB,내장:32GB,eMMC,MicroSD,,LTE-A Cat.6,Wi-Fi,블루투스v5.0,,나노유심,,,"후면:1,600만화소",전면:800만화소,,,,,,F2.0,,,,○,,,,,,○,○,,,,,3.5mm,,32비트 음원재생,,지문인식(후면),,,,구글 어시스턴트,LG페이,,,,마이크로5핀,"3,000mAh",,,배터리일체형,,,,,가로:71.9mm,세로:153mm,두께:8.3mm,무게:145g
다나와,X2 2019,LM-X220,"
LG전자 (
							제조사 웹사이트 바로가기)
												",,출시OS: 안드로이드9.0 파이,가개통/중고,,13.84cm(5.45인치),,1440x720,295ppi,60Hz,,,,,,스냅드래곤425,쿼드(4)코어,1.4GHz,,,,,램:2GB,내장:32GB,eMMC,microSD:최대2TB,,LTE Cat.4,Wi-Fi,블루투스,,나노유심,,,"후면:1,300만화소",전면:500만화소,,,,,,,,,,○,,,,,,○,,,,,,,,,,,,,,구글 어시스턴트,,,,,,"3,000mAh",,,배터리일체형,,,,,가로:71.5mm,세로:147mm,두께:8.2mm,무게:147g
다나와,X2 2018,LM-X210,"
LG전자 (
							제조사 웹사이트 바로가기)
												",,출시OS: 안드로이드7.1.2 누가,가개통/중고,,12.70cm(5.0인치),IPS-LCD,1280x720,294ppi,60Hz,5:03,,,,,스냅드래곤212,쿼드(4)코어,1.3GHz,Adreno 304,,,,램:2GB,내장:16GB,,MicroSD,,LTE Cat.4,802.11 b/g/n,블루투스v4.2,,나노유심,,,후면:800만화소,전면:500만화소,,,,,,,,,,○,,,,,,○,,,,,,,스피커:모노(1개),,,,,,,,,,,,마이크로5핀,"2,500mAh",,,배터리탈착형,,,,,가로:73.2mm,세로:146.6mm,두께:8.2mm,무게:152g
다나와,X500,LGM-X320,"
LG전자 (
							제조사 웹사이트 바로가기)
												",,출시OS: 안드로이드7.0 누가,가개통/중고,,13.97cm(5.5인치),IPS-LCD,1280x720,267ppi,,,80.60%,,,,MT6750,옥타(8)코어,1.5GHz,Mali T860,,,,램:2GB,내장:32GB,eMMC,MicroSD,,LTE-A Cat.6,802.11 b/g/n,블루투스v4.2,,나노유심,,,"후면:1,300만화소",전면:500만화소,,,,,,,,,,○,,,,,,○,,,,,,3.5mm,스피커:모노(1개),,,,,,,,,,,,마이크로5핀,"4,500mAh",,,배터리일체형,,,,,가로:78.1mm,세로:154.7mm,두께:8.4mm,무게:164g
다나와,X401,LGM-X401,"
LG전자 (
							제조사 웹사이트 바로가기)
												",,출시OS: 안드로이드 7.0 누가,가개통/중고,,13.46cm(5.3인치),LCD,1280x720,294ppi,,,80.80%,,,,MT6750,옥타(8)코어,1.5GHz,Mali T860,,,,램:2GB,내장:16GB,eMMC,MicroSD,,LTE-A Cat.6,802.11 b/g/n,블루투스v4.2,,나노유심,,,"후면:1,300만화소",전면:500만화소,"동영상:1080p(FHD),30fps",,,,,,,,,○,,,,,,○,,,,,,3.5mm,스피커:모노(1개),,,,,,,,,,,,마이크로5핀,"2,800mAh",,,배터리탈착형,,,,,가로:75.2mm,세로:148.7mm,두께:7.9mm,무게:142g
다나와,X400,LGM-K121,"
LG전자 (
							제조사 웹사이트 바로가기)
												",,출시OS: 안드로이드7.0 누가,가개통/중고,,13.46cm(5.3인치),IPS-LCD,1280x720,277ppi,,,80.80%,,,,MT6750,옥타(8)코어,1.5GHz,Mali T860,,,,램:2GB,내장:32GB,eMMC,MicroSD,,LTE-A Cat.6,802.11 b/g/n,블루투스v4.2,,나노유심,,,"후면:1,300만화소",전면:500만화소,"동영상:1080p(FHD),30fps",,,,,F2.2,,,,○,○,,,○,,○,,○,,,,3.5mm,스피커:모노(1개),,,지문인식,,,,,,,,,마이크로5핀,"2,800mAh",,,배터리탈착형,,,,,가로:75.2mm,세로:148.7mm,두께:7.9mm,무게:142g
다나와,X300,LGM-K120,"
LG전자 (
							제조사 웹사이트 바로가기)
												",,출시OS: 안드로이드7.0 누가,가개통/중고,,12.70cm(5.0인치),LCD,1280x720,294ppi,,,78.50%,,,,스냅드래곤425,쿼드(4)코어,1.4GHz,Adreno 308,,,,램:2GB,내장:16GB,eMMC,MicroSD,,LTE Cat.4,802.11 b/g/n,블루투스v4.2,,나노유심,,,"후면:1,300만화소",전면:500만화소,,,,,,F2.2,,,,○,,,,,,○,,,,,,3.5mm,스피커:모노(1개),,,,,,,,,,,,마이크로5핀,"2,500mAh",,,배터리탈착형,,,,,가로:72.1mm,세로:144.8mm,두께:8.09mm,무게:142g
다나와,X5,LG-F770,"
LG전자 (
							제조사 웹사이트 바로가기)
												",,출시OS: 안드로이드6.0 마쉬멜로우,가개통/중고,,13.97cm(5.5인치),IPS-LCD,1280x720,270ppi,,,,,,,,쿼드(4)코어,1.3GHz,,,,,램:2GB,내장:16GB,eMMC,MicroSD,,LTE,802.11 b/g/n,블루투스v4.2,,,,,"후면:1,300만화소",전면:500만화소,"동영상:1080p(FHD),30fps",,,,,,,,,○,○,,,○,,○,,○,,,,3.5mm,,,,,,,,,,,,,마이크로5핀,"2,800mAh",,,배터리탈착형,,,,,가로:76.9mm,세로:151.6mm,두께:7.2mm,무게:133g
다나와,X스킨,LG-F740,"
LG전자 (
							제조사 웹사이트 바로가기)
												",,출시OS: 안드로이드6.0 마쉬멜로우,가개통/중고,,12.70cm(5.0인치),,1280x720,293ppi,,,,,,,스냅드래곤210,쿼드(4)코어,1.1GHz,Adreno 304,,,,램:1.5GB,내장:16GB,eMMC,,,LTE Cat.4,,,,,,,후면:800만화소,전면:500만화소,"동영상:720p(HD),30fps",,,,,,,,,○,○,,,○,,○,,○,,,,3.5mm,,,,,,,,,,,,,,"2,100mAh",,,배터리탈착형,,,,,가로:71.4mm,세로:144.8mm,두께:6.9mm,무게:122g
다나와,와인 스마트 재즈,LG-F610,"
LG전자 (
							제조사 웹사이트 바로가기)
												",,출시OS: 안드로이드5.1 롤리팝,가개통/중고,,8.12cm(3.2인치),LCD,480x320,,,,,,,,,쿼드(4)코어,1.1GHz,,,,,램:1GB,내장:4GB,eMMC,MicroSD,,LTE,802.11 b/g/n,블루투스v4.0,,마이크로유심,,,후면:300만화소,전면:VGA,,,,,,,,,,,,,,,,,,,,,,3.5mm,,,,,,,,,,,,,,"1,700mAh",,,배터리탈착형,,,,,가로:58.7mm,세로:117.7mm,두께:16.6mm,
다나와,와인 스마트,LG-F480,"
LG전자 (
							제조사 웹사이트 바로가기)
												",,출시OS: 안드로이드4.4 킷캣,가개통/중고,,8.89cm(3.5인치),IPS-LCD,480x320,166ppi,,,,,,,,쿼드(4)코어,1.2GHz,,,,,램:1GB,내장:4GB,eMMC,MicroSD,,LTE,802.11 b/g/n,블루투스v4.0,,마이크로유심,,,후면:800만화소,전면:VGA,,,,,,,,,,,,,,,,,,,,,,3.5mm,,,,,,,,,,,,,,"1,700mAh",,,배터리탈착형,,,,,가로:59.4mm,세로:118.6mm,두께:16.9mm,
다나와,스마트폴더,LGM-X100,"
LG전자 (
							제조사 웹사이트 바로가기)
												",,출시OS: 안드로이드 7.1 누가,가개통/중고,,8.38cm(3.3인치),LCD,854x480,296ppi,,,63.80%,,,,스냅드래곤 212,쿼드(4)코어,1.3GHz,Adreno 304,,,,램:2GB,내장:16GB,eMMC,MicroSD,,LTE Cat.4,802.11 b/g/n,블루투스,,나노유심,,,후면:500만화소,전면:500만화소,,,,,,,,,,,,,,,,○,,,,,,3.5mm,스피커:모노(1개),,,,,,,,,,,,마이크로5핀,"1,940mAh",,,배터리탈착형,,,,,가로:58.7mm,세로:117.6mm,두께:16.9mm,무게:142g
다나와,벨벳,LM-G900,"
LG전자 (
							제조사 웹사이트 바로가기)
												",,출시OS: 안드로이드10,공기계-새제품,,17.20cm(6.8인치),OLED,2460x1080,395ppi,60Hz,20.5:9,88.60%,,,,스냅드래곤765,옥타(8)코어,2.3GHz+2.2GHz+1.8GHz,Adreno 620,,,,램:8GB,내장:128GB,UFS2.1,microSD:최대2TB,,LTE-A Cat.18,802.11 a/b/g/n/ac,블루투스v5.1,,나노유심,,,"후면:4,800만화소+800만화소+500만화소","전면:1,600만화소",동영상:2160p(UHD),,,,,F1.8,,전자식손떨림보정(EIS),○,○,○,,,,,○,,,○,,,3.5mm,스피커:스테레오(2개),,,지문인식(온스크린),,,,,LG페이,4096단계 필압(별매),IP68,,USB타입C,"4,300mAh",,,배터리일체형,최대30W,USB PD2.0/퀵차지4+,Qi무선충전: 최대10W,,가로:74.1mm,세로:167.2mm,두께:7.9mm,무게:180g
다나와,Q51,LM-Q510,"
LG전자 (
							제조사 웹사이트 바로가기)
												",,출시OS: 안드로이드9.0 파이,공기계-새제품,,16.51cm(6.5인치),IPS-LCD,1560x720,259ppi,60Hz,19:09,82.70%,,,,미디어텍MT6762,옥타(8)코어,2.0GHz,PowerVR GE8320,,,,램:3GB,내장:32GB,eMMC5.1,microSD:최대2TB,,LTE-A Cat.7,802.11 a/b/g/n/ac,블루투스v5.0,,나노유심,,,"후면:1,300만화소+500만화소+200만화소","전면:1,300만화소","동영상:1080p(FHD),30fps",,,,,,,,,○,○,,,,,○,,,○,,,3.5mm,스피커:스테레오(2개),,,지문인식(후면),,,,구글 어시스턴트,LG페이,,,,USB타입C,"4,000mAh",,,배터리일체형,,,,,가로:77.9mm,세로:166.9mm,두께:8.4mm,무게:204g
다나와,LG폴더2,LM-Y120,"
LG전자 (
							제조사 웹사이트 바로가기)
												",,출시OS: 안드로이드,가개통/중고,,7.11cm(2.8인치),IPS-LCD,320x240,143ppi,60Hz,4:03,40.90%,,,,스냅드래곤210,쿼드(4)코어,1.1GHz,Adreno 304,,,,램:1GB,내장:8GB,,MicroSD,,LTE Cat.4,802.11 b/g/n,블루투스,,나노유심,,,후면:200만화소,,,,,,,,,,,,,,,,,,,,,,,,스피커:모노(1개),,,,,,,,,,,,,"1,470mAh",,,배터리탈착형,,,,,가로:55mm,세로:107.9mm,두께:18mm,무게:127g
다나와,Q61,LM-Q630,"
LG전자 (
							제조사 웹사이트 바로가기)
												",,출시OS: 안드로이드9.0 파이,가개통/중고,,16.59cm(6.53인치),IPS-LCD,2340x1080,395ppi,60Hz,19.5:9,82.10%,,,,미디어텍MT6765,옥타(8)코어,2.3GHz+1.8GHz,PowerVR GE8320,,,,램:4GB,내장:64GB,eMMC,microSD:최대2TB,,LTE-A Cat.6,802.11 a/b/g/n/ac,블루투스v5.0,,나노유심,,,"후면:4,800만화소+800만화소+500만화소+200만화소","전면:1,600만화소","동영상:1080p(FHD),30fps",,,,,F1.8,,,,○,○,,,,,○,,,○,,,3.5mm,스피커:모노(1개),,,지문인식(후면),,,,구글 어시스턴트,LG페이,,,,USB타입C,"4,000mAh",,,배터리일체형,,,,,가로:77.5mm,세로:164.5mm,두께:8.3mm,무게:192g
다나와,Q31,LM-Q310,"
LG전자 (
							제조사 웹사이트 바로가기)
												",,출시OS: 안드로이드10,공기계-새제품,,14.47cm(5.7인치),IPS-LCD,1520x720,295ppi,60Hz,19:09,77.20%,,,,미디어텍MT6762,옥타(8)코어,2.0GHz,PowerVR GE8320,,,,램:3GB,내장:32GB,eMMC5.1,microSD:최대2TB,,LTE,802.11 b/g/n,블루투스v5.0,,나노유심,,,"후면:1,300만화소+500만화소",전면:500만화소,"동영상:1080p(FHD),30fps",,,,,F1.8,,,,○,○,,,,,○,,,○,,,3.5mm,스피커:모노(1개),,,,,,,,,,,,마이크로5핀,"3,000mAh",,,배터리일체형,,,,,가로:71mm,세로:147.9mm,두께:8.7mm,무게:145g
다나와,Q52,LM-Q520,"
LG전자 (
							제조사 웹사이트 바로가기)
												",,출시OS: 안드로이드10,공기계-새제품,,16.76cm(6.6인치),IPS-LCD,1600x720,266ppi,60Hz,20:09,83.10%,,,,미디어텍MT6765,옥타(8)코어,2.3GHz+1.8GHz,PowerVR GE8320,,,,램:4GB,내장:64GB,eMMC5.1,microSD:최대2TB,,LTE,802.11 a/b/g/n/ac,블루투스v5.0,,나노유심,,,"후면:4,800만화소+500만화소+200만화소+200만화소","전면:1,300만화소","동영상:1080p(FHD),30fps",,,,,F1.8,,,,○,○,,,,,○,,,○,,,3.5mm,스피커:모노(1개),,,지문인식(측면),,,,,LG페이,,,,USB타입C,"4,000mAh",,,배터리일체형,,,,,가로:76.7mm,세로:165mm,두께:8.4mm,무게:188g
다나와,윙,LM-F100,"
LG전자 (
							제조사 웹사이트 바로가기)
												",,출시OS: 안드로이드10,공기계-새제품,,17.20cm(6.8인치),P-OLED,2460x1080,395ppi,60Hz,20.5:9,87.00%,,,,스냅드래곤765G,옥타(8)코어,2.4GHz+2.2GHz+1.8GHz,Adreno 620,,,,램:8GB,내장:128GB,UFS,microSD:최대2TB,5G NR,LTE-A,802.11 a/b/g/n/ac,블루투스v5.1,,나노유심,,,"후면:6,400만화소+1,300만화소+1,200만화소","전면:3,200만화소",동영상:4k@30fps,,,,,F1.8,,광학식손떨림보정(OIS)+전자식손떨림보정(EIS),○,○,○,,,,,○,,,○,,,,스피커:모노(1개),,,지문인식(온스크린),,,,구글 어시스턴트,LG페이,,IP54,,USB타입C,"4,000mAh",,,배터리일체형,,퀵차지4+,Qi무선충전,,가로:74.5mm,세로:169.5mm,두께:10.9mm,무게:260g
다나와,옵티머스 뷰,LG-F100,"
LG전자 (
							제조사 웹사이트 바로가기)
												",,,가개통/중고,,,,,,,,,,,,,,,,,,,,,,,,,,,,마이크로유심,,,,,,,,,,,,,,,,,,,,,,,,,,3.5mm,,,,,,,,,,,,,,,,,,,,,,,,,
다나와,옵티머스 G,LG-F180,"
LG전자 (
							제조사 웹사이트 바로가기)
												",,출시OS: 안드로이드4.1 젤리빈,가개통/중고,,11.68cm(4.6인치),IPS-LCD,,400~500ppi,,,,,,,,쿼드(4)코어,1.5GHz,,,,,램:2GB,내장:32GB,eMMC,MicroSD,,LTE Cat.3,,블루투스v4.0,,마이크로유심,,,"후면:1,200~1,499만화소",전면:100~199만화소,"동영상:1080p(FHD),30fps",,,,,,,,,,○,,,,,○,,,,,,3.5mm,,,,,,,,,,,,,,"2,300~2,999mAh",,,배터리일체형,,,,,가로:50~80mm,세로:100~150mm,두께:7~10mm,무게:100~150g
다나와,옵티머스 뷰2,LG-F200,"
LG전자 (
							제조사 웹사이트 바로가기)
												",,,가개통/중고,,,,,,,,,,,,,,,,,,,,,,,,,,,,마이크로유심,,,,,,,,,,,,,,,,,,,,,,,,,,3.5mm,,,,,,,,,,러버듐 펜 방식,,,,,,,,,,,,,,,
다나와,옵티머스G 프로,LG-F240,"
LG전자 (
							제조사 웹사이트 바로가기)
												",,출시OS: 안드로이드4.1 젤리빈,가개통/중고,,13.97cm(5.5인치),,1920x1080,400ppi,,,,,,,,쿼드(4)코어,1.7GHz,,,,,램:2GB,내장:32GB,,MicroSD,,LTE Cat.3,,블루투스v4.0,,마이크로유심,,,후면:1300만화소,전면:210만화소,,,,,,,,,,,,,,,,○,,,,,,3.5mm,,,,,,,,,,,,,,"3,140mAh",,,배터리탈착형,,,,,가로:76.1mm,세로:150.2mm,두께:9.4mm,무게:172g
다나와,엘지 뷰3,LG-F300,"
LG전자 (
							제조사 웹사이트 바로가기)
												",,출시OS: 안드로이드4.4 킷캣,가개통/중고,,13.22cm(5.2인치),IPS-LCD,1280x960,,,,,,,,,쿼드(4)코어,2.3GHz,Adreno 330,,,,램:2GB,내장:16GB,,MicroSD,,LTE Cat.4,802.11 a/b/g/n,블루투스v4.0,,,,,,,"동영상:1080p(FHD),30fps",,,,,,,,,,,,,,,,,,,,,3.5mm,,,,,,,,,,,,,,,,,배터리탈착형,,,,,,,,
다나와,프라다폰 3.0,LG-KU5400,"
LG전자 (
							제조사 웹사이트 바로가기)
												",,,가개통/중고,,,,,,,,,,,,,,,,,,,,,,,,,,,,,,,,,,,,,,,,,,,,,,,,,,,,,,3.5mm,,,,,,,,,,,,,,,,,,,,,,,,,
다나와,옵티머스Q2,LG-LU6500,"
LG전자 (
							제조사 웹사이트 바로가기)
												",,,가개통/중고,,,,,,,,,,,,,,,,,,,,,eMMC,,,,,,,마이크로유심,,,,,,,,,,,,,,,,,,,,,,,,,,3.5mm,,,,,,,,,,,,,,,,,,,,,,,,,
다나와,Q70,LM-Q730,"
LG전자 (
							제조사 웹사이트 바로가기)
												",,출시OS: 안드로이드9.0 파이,가개통/중고,,16.25cm(6.4인치),IPS-LCD,2310x1080,398ppi,60Hz,,81.40%,,,,스냅드래곤675,옥타(8)코어,2.0GHz+1.7GHz,Adreno 612,,,,램:4GB,내장:64GB,eMMC,microSD:최대2TB,,LTE-A Cat.12,802.11 a/b/g/n/ac,블루투스v5.0,,나노유심,,,"후면:3,200만화소+1,300만화소+500만화소","전면:1,600만화소","동영상:1080p(FHD),30fps",,,,,F1.8,,,,○,○,,,,,○,,,,,,3.5mm,스피커:모노(1개),32비트 음원재생,,지문인식(후면),,,,구글 어시스턴트,LG페이,,IP68,,USB타입C,"4,000mAh",,,배터리일체형,최대15W,고속충전지원,,,가로:76.8mm,세로:162.1mm,두께:8.3mm,무게:198g
다나와,Q92,LM-Q920,"
LG전자 (
							제조사 웹사이트 바로가기)
												",,출시OS: 안드로이드10,가개통/중고,,16.94cm(6.67인치),IPS-LCD,2400x1080,395ppi,60Hz,20:09,83.50%,,,,스냅드래곤765G,옥타(8)코어,2.4GHz+2.2GHz+1.8GHz,Adreno 620,,,,램:6GB,내장:128GB,,microSD:최대2TB,5G NR,LTE-A Cat.18,802.11 a/b/g/n/ac,블루투스v5.0,,나노유심,,,"후면:4,800만화소+800만화소+500만화소+200만화소","전면:3,200만화소",동영상:4k@30fps,,,,,F1.8,,,,○,○,,,,,○,,,○,,,3.5mm,스피커:스테레오(2개),,,지문인식(측면),,,,,LG페이,,,,USB타입C,"4,000mAh",,,배터리일체형,최대15W,고속충전지원,,,가로:77.3mm,세로:166.5mm,두께:8.5mm,무게:193g
다나와,옵티머스 Z,SU950,"
LG전자 (
							제조사 웹사이트 바로가기)
												",,,가개통/중고,,,,,,,,,,,,,,,,,,,,,,,,,,,,마이크로유심,,,,,,,,,,,,,,,,,,,,,,,,,,,,,,,,,,,,,,,,,,,,,,,,,,,
다나와,옵티머스 LTE 태그,LG-F120,"
LG전자 (
							제조사 웹사이트 바로가기)
												",,,가개통/중고,,,,,,,,,,,,,,,,,,,,,,,,,,,,마이크로유심,,,,,,,,,,,,,,,,,,,,,,,,,,3.5mm,,,,,,,,,,,,,,,,,,,,,,,,,
다나와,젠틀,LG-F580,"
LG전자 (
							제조사 웹사이트 바로가기)
												",,출시OS: 안드로이드5.1 롤리팝,가개통/중고,,8.12cm(3.2인치),IPS-LCD,480x320,180ppi,,,,,,,,쿼드(4)코어,1.1GHz,,,,,램:1GB,내장:4GB,eMMC,MicroSD,,LTE,802.11 b/g/n,블루투스,,마이크로유심,,,후면:300만화소,전면:VGA,,,,,,,,,,,,,,,,,,,,,,3.5mm,스피커:모노(1개),,,,,,,,,,,,,"1,700mAh",,,배터리탈착형,,,,,가로:58.7mm,세로:117.7mm,두께:16.6mm,무게:143g
다나와,엘지 클래스,LG-F620,"
LG전자 (
							제조사 웹사이트 바로가기)
												",,,가개통/중고,,,,,,,,,,,,,,,,,,,,,,,,,,,,,,,,,,,,,,,,,,,,,,,,,,,,,,,,,,,,,,,,,,,,,,,,,,,,,,,
다나와,옵티머스블랙,LG-KU5900,"
LG전자 (
							제조사 웹사이트 바로가기)
												",,,가개통/중고,,,,,,,,,,,,,,,,,,,,,,,,,,,,마이크로유심,,,,,,,,,,,,,,,,,,,,,,,,,,3.5mm,,,,,,,,,,,,,,,,,,,,,,,,,
다나와,옵티머스 마하,LG-LU3000,"
LG전자 (
							제조사 웹사이트 바로가기)
												",,,가개통/중고,,,,,,,,,,,,,,,,,,,,,,,,,,,,마이크로유심,,,,,,,,,,,,,,,,,,,,,,,,,,3.5mm,,,,,,,,,,,,,,,,,,,,,,,,,
다나와,옵티머스빅,LG-LU6800,"
LG전자 (
							제조사 웹사이트 바로가기)
												",,,가개통/중고,,,,,,,,,,,,,,,,,,,,,,,,,,,,마이크로유심,,,,,,,,,,,,,,,,,,,,,,,,,,3.5mm,,,,,,,,,,,,,,,,,,,,,,,,,
다나와,옵티머스원,LG-SU370,"
LG전자 (
							제조사 웹사이트 바로가기)
												",,,가개통/중고,,,,,,,,,,,,,,,,,,,,,,,,,,,,마이크로유심,,,,,,,,,,,,,,,,,,,,,,,,,,3.5mm,,,,,,,,,,,,,,,,,,,,,,,,,
다나와,옵티머스2X,LG-SU660,"
LG전자 (
							제조사 웹사이트 바로가기)
												",,,가개통/중고,,,,,,,,,,,,,듀얼(2)코어,,,,,,,,,,,,,,,마이크로유심,,,,,,,,,,,,,,,,,,,,,,,,,,3.5mm,,,,,,,,,,,,,,,,,,,,,,,,,
다나와,옵티머스3D,LG-SU760,"
LG전자 (
							제조사 웹사이트 바로가기)
												",,,가개통/중고,,,,,,,,,,,,,,,,,,,,,,,,,,,,마이크로유심,,,,,,,,,,,,,,,,,,,,,,,,,,3.5mm,,,,,,,,,,,,,,,,,,,,,,,,,
다나와,옵티머스 3D 큐브,LG-SU870,"
LG전자 (
							제조사 웹사이트 바로가기)
												",,,가개통/중고,,,,,,,,,,,,,,,,,,,,,,,,,,,,마이크로유심,,,,,,,,,,,,,,,,,,,,,,,,,,3.5mm,,,,,,,,,,,,,,,,,,,,,,,,,
다나와,옵티머스EX,LG-SU880,"
LG전자 (
							제조사 웹사이트 바로가기)
												",,,통신사가입-SKT,,,,,,,,,,,,,,,,,,,,,,,,,,,,마이크로유심,,,,,,,,,,,,,,,,,,,,,,,,,,3.5mm,,,,,,,,,,,,,,,,,,,,,,,,,
다나와,Q7,LM-Q720,"
LG전자 (
							제조사 웹사이트 바로가기)
												",,출시OS: 안드로이드8.0 오레오,가개통/중고,,13.97cm(5.5인치),IPS-LCD,2160x1080,442ppi,60Hz,18:09,77.30%,,,,스냅드래곤450,옥타(8)코어,1.8GHz,Adreno 506,,,,램:3GB,내장:32GB,,microSD:최대2TB,,LTE-A Cat.6,802.11 b/g/n,블루투스v4.2,,나노유심,,,"후면:1,300만화소",전면:500만화소,"동영상:1080p(FHD),30fps",,,,,F1.9,,,,○,○,,,○,,○,,○,,,,3.5mm,스피커:모노(1개),24비트 음원재생,,지문인식(후면),,,,구글 어시스턴트,LG페이,,,,USB타입C,"3,000mAh",,,배터리일체형,,퀵차지3.0,,,가로:69.3mm,세로:143.8mm,두께:8.4mm,무게:145g
다나와,갤럭시 A90 5G,SM-A908,"
삼성전자 (
							제조사 웹사이트 바로가기)
												",,출시OS: 안드로이드9.0 파이,가개통/중고,,17.02cm(6.7인치),S-AMOLED,2400x1080,393ppi,60Hz,20:09,85.80%,,,,스냅드래곤855,옥타(8)코어,2.8GHz+2.4GHz+1.7GHz,Adreno 640,,,,램:6GB,내장:128GB,,microSD:최대512GB,5G NR,LTE-A Cat.20,802.11 a/b/g/n/ac,블루투스v5.0,,나노유심,,,"후면:4,800만화소+800만화소+500만화소","전면:3,200만화소",동영상:4k@30fps,,,,,F2.0,,전자식손떨림보정(EIS),○,○,○,,,,,○,,,,,,,스피커:모노(1개),,,지문인식(온스크린),얼굴인식,,,빅스비,삼성페이,,,,USB타입C,"4,500mAh",,,배터리일체형,최대25W,고속충전지원,,,가로:76.4mm,세로:164.8mm,두께:8.4mm,무게:206g
다나와,갤럭시 A50,SM-A505,"
삼성전자 (
							제조사 웹사이트 바로가기)
												",,출시OS: 안드로이드9.0 파이,가개통/중고,,16.25cm(6.4인치),S-AMOLED,2340x1080,403ppi,60Hz,19.5:9,84.90%,,,,엑시노스9610,옥타(8)코어,2.3GHz+1.7GHz,Mali G72,,,,램:4GB,내장:64GB,,microSD:최대512GB,,LTE-A Cat.12,802.11 a/b/g/n/ac,블루투스v5.0,,나노유심,,,"후면:2,500만화소+800만화소+500만화소","전면:2,500만화소","동영상:1080p(FHD),30fps",,,,,F1.7,,,,○,○,,,,,○,,,,,,3.5mm,스피커:모노(1개),,,지문인식(온스크린),얼굴인식,,,빅스비,삼성페이,,,,USB타입C,"4,000mAh",,,배터리일체형,최대15W,고속충전지원,,,가로:74.7mm,세로:158.5mm,두께:7.7mm,무게:166g
다나와,갤럭시 A40,SM-A405,"
삼성전자 (
							제조사 웹사이트 바로가기)
												",,출시OS: 안드로이드9.0 파이,가개통/중고,,14.99cm(5.9인치),S-AMOLED,2340x1080,437ppi,60Hz,19.5:9,85.50%,,,,엑시노스7904,옥타(8)코어,1.7GHz+1.6GHz,Mali G71,,,,램:4GB,내장:64GB,,microSD:최대512GB,,LTE-A Cat.12,802.11 a/b/g/n/ac,블루투스v5.0,,나노유심,,,"후면:1,600만화소+500만화소","전면:2,500만화소","동영상:1080p(FHD),30fps",,,,,F1.7,,,,○,○,,,,,○,,,,,,3.5mm,스피커:모노(1개),,,지문인식(후면),,,,,,,,,USB타입C,"3,100mAh",,,배터리일체형,최대15W,고속충전지원,,,가로:69.2mm,세로:144.3mm,두께:7.9mm,
다나와,갤럭시 A30,SM-A305,"
삼성전자 (
							제조사 웹사이트 바로가기)
												",,출시OS: 안드로이드9.0 파이,가개통/중고,,16.25cm(6.4인치),S-AMOLED,2340x1080,403ppi,60Hz,19.5:9,84.90%,,,,엑시노스7904,옥타(8)코어,1.8GHz+1.6GHz,Mali G71,,,,램:3GB,내장:32GB,,microSD:최대512GB,,LTE-A Cat.12,802.11 a/b/g/n/ac,블루투스v5.0,,나노유심,,,"후면:1,600만화소+500만화소","전면:1,600만화소","동영상:1080p(FHD),30fps",,,,,F1.7,,,,○,○,,,,,○,,,,,,3.5mm,스피커:모노(1개),,,지문인식(후면),얼굴인식,,,"빅스비(홈, 리마인더)",삼성페이,,,,USB타입C,"4,000mAh",,,배터리일체형,최대15W,USB PD2.0,,,가로:74.5mm,세로:158.5mm,두께:7.7mm,무게:168g
다나와,갤럭시 와이드4,SM-A205,"
삼성전자 (
							제조사 웹사이트 바로가기)
												",,출시OS: 안드로이드9.0 파이,가개통/중고,,16.25cm(6.4인치),S-AMOLED,1560x720,268ppi,60Hz,19.5:9,85%,,,,엑시노스7884,옥타(8)코어,1.6GHz+1.35GHz,Mali G71,,,,램:3GB,내장:32GB,,microSD:최대512GB,,LTE-A Cat.12,802.11 b/g/n,블루투스v5.0,,나노유심,,,"후면:1,300만화소+500만화소",전면:800만화소,"동영상:1080p(FHD),30fps",,,,,F1.9,,,,○,○,,,,,○,,,,,,3.5mm,스피커:모노(1개),,,지문인식(후면),,,,,,,,,USB타입C,"4,000mAh",,,배터리일체형,최대15W,고속충전지원,,,가로:74.7mm,세로:158.4mm,두께:7.8mm,무게:169g
다나와,갤럭시 A9 Pro,SM-G887,"
삼성전자 (
							제조사 웹사이트 바로가기)
												",,출시OS: 안드로이드8.1 오레오,가개통/중고,,16.25cm(6.4인치),PLS-LCD,2340x1080,403ppi,,19.5:9,84.70%,,,,스냅드래곤710,옥타(8)코어,2.2GHz+1.7GHz,Adreno 616,,,,램:6GB,내장:128GB,,MicroSD 미지원,,LTE-A Cat.15,802.11 a/b/g/n/ac,블루투스v5.0,,나노유심,,,"후면:2,400만화소+1,000만화소+500만화소","전면:2,400만화소","동영상:2160p(UHD),30fps",,,,,F1.7,,,,○,○,,,,,○,,,,,,,스피커:모노(1개),24비트 음원재생,,지문인식,얼굴인식,,,빅스비,,,,,USB타입C,"3,400mAh",,,배터리일체형,최대18W,고속충전지원,,,가로:74.9mm,세로:158.4mm,두께:7.4mm,무게:173g
다나와,갤럭시 A8 Star,SM-G885,"
삼성전자 (
							제조사 웹사이트 바로가기)
												",,출시OS: 안드로이드8.0 오레오,가개통/중고,,16.00cm(6.3인치),S-AMOLED,2220x1080,392ppi,,18.5:9,80.60%,,,,스냅드래곤660,옥타(8)코어,2.2GHz+1.8GHz,Adreno 512,,,,램:4GB,내장:64GB,,microSD:최대512GB,,LTE-A Cat.11,802.11 a/b/g/n/ac,블루투스v5.0,,나노유심,,,"후면:2,400만화소+1,600만화소","전면:2,400만화소","동영상:2160p(UHD),30fps",,,,,F1.7,,,,○,○,,,○,,○,,○,,,,3.5mm,스피커:모노(1개),24비트 음원재생,,지문인식,,,,,,,,,USB타입C,"3,700mAh",,,배터리일체형,,,,,가로:77mm,세로:162.4mm,두께:7.6mm,무게:191g
다나와,갤럭시 A9 2018,SM-A920,"
삼성전자 (
							제조사 웹사이트 바로가기)
												",,출시OS: 안드로이드8.0 오레오,가개통/중고,,16.00cm(6.3인치),S-AMOLED,2220x1080,392ppi,,18.5:9,80.50%,,,,스냅드래곤660,옥타(8)코어,2.2GHz+1.8GHz,Adreno 512,,,,램:6GB,내장:128GB,,microSD:최대512GB,,LTE-A Cat.9,802.11 a/b/g/n/ac,블루투스v5.0,,나노유심,,,"후면:2,400만화소+1,000만화소+800만화소+500만화소","전면:2,400만화소","동영상:2160p(UHD),30fps",,,,,F1.7,,,,○,○,,○,,,○,,,,,,3.5mm,스피커:모노(1개),24비트 음원재생,,지문인식,,,,빅스비,,,,,USB타입C,"3,800mAh",,,배터리일체형,최대18W,고속충전지원,,,가로:77mm,세로:162.5mm,두께:7.8mm,무게:183g
다나와,갤럭시 A8 2018,SM-A530,"
삼성전자 (
							제조사 웹사이트 바로가기)
												",,출시OS: 안드로이드 7.1.1,가개통/중고,,14.19cm(5.6인치),AMOLED,2220x1080,441ppi,,18.5:9,75.60%,,,,엑시노스 7885,옥타(8)코어,2.2GHz+1.6GHz,,,,,램:4GB,내장:32GB,eMMC,microSD:최대256GB,,LTE-A Cat.12,802.11 a/b/g/n/ac,블루투스v5.0,,나노유심,,,"후면:1,600만화소","전면:1,600만화소+800만화소","동영상:1080p(FHD),30fps",,,,,F1.7,,,,○,○,,,○,,○,,○,,,,3.5mm,스피커:스테레오(2개),,,지문인식(후면),,,,,삼성페이,,IP68,,USB타입C,"3,000mAh",,,배터리일체형,최대18W,어댑티브패스트차징2.0,,,가로:70.6mm,세로:149.2mm,두께:8.4mm,무게:172g
다나와,갤럭시 A6 2018,SM-A600,"
삼성전자 (
							제조사 웹사이트 바로가기)
												",,출시OS: 안드로이드8.0 오레오,가개통/중고,,14.19cm(5.6인치),S-AMOLED,1480x720,294ppi,,18.5:9,75%,,,,엑시노스7870,옥타(8)코어,1.6GHz,Mali T830,,,,램:3GB,내장:32GB,,microSD:최대256GB,,LTE-A Cat.6,802.11 a/b/g/n,블루투스v4.2,,나노유심,,,"후면:1,600만화소","전면:1,600만화소","동영상:1080p(FHD),30fps",,,,,F1.7,,,,○,○,,,○,,○,,○,,,,3.5mm,스피커:모노(1개),24비트 음원재생,,지문인식,얼굴인식,,,빅스비,,,,,마이크로5핀,"3,000mAh",,,배터리일체형,,,,,가로:70.8mm,세로:149.9mm,두께:7.7mm,
다나와,갤럭시 A7 2018,SM-A750,"
삼성전자 (
							제조사 웹사이트 바로가기)
												",,출시OS: 안드로이드8.0 오레오,가개통/중고,,15.24cm(6.0인치),S-AMOLED,2220x1080,411ppi,,18.5:9,74.40%,,,,엑시노스7885,옥타(8)코어,2.2GHz+1.6GHz,Mali G71,,,,램:4GB,내장:64GB,,microSD:최대512GB,,LTE-A Cat.6,802.11 a/b/g/n/ac,블루투스v5.0,,나노유심,,,"후면:2,400만화소+800만화소+500만화소","전면:2,400만화소","동영상:1080p(FHD),30fps",,,,,F1.7,,,,○,○,,,,,○,,,,,,3.5mm,스피커:모노(1개),24비트 음원재생,,지문인식,,,,"빅스비(홈, 리마인더, 비전)",,,,,마이크로5핀,"3,300mAh",,,배터리일체형,,,,,가로:76.8mm,세로:159.8mm,두께:7.5m,무게:168g
다나와,갤럭시 A5 2017,SM-A520,"
삼성전자 (
							제조사 웹사이트 바로가기)
												",,출시OS: 안드로이드6.0 마쉬멜로우,가개통/중고,,13.22cm(5.2인치),AMOLED,1920x1080,424ppi,,16:09,81.20%,,,,엑시노스7 7880,옥타(8)코어,1.9GHz,Mali T830,,,,램:3GB,내장:32GB,eMMC,microSD:최대256GB,,LTE-A Cat.6,802.11 a/b/g/n/ac,블루투스v4.2,,나노유심,,,"후면:1,600만화소","전면:1,600만화소","동영상:1080p(FHD),30fps",,,,,F1.9,,,,○,○,,,○,,○,,○,,,,3.5mm,스피커:모노(1개),,,지문인식,,,,,삼성페이,,IP68,,USB타입C,"3,000mAh",,,배터리일체형,,,,,가로:71.4mm,세로:146.1mm,두께:7.9mm,무게:159g
다나와,갤럭시 A8 2016,SM-A810,"
삼성전자 (
							제조사 웹사이트 바로가기)
												",,출시OS: 안드로이드6.0 마쉬멜로우,가개통/중고,,14.47cm(5.7인치),AMOLED,1920x1080,386ppi,,,83%,,,,엑시노스7 7420,옥타(8)코어,2.1GHz,Mali T760,,,,램:3GB,내장:32GB,UFS,MicroSD,,LTE-A Cat.6,802.11 b/g/n/ac,블루투스v4.2,,나노유심,,,"후면:1,600만화소",전면:800만화소,"동영상:1080p(FHD),30fps",,,,,F1.9,,,,○,○,,,○,,○,,○,,,,3.5mm,,,,지문인식,,,,,삼성페이,,,,,"3,300mAh",,,배터리일체형,,퀄컴퀵차지2.0,,,가로:76.8mm,세로:156.6mm,두께:7.2mm,무게:182g
다나와,갤럭시 A3 2016,SM-A310,"
삼성전자 (
							제조사 웹사이트 바로가기)
												",,출시OS: 안드로이드5.1 롤리팝,가개통/중고,,11.93cm(4.7인치),AMOLED,1280x720,312ppi,,16:09,81.60%,,,,,쿼드(4)코어,1.5GHz,,,,,램:1.5GB,내장:16GB,eMMC,microSD:최대128GB,,LTE-A,802.11 b/g/n,블루투스v4.1,,나노유심,,,"후면:1,300만화소",전면:500만화소,"동영상:1080p(FHD),30fps",,,,,,,,,,○,,,○,,,,○,,,,3.5mm,,,,,,,,,,,,,,"2,300mAh",,,배터리일체형,,,,,가로:65.2mm,세로:134.5mm,두께:7.3mm,무게:132g
다나와,갤럭시 A5 2016,SM-A510,"
삼성전자 (
							제조사 웹사이트 바로가기)
												",,출시OS: 안드로이드5.1 롤리팝,가개통/중고,,13.22cm(5.2인치),AMOLED,1920x1080,424ppi,,16:09,81.90%,,,,엑시노스7 7580,옥타(8)코어,1.6GHz,Mali T720,,,,램:2GB,내장:16GB,eMMC,MicroSD,,LTE-A Cat.6,802.11 b/g/n,블루투스v4.1,,나노유심,,,"후면:1,300만화소",전면:500만화소,"동영상:1080p(FHD),30fps",,,,,,,광학식손떨림보정(OIS),○,,○,,,○,,,,○,,,,3.5mm,,,,지문인식,,,,,삼성페이,,,,,"2,900mAh",,,배터리일체형,,,,,가로:71mm,세로:144.8mm,두께:7.3mm,무게:155g
다나와,갤럭시 A7 2016,SM-A710,"
삼성전자 (
							제조사 웹사이트 바로가기)
												",,출시OS: 안드로이드5.1 롤리팝,가개통/중고,,13.97cm(5.5인치),AMOLED,1920x1080,401ppi,,16:09,82.80%,,,,엑시노스7 7580,옥타(8)코어,1.6GHz,Mali T720,,,,램:3GB,내장:16GB,eMMC,MicroSD,,LTE-A Cat.6,802.11 a/b/g/n,블루투스v4.1,,나노유심,,,"후면:1,300만화소",전면:500만화소,"동영상:1080p(FHD),30fps",,,,,,,광학식손떨림보정(OIS),○,,○,,,○,,,,○,,,,3.5mm,,,,지문인식,,,,,삼성페이,,,,,"3,300mAh",,,배터리일체형,,,,,가로:74.1mm,세로:151.5mm,두께:7.3mm,무게:172g
다나와,갤럭시 A8,SM-A800,"
삼성전자 (
							제조사 웹사이트 바로가기)
												",,출시OS: 안드로이드 7.1.1,가개통/중고,,14.19cm(5.6인치),AMOLED,2220x1080,441ppi,,18.5:9,75.60%,,,,엑시노스 7885,옥타(8)코어,2.2GHz+1.6GHz,,,,,램:4GB,내장:32GB,eMMC,microSD:최대256GB,,LTE-A Cat.12,802.11 a/b/g/n/ac,블루투스v5.0,,나노유심,,,"후면:1,600만화소","전면:1,600만화소+800만화소","동영상:1080p(FHD),30fps",,,,,F1.7,,,,○,○,,,○,,○,,○,,,,3.5mm,스피커:스테레오(2개),,,지문인식(후면),,,,,삼성페이,,IP68,,USB타입C,"3,000mAh",,,배터리일체형,최대18W,어댑티브패스트차징2.0,,,가로:70.6mm,세로:149.2mm,두께:8.4mm,무게:172g
다나와,갤럭시 A5,SM-A500,"
삼성전자 (
							제조사 웹사이트 바로가기)
												",,출시OS: 안드로이드6.0 마쉬멜로우,가개통/중고,,13.22cm(5.2인치),AMOLED,1920x1080,424ppi,,16:09,81.20%,,,,엑시노스7 7880,옥타(8)코어,1.9GHz,Mali T830,,,,램:3GB,내장:32GB,eMMC,microSD:최대256GB,,LTE-A Cat.6,802.11 a/b/g/n/ac,블루투스v4.2,,나노유심,,,"후면:1,600만화소","전면:1,600만화소","동영상:1080p(FHD),30fps",,,,,F1.9,,,,○,○,,,○,,○,,○,,,,3.5mm,스피커:모노(1개),,,지문인식,,,,,삼성페이,,IP68,,USB타입C,"3,000mAh",,,배터리일체형,,,,,가로:71.4mm,세로:146.1mm,두께:7.9mm,무게:159g
다나와,갤럭시 A3,SM-A300,"
삼성전자 (
							제조사 웹사이트 바로가기)
												",,출시OS: 안드로이드5.1 롤리팝,가개통/중고,,11.93cm(4.7인치),AMOLED,1280x720,312ppi,,16:09,81.60%,,,,,쿼드(4)코어,1.5GHz,,,,,램:1.5GB,내장:16GB,eMMC,microSD:최대128GB,,LTE-A,802.11 b/g/n,블루투스v4.1,,나노유심,,,"후면:1,300만화소",전면:500만화소,"동영상:1080p(FHD),30fps",,,,,,,,,,○,,,○,,,,○,,,,3.5mm,,,,,,,,,,,,,,"2,300mAh",,,배터리일체형,,,,,가로:65.2mm,세로:134.5mm,두께:7.3mm,무게:132g
다나와,갤럭시 A7,SM-A700,"
삼성전자 (
							제조사 웹사이트 바로가기)
												",,출시OS: 안드로이드8.0 오레오,가개통/중고,,15.24cm(6.0인치),S-AMOLED,2220x1080,411ppi,,18.5:9,74.40%,,,,엑시노스7885,옥타(8)코어,2.2GHz+1.6GHz,Mali G71,,,,램:4GB,내장:64GB,,microSD:최대512GB,,LTE-A Cat.6,802.11 a/b/g/n/ac,블루투스v5.0,,나노유심,,,"후면:2,400만화소+800만화소+500만화소","전면:2,400만화소","동영상:1080p(FHD),30fps",,,,,F1.7,,,,○,○,,,,,○,,,,,,3.5mm,스피커:모노(1개),24비트 음원재생,,지문인식,,,,"빅스비(홈, 리마인더, 비전)",,,,,마이크로5핀,"3,300mAh",,,배터리일체형,,,,,가로:76.8mm,세로:159.8mm,두께:7.5m,무게:168g
다나와,갤럭시 J2 Pro,SM-J250,"
삼성전자 (
							제조사 웹사이트 바로가기)
												",,출시OS: 안드로이드7.1 누가,해외구매-새제품,,12.70cm(5.0인치),S-AMOLED,960x540,220ppi,,16:09,66.30%,,,,스냅드래곤425,쿼드(4)코어,1.4GHz,Adreno 308,,,,램:1.5GB,내장:16GB,,MicroSD,,LTE Cat.4,802.11 b/g/n,블루투스v4.2,,나노유심,듀얼유심지원,,후면:800만화소,전면:500만화소,,,,,,F2.2,,,,○,,,,,,○,,,,,,3.5mm,스피커:모노(1개),,,,,,,,,,,,마이크로5핀,"2,600mAh",,,배터리탈착형,,,,,가로:72.3mm,세로:143.8mm,두께:8.4mm,무게:153g
다나와,갤럭시 J3 2017,SM-J330,"
삼성전자 (
							제조사 웹사이트 바로가기)
												",,출시OS: 안드로이드 7.0 누가,가개통/중고,,12.70cm(5.0인치),LCD,1280x720,294ppi,,16:09,79.60%,,,,엑시노스 7 7570,쿼드(4)코어,1.4GHz,Mali T720,,,,램:2GB,내장:16GB,eMMC,MicroSD,,LTE Cat.4,802.11 b/g/n,블루투스v4.2,,나노유심,,,"후면:1,300만화소",전면:500만화소,"동영상:1080p(FHD),30fps",,,,,F1.9,,,,○,○,,,○,,○,,○,,,,3.5mm,스피커:모노(1개),,,,,,,,,,,,마이크로5핀,"2,400mAh",,,배터리일체형,,,,,가로:70.3mm,세로:143.2mm,두께:8.2mm,무게:142g
다나와,갤럭시 J5 2017,SM-J530,"
삼성전자 (
							제조사 웹사이트 바로가기)
												",,출시OS: 안드로이드7.0 누가,가개통/중고,,13.22cm(5.2인치),AMOLED,1280x720,282ppi,,16:09,81.20%,,,,엑시노스7 7870,옥타(8)코어,1.6GHz,Mali T830,,,,램:2GB,내장:32GB,eMMC,MicroSD,,LTE-A Cat.6,802.11 a/b/g/n/ac,블루투스v4.1,,나노유심,,,"후면:1,300만화소","전면:1,300만화소","동영상:1080p(FHD),30fps",,,,,F1.7,,,,○,○,,,○,,○,,○,,,,3.5mm,스피커:모노(1개),,,지문인식,,,,,삼성페이,,,,마이크로5핀,"3,000mAh",,,배터리일체형,,,,,가로:71.3mm,세로:146.2mm,두께:8.0mm,무게:160g
다나와,갤럭시 J7 2017,SM-J730,"
삼성전자 (
							제조사 웹사이트 바로가기)
												",,출시OS: 안드로이드 7.0 누가,가개통/중고,,13.97cm(5.5인치),AMOLED,1920x1080,401ppi,,16:09,82.20%,,,,엑시노스 7 7870(64bit),옥타(8)코어,1.6GHz,Mali T830,,,,램:3GB,내장:32GB,eMMC,MicroSD,,LTE-A Cat.6,802.11 a/b/g/n/ac,블루투스v4.1,,나노유심,,,"후면:1,300만화소","전면:1,300만화소","동영상:1080p(FHD),30fps",,,,,F1.7,,,,○,○,,,○,,○,,○,,,,3.5mm,스피커:모노(1개),,,지문인식,,,,,삼성페이,,IP54,,마이크로5핀,"3,600mAh",,,배터리일체형,,,,,가로:74.8mm,세로:152.5mm,두께:8mm,무게:181g
다나와,갤럭시 J3 2016,SM-J320,"
삼성전자 (
							제조사 웹사이트 바로가기)
												",,출시OS: 안드로이드5.1 롤리팝,가개통/중고,,12.70cm(5.0인치),AMOLED,1280x720,294ppi,,16:09,79.90%,,,,스냅드래곤410,쿼드(4)코어,1.2GHz,Adreno 306,,,,램:1.5GB,내장:8GB,eMMC,MicroSD,,LTE Cat.4,802.11 b/g/n,블루투스v4.1,,,,,후면:800만화소,전면:500만화소,"동영상:1080p(FHD),30fps",,,,,,,,,○,○,,,○,,○,,○,,,,3.5mm,,,,,,,,,,,,,,"2,600mAh",,,배터리탈착형,,,,,가로:71mm,세로:142.3mm,두께:7.9mm,무게:138g
다나와,갤럭시 J7 2016,SM-J710,"
삼성전자 (
							제조사 웹사이트 바로가기)
												",,출시OS: 안드로이드6.0 마쉬멜로우,가개통/중고,,13.97cm(5.5인치),AMOLED,1280x720,267ppi,,16:09,82.30%,,,,엑시노스7 7870,옥타(8)코어,1.6GHz,Mali T830,,,,램:2GB,내장:16GB,eMMC,MicroSD,,LTE-A Cat.6,802.11 b/g/n,블루투스v4.1,,마이크로유심,,,"후면:1,300만화소 (F1.9)",전면:500만화소 (F1.9),"동영상:1080p(FHD),30fps",,,,,,,,,○,○,,,○,,○,,○,,,,3.5mm,,,,,,,,,,,,,,"3,300mAh",,,배터리탈착형,,,,,가로:76mm,세로:151.7mm,두께:7.8mm,무게:169g
다나와,갤럭시 J5 2016,SM-J510,"
삼성전자 (
							제조사 웹사이트 바로가기)
												",,출시OS: 안드로이드5.1 롤리팝,가개통/중고,,13.22cm(5.2인치),AMOLED,1280x720,282ppi,,16:09,81.20%,,,,,쿼드(4)코어,1.2GHz,,,,,램:2GB,내장:16GB,eMMC,MicroSD,,LTE-A,802.11 b/g/n,블루투스v4.1,,마이크로유심,,,"후면:1,300만화소",전면:500만화소,"동영상:1080p(FHD),30fps",,,,,,,,,○,○,,,○,,○,,○,,,,3.5mm,,,,,,,,,,,,,,"3,100mAh",,,,,,,,가로:72.3mm,세로:145.8mm,두께:8.1mm,무게:159g
다나와,갤럭시 J7,SM-J700,"
삼성전자 (
							제조사 웹사이트 바로가기)
												",,출시OS: 안드로이드 7.0 누가,가개통/중고,,13.97cm(5.5인치),AMOLED,1920x1080,401ppi,,16:09,82.20%,,,,엑시노스 7 7870(64bit),옥타(8)코어,1.6GHz,Mali T830,,,,램:3GB,내장:32GB,eMMC,MicroSD,,LTE-A Cat.6,802.11 a/b/g/n/ac,블루투스v4.1,,나노유심,,,"후면:1,300만화소","전면:1,300만화소","동영상:1080p(FHD),30fps",,,,,F1.7,,,,○,○,,,○,,○,,○,,,,3.5mm,스피커:모노(1개),,,지문인식,,,,,삼성페이,,IP54,,마이크로5핀,"3,600mAh",,,배터리일체형,,,,,가로:74.8mm,세로:152.5mm,두께:8mm,무게:181g
다나와,갤럭시 J6,SM-J600,"
삼성전자 (
							제조사 웹사이트 바로가기)
												",,출시OS: 안드로이드8.0 오레오,가개통/중고,,14.19cm(5.6인치),S-AMOLED,1480x720,294ppi,,18.5:9,75.90%,,,,엑시노스7870 Octa,옥타(8)코어,1.6GHz,Mali T830,,,,램:2GB,내장:32GB,,microSD:최대256GB,,LTE Cat.4,802.11 b/g/n,블루투스v4.2,,나노유심,,,"후면:1,300만화소",전면:800만화소,"동영상:1080p(FHD),30fps",,,,,F1.9,,,,○,○,,,○,,○,,○,,,,3.5mm,스피커:모노(1개),24비트 음원재생,,지문인식,,,,,,,,,마이크로5핀,"3,000mAh",,,배터리일체형,,,,,가로:70.2mm,세로:149.3mm,두께:8.2mm,무게:154g
다나와,갤럭시 J5,SM-J500,"
삼성전자 (
							제조사 웹사이트 바로가기)
												",,출시OS: 안드로이드7.0 누가,가개통/중고,,13.22cm(5.2인치),AMOLED,1280x720,282ppi,,16:09,81.20%,,,,엑시노스7 7870,옥타(8)코어,1.6GHz,Mali T830,,,,램:2GB,내장:32GB,eMMC,MicroSD,,LTE-A Cat.6,802.11 a/b/g/n/ac,블루투스v4.1,,나노유심,,,"후면:1,300만화소","전면:1,300만화소","동영상:1080p(FHD),30fps",,,,,F1.7,,,,○,○,,,○,,○,,○,,,,3.5mm,스피커:모노(1개),,,지문인식,,,,,삼성페이,,,,마이크로5핀,"3,000mAh",,,배터리일체형,,,,,가로:71.3mm,세로:146.2mm,두께:8.0mm,무게:160g
다나와,갤럭시 J4 Plus,SM-J415,"
삼성전자 (
							제조사 웹사이트 바로가기)
												",,출시OS: 안드로이드8.1 오레오,가개통/중고,,15.24cm(6.0인치),IPS-LCD,1480x720,274ppi,,18.5:9,73.60%,,,,스냅드래곤425,쿼드(4)코어,1.4GHz,Adreno 308,,,,램:3GB,내장:32GB,,microSD:최대512GB,,LTE Cat.4,802.11 b/g/n,블루투스v4.2,,나노유심,,,"후면:1,300만화소",전면:500만화소,"동영상:1080p(FHD),30fps",,,,,F1.9,,,,○,○,,,,,○,,,,,,3.5mm,스피커:모노(1개),24비트 음원재생,,,얼굴인식,,,,,,,,마이크로5핀,"3,300mAh",,,배터리일체형,,,,,가로:76.9mm,세로:161.4mm,두께:7.9mm,무게:178g
다나와,갤럭시S10 5G,SM-G977,"
삼성전자 (
							제조사 웹사이트 바로가기)
												",,출시OS: 안드로이드9.0 파이,가개통/중고,,17.02cm(6.7인치),D-AMOLED,3040x1440,505ppi,60Hz,19:09,89.40%,,,HDR10+,엑시노스9820,옥타(8)코어,2.7GHz+2.3GHz+1.9GHz,Mali G76,,,,램:8GB,내장:256GB,UFS2.1,MicroSD 미지원,5G NR,LTE-A Cat.20,802.11 a/b/g/n/ac/ax,블루투스v5.0,,나노유심,,,"후면:1,600만화소+1,200만화소+1,200만화소","전면:1,000만화소",동영상:4K@60fps,,,,,F1.5,,광학식손떨림보정(듀얼OIS),,○,○,,○,,,○,,,,○,○,3.5mm,스피커:스테레오(2개),32비트 음원재생,,지문인식(온스크린),얼굴인식,,,빅스비,삼성페이,,IP68,,USB타입C,"4,500mAh",,,배터리일체형,최대25W,USB PD3.0,Qi무선충전: 최대12W,,가로:77.1mm,세로:162.6mm,두께:7.94mm,무게:198g
다나와,갤럭시S10e,SM-G970,"
삼성전자 (
							제조사 웹사이트 바로가기)
												",,출시OS: 안드로이드9.0 파이,가개통/중고,,14.73cm(5.8인치),D-AMOLED,2280x1080,438ppi,60Hz,19:09,83.30%,,,HDR10+,엑시노스9820,옥타(8)코어,2.7GHz+2.3GHz+1.9GHz,Mali G76,,,,램:6GB,내장:128GB,UFS2.1,microSD:최대512GB,,LTE-A Cat.20,802.11 a/b/g/n/ac/ax,블루투스v5.0,,나노유심,,,"후면:1,600만화소+1,200만화소","전면:1,000만화소",동영상:4K@60fps,,,,,F1.5,,광학식손떨림보정(OIS),,○,○,,,,,○,,,,,○,3.5mm,스피커:스테레오(2개),32비트 음원재생,,지문인식(측면),얼굴인식,,,빅스비,삼성페이,,IP68,,USB타입C,"3,100mAh",,,배터리일체형,최대15W,USB PD2.0,Qi무선충전: 최대12W,,가로:69.9mm,세로:142.2mm,두께:7.9mm,무게:150g
다나와,갤럭시S10,SM-G973,"
삼성전자 (
							제조사 웹사이트 바로가기)
												",,출시OS: 안드로이드9.0 파이,가개통/중고,,15.49cm(6.1인치),D-AMOLED,3040x1440,550ppi,60Hz,19:09,88.30%,,,HDR10+,엑시노스9820,옥타(8)코어,2.7GHz+2.3GHz+1.9GHz,Mali G76,,,,램:8GB,내장:128GB,UFS2.1,microSD:최대512GB,,LTE-A Cat.20,802.11 a/b/g/n/ac/ax,블루투스v5.0,,나노유심,,,"후면:1,600만화소+1,200만화소+1,200만화소","전면:1,000만화소",동영상:4K@60fps,,,,,F1.5,,광학식손떨림보정(듀얼OIS),,○,○,,○,,,○,,,,,○,3.5mm,스피커:스테레오(2개),32비트 음원재생,,지문인식(온스크린),얼굴인식,,,빅스비,삼성페이,,IP68,,USB타입C,"3,400mAh",,,배터리일체형,최대15W,USB PD2.0,Qi무선충전: 최대12W,,가로:70.4mm,세로:149.9mm,두께:7.8mm,무게:157g
다나와,갤럭시S10 Plus,SM-G975,"
삼성전자 (
							제조사 웹사이트 바로가기)
												",,출시OS: 안드로이드9.0 파이,가개통/중고,,16.25cm(6.4인치),D-AMOLED,3040x1440,522ppi,60Hz,19:09,87.50%,,,HDR10+,엑시노스9820,옥타(8)코어,2.7GHz+2.3GHz+1.9GHz,Mali G76,,,,램:8GB,내장:128GB,UFS2.1,microSD:최대512GB,,LTE-A Cat.20,802.11 a/b/g/n/ac/ax,블루투스v5.0,,나노유심,,,"후면:1,600만화소+1,200만화소+1,200만화소","전면:1,000만화소+800만화소",동영상:4K@60fps,,,,,F1.5,,광학식손떨림보정(듀얼OIS),,○,○,,○,,,○,,,,,○,3.5mm,스피커:스테레오(2개),32비트 음원재생,,지문인식(온스크린),얼굴인식,,,빅스비,삼성페이,,IP68,,USB타입C,"4,100mAh",,,배터리일체형,최대15W,USB PD2.0,Qi무선충전: 최대12W,,가로:74.1mm,세로:157.6mm,두께:7.8mm,무게:175g
다나와,갤럭시S9,SM-G960,"
삼성전자 (
							제조사 웹사이트 바로가기)
												",,출시OS: 안드로이드 8.0 오레오,가개통/중고,,14.73cm(5.8인치),S-AMOLED,2960x1440,570ppi,60Hz,18.5:9,83.60%,,,,엑시노스9 9810,옥타(8)코어,2.7GHz+1.7GHz,Mali G72,,,,램:4GB,내장:64GB,UFS2.1,microSD:최대400GB,,LTE-A Cat.18,802.11 a/b/g/n/ac,블루투스v5.0,,나노유심,,,"후면:1,200만화소",전면:800만화소,"동영상:2160p(UHD),60fps",,,,,F1.5,,광학식손떨림보정(OIS),○,○,○,,,○,,○,,○,,,,3.5mm,스피커:스테레오(2개),32비트 음원재생,,지문인식(후면),얼굴인식,지원,,빅스비,삼성페이,,IP68,,USB타입C,"3,000mAh",,,배터리일체형,최대15W,퀵차지2.0,Qi무선충전: 최대9W,,가로:68.7mm,세로:147.7mm,두께:8.5mm,무게:163g
다나와,갤럭시S9 Plus,SM-G965,"
삼성전자 (
							제조사 웹사이트 바로가기)
												",,출시OS: 안드로이드 8.0 오레오,가개통/중고,,15.75cm(6.2인치),S-AMOLED,2960x1440,529ppi,60Hz,18.5:9,84.20%,,,HDR10,엑시노스9 9810,옥타(8)코어,2.7GHz+1.7GHz,Mali G72,,,,램:6GB,내장:64GB,UFS2.1,microSD:최대400GB,,LTE-A Cat.18,802.11 a/b/g/n/ac,블루투스v5.0,,나노유심,,,"후면:1,200만화소+1200만화소",전면:800만화소,"동영상:2160p(UHD),60fps",,,,,F1.5,,광학식손떨림보정(듀얼OIS),○,○,○,,○,○,,○,,○,,,,3.5mm,스피커:스테레오(2개),32비트 음원재생,,지문인식(후면),얼굴인식,지원,,빅스비,삼성페이,,IP68,,USB타입C,"3,500mAh",,,배터리일체형,최대15W,퀵차지2.0,Qi무선충전: 최대9W,,가로:73.8mm,세로:158.1mm,두께:8.5mm,무게:189g
다나와,갤럭시S8,SM-G950,"
삼성전자 (
							제조사 웹사이트 바로가기)
												",,출시OS: 안드로이드7.0 누가,가개통/중고,,14.73cm(5.8인치),AMOLED,2960x1440,570ppi,60Hz,18.5:9,83.60%,,,HDR10+,엑시노스9 8895,옥타(8)코어,2.3GHz+1.7GHz,Mali G71,,,,램:4GB,내장:64GB,UFS2.0,microSD:최대256GB,,LTE-A Cat.16,802.11 a/b/g/n/ac,블루투스v5.0,,나노유심,,,"후면:1,200만화소",전면:800만화소,"동영상:2160p(UHD),30fps",,,,,F1.7,,광학식손떨림보정(OIS),○,○,○,,,○,,○,,○,,,,3.5mm,스피커:모노(1개),32비트 음원재생,,지문인식(후면),얼굴인식,지원,,빅스비,삼성페이,,IP68,,USB타입C,"3,000mAh",,,배터리일체형,최대15W,퀵차지2.0,Qi무선충전: 최대9W,,가로:68.1mm,세로:148.9mm,두께:8mm,무게:155g
다나와,갤럭시S8 Plus,SM-G955,"
삼성전자 (
							제조사 웹사이트 바로가기)
												",,출시OS: 안드로이드7.0 누가,가개통/중고,,15.75cm(6.2인치),AMOLED,2960x1440,529ppi,60Hz,18.5:9,84%,,,HDR10+,엑시노스9 8895,옥타(8)코어,2.3GHz+1.7GHz,Mali G71,,,,램:4GB,내장:64GB,UFS2.0,microSD:최대256GB,,LTE-A Cat.16,802.11 a/b/g/n/ac,블루투스v5.0,,나노유심,,,"후면:1,200만화소",전면:800만화소,"동영상:2160p(UHD),30fps",,,,,F1.7,,광학식손떨림보정(OIS),○,○,○,,,○,,○,,○,,,,3.5mm,스피커:모노(1개),32비트 음원재생,,지문인식(후면),얼굴인식,지원,,빅스비,삼성페이,,IP68,,USB타입C,"3,500mAh",,,배터리일체형,최대15W,퀵차지2.0,Qi무선충전: 최대9W,,가로:73.4mm,세로:159.5mm,두께:8.1mm,무게:173g
다나와,갤럭시S7,SM-G930,"
삼성전자 (
							제조사 웹사이트 바로가기)
												",,출시OS: 안드로이드6.0 마쉬멜로우,가개통/중고,,12.95cm(5.1인치),AMOLED,2560x1440,577ppi,,16:09,81.10%,,,,엑시노스8 8890,옥타(8)코어,2.3GHz + 1.6GHz,Mali T880,,,,램:4GB,내장:32GB,UFS2.0,microSD:최대256GB,,LTE-A Cat.12,802.11 a/b/g/n/ac,블루투스v4.2,,나노유심,,,"후면:1,200만화소",전면:500만화소,"동영상:2160p(UHD),30fps",,,,,F1.7,,,,○,○,,,○,,○,,○,,,,3.5mm,스피커:스테레오(2개),,,지문인식,,,,,삼성페이,,IP68,,,"3,000mAh",,,배터리일체형,,,Qi무선충전: 최대9W,,가로:70.5mm,세로:143.4mm,두께:6.8mm,무게:152g
다나와,갤럭시S7 Edge,SM-G935,"
삼성전자 (
							제조사 웹사이트 바로가기)
												",,출시OS: 안드로이드6.0 마쉬멜로우,가개통/중고,,13.97cm(5.5인치),AMOLED,2560x1440,534ppi,,16:09,83.40%,,,,엑시노스8 8890,옥타(8)코어,2.3GHz + 1.6GHz,Mali T880,,,,램:4GB,내장:32GB,UFS2.0,microSD:최대256GB,,LTE-A Cat.12,802.11 a/b/g/n/ac,블루투스v4.2,,나노유심,,,"후면:1,200만화소",전면:500만화소,"동영상:2160p(UHD),30fps",,,,,F1.7,,,,○,,,,○,,○,○,○,,,,3.5mm,,,,지문인식,,,,,삼성페이,,IP68,,,"3,600mAh",,,배터리일체형,,,Qi무선충전: 최대9W,,가로:72.6mm,세로:150.9mm,두께:7.7mm,무게:157g
다나와,갤럭시S6 Edge Plus,SM-G928,"
삼성전자 (
							제조사 웹사이트 바로가기)
												",,출시OS: 안드로이드5.1 롤리팝,가개통/중고,,14.47cm(5.7인치),AMOLED,2560x1440,515ppi,,,84.20%,,,,엑시노스7 7420,옥타(8)코어,2.1GHz,Mali T760,,,,램:4GB,내장:32GB,UFS,MicroSD 미지원,,LTE-A Cat.6,802.11 a/b/g/n/ac,블루투스v4.1,,나노유심,,,"후면:1,600만화소",전면:800만화소,"동영상:2160p(UHD),30fps",,,,,F1.9,,손떨림보정,○,○,○,,,○,,○,,○,,,,3.5mm,,,,지문인식,,,,,삼성페이,,,,,"3,000mAh",,,배터리일체형,,,Qi무선충전: 최대9W,,가로:75.8mm,세로:154.4mm,두께:6.9mm,무게:153g
다나와,갤럭시S6 Edge,SM-G925,"
삼성전자 (
							제조사 웹사이트 바로가기)
												",,출시OS: 안드로이드5.0 롤리팝,가개통/중고,,12.95cm(5.1인치),AMOLED,2560x1440,576ppi,,,81.80%,,,,엑시노스7 7420,옥타(8)코어,2.1GHz,Mali T760,,,,램:3GB,내장:32GB,UFS,MicroSD 미지원,,LTE-A Cat.6,802.11 a/b/g/n/ac,블루투스v4.1,,나노유심,,,"후면:1,600만화소",전면:500만화소,"동영상:2160p(UHD),30fps",,,,,F1.9,,,,○,○,,,○,,○,,○,,,,3.5mm,스피커:스테레오(2개),,,지문인식,,,,,삼성페이,,,,,"2,600",,,배터리일체형,,,Qi무선충전: 최대5W,,가로:70.1mm,세로:142.1mm,두께:7mm,무게:132g
다나와,갤럭시S6,SM-G920,"
삼성전자 (
							제조사 웹사이트 바로가기)
												",,출시OS: 안드로이드5.0 롤리팝,가개통/중고,,12.95cm(5.1인치),AMOLED,2560x1440,577ppi,,,81.10%,,,,엑시노스7 7420,옥타(8)코어,2.1GHz,Mali T760,,,,램:3GB,내장:32GB,UFS,MicroSD 미지원,,LTE-A Cat.6,802.11 a/b/g/n/ac,블루투스v4.1,,나노유심,,,"후면:1,600만화소",전면:500만화소,"동영상:2160p(UHD),30fps",,,,,F1.9,,,,○,○,,,○,,○,,○,,,,3.5mm,스피커:스테레오(2개),,,지문인식,,,,,삼성페이,,,,,"2,550mAh",,,배터리일체형,,,Qi무선충전: 최대5W,,가로:70.5mm,세로:143.4mm,두께:6.8mm,무게:138g
다나와,갤럭시S5,SM-G900,"
삼성전자 (
							제조사 웹사이트 바로가기)
												",,출시OS: 안드로이드4.4 킷캣,가개통/중고,,12.95cm(5.1인치),AMOLED,1920x1080,,,,,,,,,옥타(8)코어,2.1GHz,,,,,램:2GB,내장:16GB,eMMC,MicroSD,,LTE Cat.4,802.11 a/b/g/n/ac,블루투스v4.0,,마이크로유심,,,"후면:1,500~2,000만화소",전면:200~300만화소,"동영상:1080p(FHD),30fps",,,,,,,,,,,,,,,○,,,,,,3.5mm,,,,지문인식,,,,,,,IP67,,,"2,800mAh",,,배터리탈착형,,,,,가로:72.5mm,세로:142.0mm,두께:8.1mm,무게:145g
다나와,갤럭시S5 LTE-A,SM-G906,"
삼성전자 (
							제조사 웹사이트 바로가기)
												",,출시OS: 안드로이드4.4 킷캣,가개통/중고,,12.95cm(5.1인치),AMOLED,2560x1440,576ppi,,,,,,,스냅드래곤805,쿼드(4)코어,2.5GHz,Adreno 420,,,,램:3GB,내장:32GB,eMMC,MicroSD,,LTE-A Cat.9,802.11 a/b/g/n/ac,블루투스v4.0,,마이크로유심,,,"후면:1,600만화소",전면:200만화소,"동영상:2160p(UHD),30fps",,,,,,,,,,○,,,,,○,○,,,,,3.5mm,,,,지문인식,,,,,,,IP67,,,"2,800mAh",,,배터리탈착형,,,,,가로:72.5mm,세로:142.0mm,두께:8.1mm,무게:145g
다나와,갤럭시S4 ,SHV-E300,"
삼성전자 (
							제조사 웹사이트 바로가기)
												",,출시OS: 안드로이드4.3 젤리빈,가개통/중고,,12.70cm(5.0인치),AMOLED,1920x1080,441ppi,,,,,,,스냅드래곤800,쿼드(4)코어,2.3GHz,Adreno 330,,,,램:2GB,내장:32GB,eMMC,MicroSD,,LTE Cat.4,802.11 a/b/g/n/ac,블루투스v4.0,,마이크로유심,,,후면:1300만화소,전면:200만화소,"동영상:1080p(FHD),30fps",,,,,,,,,,○,,,,,○,,,,,,3.5mm,,,,,,,,,,,,,,"2,600mAh",,,배터리탈착형,,,,,가로:69.8mm,세로:136.6mm,두께:7.9mm,무게:130g
다나와,갤럭시S4 LTE-A,SHV-E330,"
삼성전자 (
							제조사 웹사이트 바로가기)
												",,출시OS: 안드로이드4.3 젤리빈,가개통/중고,,12.70cm(5.0인치),AMOLED,1920x1080,441ppi,,,,,,,스냅드래곤800,쿼드(4)코어,2.3GHz,Adreno 330,,,,램:2GB,내장:32GB,eMMC,MicroSD,,LTE Cat.4,802.11 a/b/g/n/ac,블루투스v4.0,,마이크로유심,,,후면:1300만화소,전면:200만화소,"동영상:1080p(FHD),30fps",,,,,,,,,,○,,,,,○,,,,,,3.5mm,,,,,,,,,,,,,,"2,600mAh",,,배터리탈착형,,,,,가로:69.8mm,세로:136.6mm,두께:7.9mm,무게:130g
다나와,갤럭시S4 Active,SHV-E470,"
삼성전자 (
							제조사 웹사이트 바로가기)
												",,출시OS: 안드로이드4.2 젤리빈,공기계-새제품,,12.70cm(5.0인치),LCD,1920x1080,441ppi,,,,,,,스냅드래곤800,쿼드(4)코어,2.3GHz,Adreno 330,,,,램:2GB,내장:32GB,eMMC,MicroSD,,LTE Cat.4,802.11 a/b/g/n/ac,블루투스v4.0,,마이크로유심,,,"후면:1,200~1,499만화소",전면:200~300만화소,"동영상:1080p(FHD),30fps",,,,,,,,,,,,,,,○,,,,,,3.5mm,,,,,,,,,,,IP67,,마이크로5핀,"2,600mAh",,,배터리탈착형,,,,,가로:71.3mm,세로:139.7mm,두께:9.1mm,무게:147g
다나와,갤럭시S4 Zoom,SM-C105,"
삼성전자 (
							제조사 웹사이트 바로가기)
												",,출시OS: 안드로이드4.2 젤리빈,가개통/중고,,10.92cm(4.3인치),AMOLED,960x540,256ppi,,,,,,,,듀얼(2)코어,1.5GHz,PowerVR SGX544,,,,램:1.5GB,내장:16GB,eMMC,MicroSD,,LTE,,블루투스v4.0,,마이크로유심,,,후면:1600만화소,전면:190만화소,"동영상:1080p(FHD),30fps",,,,,,,광학식손떨림보정(OIS),○,,○,,○,,,○,,,,,,3.5mm,,,,,,,,,,,,,,"2,330mAh",,,배터리탈착형,,,,,가로:63.5mm,세로:125.5mm,두께:15.4mm,무게:208g
다나와,갤럭시S4 Mini,SHV-E370,"
삼성전자 (
							제조사 웹사이트 바로가기)
												",,출시OS: 안드로이드4.2 젤리빈,가개통/중고,,10.92cm(4.3인치),AMOLED,960x540,250~280ppi,,,,,,,,듀얼(2)코어,1.7GHz,,,,,램:1.5GB,내장:8GB,eMMC,MicroSD,,LTE,802.11 a/b/g/n,블루투스v4.0,,마이크로유심,,,후면:800~999만화소,전면:100~199만화소,"동영상:1080p(FHD),30fps",,,,,,,,,,,,,,,○,,,,,,3.5mm,,,,,,,,,,,,,,"1,000~1,999mAh",,,배터리탈착형,,,,,가로:50~80mm,세로:100~150mm,두께:7~10mm,무게:100~150g
다나와,갤럭시S3 LTE,SHV-E210,"
삼성전자 (
							제조사 웹사이트 바로가기)
												",,출시OS: 안드로이드4.3 젤리빈,가개통/중고,,12.19cm(4.8인치),AMOLED,1280x720,305ppi,,,,,,,,쿼드(4)코어,1.4GHz,,,,,램:2GB,내장:16GB,eMMC,MicroSD,,LTE,802.11 a/b/g/n,블루투스v4.0,,마이크로유심,,,후면:800만화소,전면:190만화소,"동영상:1080p(FHD),30fps",,,,,,,,,,,,,,,○,,,,,,3.5mm,,,,,,,,,,,,,,"2,100mAh",,,배터리탈착형,,,,,가로:70.6mm,세로:136.6mm,두께:9mm,무게:138.5g
다나와,갤럭시S3 3G,SHV-M440,"
삼성전자 (
							제조사 웹사이트 바로가기)
												",,출시OS: 안드로이드4.2 젤리빈,가개통/중고,,12.19cm(4.8인치),AMOLED,1280x720,305ppi,,,,,,,,쿼드(4)코어,1.4GHz,,,,,램:1GB,내장:16GB,eMMC,MicroSD,,3G,802.11 a/b/g/n,블루투스v4.0,,마이크로유심,,,후면:800만화소,전면:190만화소,"동영상:1080p(FHD),30fps",,,,,,,,,,,,,,,○,,,,,,3.5mm,,,,,,,,,,,,,,"2,100mAh",,,배터리탈착형,,,,,가로:70.6mm,세로:136.6mm,두께:8.6mm,무게:133g
다나와,갤럭시S2 ,SHW-M250,"
삼성전자 (
							제조사 웹사이트 바로가기)
												",,출시OS: 안드로이드2.3 진저브레드,가개통/중고,,11.68cm(4.6인치),AMOLED,1280x720,280~330ppi,,,,,,,,듀얼(2)코어,1.5GHz,,,,,램:1GB,내장:16GB,eMMC,MicroSD,,,,블루투스v3.0,,마이크로유심,,,후면:800~999만화소,전면:200~300만화소,,,,,,,,,,,,,,,,○,,,,,,3.5mm,,,,,,,,,,,,,,"1,000~1,999mAh",,,배터리탈착형,,,,,가로:50~80mm,세로:100~150mm,두께:7~10mm,무게:100~150g
다나와,갤럭시S2 HD LTE,SHV-E120,"
삼성전자 (
							제조사 웹사이트 바로가기)
												",,출시OS: 안드로이드2.3 진저브레드,가개통/중고,,11.68cm(4.6인치),AMOLED,1280x720,280~330ppi,,,,,,,,듀얼(2)코어,1.5GHz,,,,,램:1GB,내장:16GB,eMMC,MicroSD,,,,블루투스v3.0,,마이크로유심,,,후면:800~999만화소,전면:200~300만화소,,,,,,,,,,,,,,,,○,,,,,,3.5mm,,,,,,,,,,,,,,"1,000~1,999mAh",,,배터리탈착형,,,,,가로:50~80mm,세로:100~150mm,두께:7~10mm,무게:100~150g
다나와,갤럭시S2 LTE,SHV-E110,"
삼성전자 (
							제조사 웹사이트 바로가기)
												",,출시OS: 안드로이드2.3 진저브레드,가개통/중고,,11.68cm(4.6인치),AMOLED,1280x720,280~330ppi,,,,,,,,듀얼(2)코어,1.5GHz,,,,,램:1GB,내장:16GB,eMMC,MicroSD,,,,블루투스v3.0,,마이크로유심,,,후면:800~999만화소,전면:200~300만화소,,,,,,,,,,,,,,,,○,,,,,,3.5mm,,,,,,,,,,,,,,"1,000~1,999mAh",,,배터리탈착형,,,,,가로:50~80mm,세로:100~150mm,두께:7~10mm,무게:100~150g
다나와,갤럭시그랜드 맥스,SM-G720,"
삼성전자 (
							제조사 웹사이트 바로가기)
												",,출시OS: 안드로이드4.4 킷캣,,,13.33cm(5.25인치),LCD,1280x720,280ppi,,,,,,,,쿼드(4)코어,1.2GHz,,,,,램:1.5GB,내장:16GB,eMMC,MicroSD,,LTE-A,,블루투스v4.0,,마이크로유심,,,"후면:1,300만화소",전면:500만화소,"동영상:1080p(FHD),30fps",,,,,,,,,,○,,,,,○,,,,,,3.5mm,,,,,,,,,,,,,,"2,500mAh",,,배터리탈착형,,,,,,,두께:7.9mm,무게:163g
다나와,갤럭시그랜드2,SM-G710,"
삼성전자 (
							제조사 웹사이트 바로가기)
												",,출시OS: 안드로이드4.3 젤리빈,가개통/중고,,13.33cm(5.25인치),,1280x720,280ppi,,,,,,,,쿼드(4)코어,1.2GHz,,,,,램:1.5GB,내장:8GB,eMMC,MicroSD,,LTE,,블루투스v4.0,,마이크로유심,,,후면:800만화소,전면:190만화소,"동영상:1080p(FHD),30fps",,,,,,,,,,○,,,,,○,,,,,,3.5mm,,,,,,,,,,,,,마이크로5핀,"2,600mAh",,,배터리탈착형,,,,,가로:75.3mm,세로:146.8mm,두께:8.9mm,무게:166g
다나와,갤럭시노트10 Plus,SM-N976,"
삼성전자 (
							제조사 웹사이트 바로가기)
												",,출시OS: 안드로이드9.0 파이,가개통/중고,,17.20cm(6.8인치),D-AMOLED,3040x1440,498ppi,60Hz,19:09,91.00%,,,HDR10+,엑시노스9825,옥타(8)코어,2.73GHz+2.4GHz+1.9GHz,Mali G76,,,,램:12GB,내장:256GB,,microSD:최대1TB,5G NR,LTE-A Cat.20,802.11 a/b/g/n/ac/ax,블루투스v5.0,,나노유심,,,"후면:1,600만화소+1,200만화소+1,200만화소+TOF 3D VGA","전면:1,000만화소",동영상:4K@60fps,,,,,F1.5,,광학식손떨림보정(OIS),○,,○,,○,,,○,,,,○,○,,스피커:스테레오(2개),32비트 음원재생,,지문인식(온스크린),얼굴인식,,,빅스비,삼성페이,4096단계 필압,IP68,,USB타입C,"4,300mAh",,,배터리일체형,최대45W,고속충전지원,Qi무선충전: 최대15W,,가로:77.2mm,세로:162.3mm,두께:7.9mm,무게:198g
다나와,갤럭시노트9,SM-N960,"
삼성전자 (
							제조사 웹사이트 바로가기)
												",,출시OS: 안드로이드8.1 오레오,가개통/중고,,16.25cm(6.4인치),S-AMOLED,2960x1440,516ppi,60Hz,18.5:9,83.40%,,,HDR10,엑시노스9810,옥타(8)코어,2.7GHz+1.7GHz,Mali G72,,,,램:6GB,내장:128GB,UFS2.1,microSD:최대512GB,,LTE-A Cat.18,802.11 a/b/g/n/ac,블루투스v5.0,,나노유심,,,"후면:1,200만화소+1,200만화소",전면:800만화소,"동영상:2160p(UHD),60fps",,,,,F1.5,,광학식손떨림보정(듀얼OIS),○,○,○,,○,,,○,,,,,,3.5mm,스피커:스테레오(2개),32비트 음원재생,,지문인식(후면),얼굴인식,지원,,빅스비,삼성페이,4096단계 필압,IP68,,USB타입C,4000mAh,,,배터리일체형,최대15W,퀵차지2.0,Qi무선충전: 최대9W,,가로:76.4mm,세로:161.9mm,두께:8.8mm,무게:201g
다나와,갤럭시노트FE,SM-N935,"
삼성전자 (
							제조사 웹사이트 바로가기)
												",,출시OS: 안드로이드7.0 누가,가개통/중고,,14.47cm(5.7인치),AMOLED,2560x1440,515ppi,,,85%,,,,엑시노스8 8890,옥타(8)코어,2.3GHz+1.6GHz,Mali T880,,,,램:4GB,내장:64GB,UFS2.0,MicroSD,,LTE-A Cat.12,802.11 a/b/g/n/ac,블루투스v4.2,,나노유심,,,"후면:1,200만화소",전면:500만화소,"동영상:2160p(UHD),30fps",,,,,F1.7,,,,○,○,,,○,,○,○,○,,,,3.5mm,스피커:모노(1개),,,지문인식,,지원,,,삼성페이,4096단계 필압,IP68,,USB타입C,"3,200mAh",,,배터리일체형,,퀄컴퀵차지2.0,Qi무선충전,,가로:73.9mm,세로:153.5mm,두께:7.9mm,무게:167g
다나와,갤럭시노트3 Neo,SM-N750,"
삼성전자 (
							제조사 웹사이트 바로가기)
												",,출시OS: 안드로이드4.3 젤리빈,가개통/중고,,13.97cm(5.5인치),AMOLED,1280x720,267ppi,,,,,,,5 5260,쿼드(4)코어,2.3GHz,Mali T628,,,,램:2GB,내장:16GB,eMMC,MicroSD,,LTE-A,802.11 b/g/n/ac,블루투스v4.0,,마이크로유심,,,후면:800~999만화소,전면:200~300만화소,"동영상:1080p(FHD),30fps",,,,,,,손떨림보정,○,,○,,,,,○,,,,,,3.5mm,,,,,,,,,,1024단계 필압,,,,"3,100mAh",,,배터리탈착형,,,,,가로:77.4mm,세로:148.4mm,두께:8.6mm,무게:162g
다나와,갤럭시폴더2,SM-G160,"
삼성전자 (
							제조사 웹사이트 바로가기)
												",,출시OS: 안드로이드6.0 마쉬멜로우,공기계-새제품,,9.65cm(3.8인치),LCD,800x480,245ppi,,5:03,70.90%,,,,스냅드래곤425,쿼드(4)코어,1.4GHz,Adreno 308,,,,램:2GB,내장:32GB,eMMC,microSD:최대256GB,,LTE Cat.4,802.11 b/g/n,블루투스v4.2,,나노유심,,,후면:800만화소,전면:500만화소,"동영상:1080p(FHD),30fps",,,,,,,,,○,,,,,,○,,,,,,3.5mm,스피커:모노(1개),,,,,,,,,,,,마이크로5핀,"1,950mAh",,,배터리탈착형,,,,,가로:60.2mm,세로:122mm,두께:16.1mm,무게:164g
다나와,갤럭시알파,SM-G850,"
삼성전자 (
							제조사 웹사이트 바로가기)
												",,출시OS: 안드로이드4.4 킷캣,가개통/중고,,11.93cm(4.7인치),AMOLED,1280x720,320ppi,,,,,,,엑시노스5 5430,옥타(8)코어,1.8GHz,Mali T628,,,,램:2GB,내장:32GB,eMMC,MicroSD 미지원,,LTE Cat.4,802.11 a/b/g/n/ac,블루투스v4.0 LE,,나노유심,,,"후면:1,200만화소",전면:210만화소,,,,,,,,,,○,○,,,○,,○,,,,,,3.5mm,,,,,,,,,,,,,,"1,860mAh",,,배터리탈착형,,,,,가로:65.5mm,세로:132.4mm,두께:6.7mm,무게:115g
다나와,갤럭시코어,SHW-M585,"
삼성전자 (
							제조사 웹사이트 바로가기)
												",,출시OS: 안드로이드10,해외구매-새제품,,13.46cm(5.3인치),TFT-LCD,1480x720,311ppi,60Hz,18.5:9,74.50%,,,,미디어텍MT6739WW,쿼드(4)코어,1.5GHz,PowerVR GE8100,,,,램:1GB,내장:16GB,eMMC5.1,MicroSD,,LTE,802.11 b/g/n,블루투스v5.0,,나노유심,듀얼유심지원,,후면:800만화소,전면:500만화소,"동영상:1080p(FHD),30fps",,,,,F2.2,,,,○,,,,,,○,,,,,,3.5mm,스피커:모노(1개),,,,,,,,,,,,마이크로5핀,"3,000mAh",,,,,,,,가로:67.5mm,세로:141.7mm,두께:8.6mm,무게:150g
다나와,갤럭시코어 Advance,SHW-M570,"
삼성전자 (
							제조사 웹사이트 바로가기)
												",,출시OS: 안드로이드4.2 젤리빈,가개통/중고,,11.93cm(4.7인치),,800x480,198ppi,,,,,,,,듀얼(2)코어,1.2GHz,,,,,램:1GB,내장:8GB,eMMC,MicroSD,,3G,802.11 b/g/n,블루투스v4.0,,마이크로유심,,,후면:500만화소,전면:50만화소,,,,,,,,,,,,,,,,○,,,,,,3.5mm,,,,,,,,,,,,,,"2,000mAh",,,배터리탈착형,,,,,가로:70.5mm,세로:133.3mm,두께:9.7mm,무게:145g
다나와,갤럭시줌2,SM-C115,"
삼성전자 (
							제조사 웹사이트 바로가기)
												",,출시OS: 안드로이드4.4 킷캣,가개통/중고,,12.19cm(4.8인치),AMOLED,1280x720,305ppi,,,,,,,,헥사(6)코어,1.3GHz+1.7GHz,,,,,램:2GB,내장:16GB,eMMC,,,LTE,,,,마이크로유심,,,"후면:2,070만화소",전면:200만화소,,,,,,,,광학식손떨림보정(OIS),○,,,,○,,,,,,,,,3.5mm,,,,,,,,,,,,,,"2,430mAh",,,,,,,,가로:70.8mm,세로:137.5mm,두께:20.2mm,무게:200g
다나와,갤럭시윈,SHV-E500,"
삼성전자 (
							제조사 웹사이트 바로가기)
												",,출시OS: 안드로이드4.2 젤리빈,가개통/중고,,11.68cm(4.6인치),LCD,800x480,150~250ppi,,,,,,,,쿼드(4)코어,1.4GHz,,,,,램:1GB,내장:8GB,eMMC,MicroSD,,LTE,,블루투스v4.0,,마이크로유심,,,후면:500~799만화소,전면:30~49만화소,,,,,,,,,,,,,,,,○,,,,,,3.5mm,,,,,,,,,,,,,,"2,000~2,299mAh",,,배터리탈착형,,,,,가로:50~80mm,세로:100~150mm,두께:7~10mm,무게:150~200g
다나와,갤럭시라운드,SM-G910,"
삼성전자 (
							제조사 웹사이트 바로가기)
												",,출시OS: 안드로이드4.3 젤리빈,가개통/중고,,14.47cm(5.7인치),AMOLED,1920x1080,331~400ppi,,,,,,,,쿼드(4)코어,2.3GHz,,,,,램:3GB,내장:32GB,eMMC,MicroSD,,LTE-A,,블루투스v4.0 apt-X,,,,,"후면:1,200~1,499만화소",전면:200~300만화소,"동영상:1080p(FHD),30fps",,,,,,,,,,,,,,,○,,,,,,3.5mm,,,,,,,,,,,,,마이크로5핀,"2,300~2,999mAh",,,배터리탈착형,,,,,가로:50~80mm,세로:150~200mm,두께:7~10mm,무게:150~200g
다나와,갤럭시골든,SHV-E400,"
삼성전자 (
							제조사 웹사이트 바로가기)
												",,출시OS: 안드로이드4.2 젤리빈,가개통/중고,,9.39cm(3.7인치),AMOLED,800x480,254ppi,,,,,,,,듀얼(2)코어,1.7GHz,,,,,램:2GB,내장:16GB,eMMC,MicroSD,,LTE,802.11 a/b/g/n,블루투스v4.0 apt-X,,,,,후면:800만화소,전면:190만화소,"동영상:1080p(FHD),30fps",,,,,,,,,,,,,,,○,,,,,,3.5mm,,,,,,,,,,,,,,"1,820mAh",,,배터리탈착형,,,,,가로:59.5mm,세로:118mm,두께:15.8mm,무게:179g
다나와,갤럭시메가 6.3,SHV-E310,"
삼성전자 (
							제조사 웹사이트 바로가기)
												",,출시OS: 안드로이드4.2 젤리빈,가개통/중고,,16.00cm(6.3인치),,1280x720,216ppi,,,,,,,,듀얼(2)코어,1.7GHz,,,,,램:1.5GB,내장:16GB,eMMC,MicroSD,,LTE,802.11 a/b/g/n,블루투스v4.0,,마이크로유심,,,후면:800만화소,전면:160만화소,"동영상:1080p(FHD),30fps",,,,,,,,,,○,,,,,○,,,,,,3.5mm,,,,,,,,,,,,,,"3,200mAh",,,배터리탈착형,,,,,가로:88mm,세로:167mm,두께:8mm,무게:205g
다나와,갤럭시팝,SHV-E220,"
삼성전자 (
							제조사 웹사이트 바로가기)
												",,출시OS: 안드로이드4.1 젤리빈,가개통/중고,,11.68cm(4.6인치),AMOLED,1280x720,280~330ppi,,,,,,,,쿼드(4)코어,1.4GHz,,,,,램:2GB,내장:8GB,eMMC,MicroSD,,,,블루투스v4.0 apt-X,,,,,후면:800~999만화소,전면:100~199만화소,"동영상:1080p(FHD),30fps",,,,,,,,,,○,,,,,,,,,,,3.5mm,,,,,,,,,,,,,,"2,000~2,299mAh",,,배터리탈착형,,,,,가로:50~80mm,세로:100~150mm,두께:7~10mm,무게:100~150g
다나와,갤럭시M style,SHW-M340,"
삼성전자 (
							제조사 웹사이트 바로가기)
												",,출시OS: 안드로이드2.3 진저브레드,가개통/중고,,10.16cm(4.0인치),AMOLED,800x480,,,,,,,,,싱글(1)코어,1.0GHz,,,,,램:512MB,내장:4GB,eMMC,MicroSD,,3G,,블루투스v3.0,,,,,후면:300~499만화소,,,,,,,,,,,,,,,,,○,,,,,,3.5mm,,,,,,,,,,,,,,"1,000~1,999mAh",,,배터리탈착형,,,,,가로:50~80mm,세로:100~150mm,두께:7~10mm,무게:100~150g
다나와,갤럭시U,SHW-M130,"
삼성전자 (
							제조사 웹사이트 바로가기)
												",,출시OS: 안드로이드10,해외구매-새제품,,16.51cm(6.5인치),S-AMOLED,2400x1080,407ppi,120Hz,20:09,84.80%,,,HDR10+,스냅드래곤865,옥타(8)코어,2.84GHz+2.42GHz+1.8GHz,Adreno 650,,,,램:8GB,내장:128GB,UFS3.1,microSD:최대1TB,5G NR,LTE-A Cat.19,802.11 a/b/g/n/ac/ax,블루투스v5.0,,나노유심,듀얼유심지원,,"후면:1,200만화소+1,200만화소+800만화소","전면:3,200만화소",동영상:4K@60fps,,,,,F1.8,,광학식손떨림보정(OIS)+전자식손떨림보정(EIS),○,○,,○,○,,,○,,,○,,,,스피커:스테레오(2개),32비트 음원재생,,지문인식(온스크린),,,,빅스비,,,IP68,,USB타입C,"4,500mAh",,,배터리일체형,최대25W,USB PD3.0,Qi무선충전: 최대15W,,가로:74.5mm,세로:159.8mm,두께:8.4mm,무게:190g
다나와,갤럭시진2,SM-A202,"
삼성전자 (
							제조사 웹사이트 바로가기)
												",,출시OS: 안드로이드9.0 파이,가개통/중고,,14.73cm(5.8인치),TFT-LCD,1560x720,296ppi,,19.5:9,80.40%,,,,엑시노스7884,옥타(8)코어,1.6GHz+1.35GHz,Mali G71,,,,램:3GB,내장:32GB,,microSD:최대512GB,,LTE-A Cat.12,802.11 b/g/n,블루투스v5.0,,나노유심,,,"후면:1,300만화소+500만화소",전면:800만화소,"동영상:1080p(FHD),60fps",,,,,F1.9,,,,○,○,,,,,○,,,,,,3.5mm,스피커:모노(1개),,,지문인식,얼굴인식,,,구글 어시스턴트,,,,,USB타입C,"3,000mAh",,,배터리일체형,최대15W,고속충전지원,,,가로:69.5mm,세로:147.2mm,두께:8.3mm,무게:142g
다나와,카카오 리틀프렌즈 폰2,SM-J415-KA,"
삼성전자 (
							제조사 웹사이트 바로가기)
												",,출시OS: 안드로이드9.0 파이,가개통/중고,,14.80cm(5.83인치),PLS-LCD,1560x720,295ppi,60Hz,19.5:9,81.40%,,,,엑시노스7884,옥타(8)코어,1.6GHz+1.35GHz,Mali G71,,,,램:2GB,내장:32GB,,microSD:최대512GB,,LTE-A Cat.12,802.11 a/b/g/n/ac,블루투스v5.0,,나노유심,,,후면:800만화소,전면:800만화소,"동영상:1080p(FHD),30fps",,,,,F1.9,,,,○,○,,,,,○,,,○,,,3.5mm,스피커:모노(1개),,,,,,,,,,,,USB타입C,"3,000mAh",,,배터리일체형,,,,,가로:69.6mm,세로:147.3mm,두께:8.4mm,무게:141g
다나와,갤럭시 온7 프라임,SM-G611,"
삼성전자 (
							제조사 웹사이트 바로가기)
												",,출시OS: 안드로이드7.1 누가,가개통/중고,,13.97cm(5.5인치),LCD,1920x1080,400ppi,,16:09,,,,,엑시노스 7870,옥타(8)코어,1.6GHz,Mali T830,,,,램:3GB,내장:32GB,eMMC,MicroSD,,LTE Cat.4,802.11 a/b/g/n,블루투스,,나노유심,,,"후면:1,300만화소","전면:1,300만화소",,,,,,F1.9,,,,○,,,,,,○,,○,,,,3.5mm,스피커:모노(1개),,,지문인식,,,,,,,,,마이크로5핀,"3,300mAh",,,배터리일체형,,,,,가로:75mm,세로:151.7mm,두께:8mm,무게:170g
다나와,삼성 마스터폰 ,SM-B510,"
삼성전자 (
							제조사 웹사이트 바로가기)
												",,출시OS: 기타,가개통/중고,,~7.6cm(~3.0인치),LCD,,,,,,,,,,,,,,,,,,,,,3G,,블루투스v2.0,,,,,,,,,,,,,,,,,,,,,,,,,,,,3.5mm,,,,,,,,,,,,,마이크로5핀,"~1,999mAh",,,배터리탈착형,,,,,가로:57.5mm,세로:112.5mm,두께:14.8mm,무게:119g
다나와,삼성 마스터폰 SKT 3G,SM-B510,"
삼성전자 (
							제조사 웹사이트 바로가기)
												",,출시OS: 기타,공기계-새제품,,~7.6cm(~3.0인치),LCD,,,,,,,,,,,,,,,,,,,,,3G,,블루투스v2.0,,,,,,,,,,,,,,,,,,,,,,,,,,,,3.5mm,,,,,,,,,,,,,마이크로5핀,"~1,999mAh",,,배터리탈착형,,,,,가로:57.5mm,세로:112.5mm,두께:14.8mm,무게:119g
다나와,갤럭시 A80,SM-A805,"
삼성전자 (
							제조사 웹사이트 바로가기)
												",,출시OS: 안드로이드9.0 파이,가개통/중고,,17.02cm(6.7인치),S-AMOLED,2400x1080,393ppi,60Hz,20:09,85.80%,,,,스냅드래곤730,옥타(8)코어,2.2GHz+1.8GHz,Adreno 618,,,,램:8GB,내장:128GB,,MicroSD 미지원,,LTE-A Cat.11,802.11 a/b/g/n/ac,블루투스v5.0,,나노유심,,,"후면:4,800만화소+800만화소+TOF 3D","전면:4,800만화소+800만화소+TOF 3D","동영상:2160p(UHD),30fps",,,,,F2.0,,전자식손떨림보정(EIS),○,○,○,,,,,○,,,,○,,,스피커:모노(1개),,,지문인식(온스크린),,,,,,,,,USB타입C,"3,700mAh",,,배터리일체형,최대25W,고속충전지원,,,가로:76.5mm,세로:165.2mm,두께:9.3mm,무게:220g
다나와,갤럭시 Z플립,SM-F700,"
삼성전자 (
							제조사 웹사이트 바로가기)
												",,출시OS: 안드로이드10,공기계-새제품,,17.02cm(6.7인치),D-AMOLED,2636x1080,425ppi,60Hz,22:09,82.50%,,,HDR10+,스냅드래곤865+,옥타(8)코어,3.09GHz+2.4GHz+1.8GHz,Adreno 650,,,,램:8GB,내장:256GB,UFS3.0,MicroSD 미지원,5G NR,LTE-A Cat.20,802.11 a/b/g/n/ac/ax,블루투스v5.0,,나노유심,,,"후면:1,200만화소+1,200만화소","전면:1,000만화소",동영상:4k@30fps,,,,,F1.8,,광학식손떨림보정(OIS),○,○,○,,,,,○,,,○,,,,스피커:모노(1개),32비트 음원재생,,지문인식(측면),,,,,삼성페이,,,,USB타입C,"3,300mAh",,,배터리일체형,최대15W,고속충전지원,Qi무선충전: 최대9W,,가로:73.6mm,세로:167.3mm,두께:7.2mm,무게:183g
다나와,갤럭시 S20,SM-G981,"
삼성전자 (
							제조사 웹사이트 바로가기)
												",,출시OS: 안드로이드10,공기계-새제품,,16.51cm(6.5인치),S-AMOLED,2400x1080,407ppi,120Hz,20:09,84.80%,,,HDR10+,스냅드래곤865,옥타(8)코어,2.84GHz+2.42GHz+1.8GHz,Adreno 650,,,,램:6GB,내장:128GB,UFS3.1,microSD:최대1TB,5G NR,LTE-A Cat.19,802.11 a/b/g/n/ac/ax,블루투스v5.0,,나노유심,,,"후면:1,200만화소+1,200만화소+800만화소","전면:3,200만화소",동영상:4K@60fps,,,,,F1.8,,광학식손떨림보정(OIS)+전자식손떨림보정(EIS),○,○,,○,○,,,○,,,○,,,,스피커:스테레오(2개),32비트 음원재생,,지문인식(온스크린),,,,빅스비,삼성페이,,IP68,,USB타입C,"4,500mAh",,,배터리일체형,최대25W,USB PD3.0,Qi무선충전: 최대15W,,가로:74.5mm,세로:159.8mm,두께:8.4mm,무게:190g
다나와,갤럭시 S20 Plus,SM-G986,"
삼성전자 (
							제조사 웹사이트 바로가기)
												",,출시OS: 안드로이드10,가개통/중고,,17.02cm(6.7인치),D-AMOLED,3200x1440,525ppi,120Hz,20:09,90.50%,,,HDR10+,스냅드래곤865,옥타(8)코어,2.84GHz+2.42GHz+1.8GHz,Adreno 650,,,,램:12GB,내장:256GB,UFS3.0,microSD:최대1TB,5G NR,LTE-A Cat.20,802.11 a/b/g/n/ac/ax,블루투스v5.0,,나노유심,,,"후면:6,400만화소+1,200만화소+1,200만화소+30만화소","전면:1,000만화소",동영상:8K@24fps,,,,,F1.8,,광학식손떨림보정(OIS)+전자식손떨림보정(EIS),○,,,○,○,,,○,,,○,○,○,,스피커:스테레오(2개),32비트 음원재생,,지문인식(온스크린),얼굴인식,,,빅스비,삼성페이,,IP68,,USB타입C,"4,500mAh",,,배터리일체형,최대25W,USB PD3.0,Qi무선충전: 최대15W,,가로:73.7mm,세로:161.9mm,두께:7.8mm,무게:188g
다나와,갤럭시 S20 울트라,SM-G988,"
삼성전자 (
							제조사 웹사이트 바로가기)
												",,출시OS: 안드로이드10,가개통/중고,,17.53cm(6.9인치),D-AMOLED,3200x1440,511ppi,120Hz,20:09,89.90%,,,HDR10+,스냅드래곤865,옥타(8)코어,2.84GHz+2.42GHz+1.8GHz,Adreno 650,,,,램:12GB,내장:256GB,UFS3.0,microSD:최대1TB,5G NR,LTE-A Cat.20,802.11 a/b/g/n/ac/ax,블루투스v5.0,,나노유심,,,"후면:1억800만화소+4,800만화소+1,200만화소+30만화소","전면:4,000만화소",동영상:8K@24fps,,,,,F1.8,,광학식손떨림보정(OIS)+전자식손떨림보정(EIS),○,,,○,○,,,○,,,○,○,○,,스피커:스테레오(2개),32비트 음원재생,,지문인식(온스크린),얼굴인식,,,빅스비,삼성페이,,IP68,,USB타입C,"5,000mAh",,,배터리일체형,최대45W,USB PD3.0,Qi무선충전: 최대15W,,가로:76.0mm,세로:166.9mm,두께:8.8mm,무게:222g
다나와,갤럭시 A31,SM-A315,"
삼성전자 (
							제조사 웹사이트 바로가기)
												",,출시OS: 안드로이드10,공기계-새제품,,16.25cm(6.4인치),S-AMOLED,2400x1080,411ppi,60Hz,20:09,84.90%,,,,미디어텍MT6768,옥타(8)코어,2.0GHz+1.7GHz,Mali G52,,,,램:4GB,내장:64GB,,microSD:최대512GB,,LTE-A Cat.6,802.11 a/b/g/n/ac,블루투스v5.0,,나노유심,,,"후면:4,800만화소+800만화소+500만화소+500만화소","전면:2,000만화소","동영상:1080p(FHD),30fps",,,,,F2.0,,,,○,○,,,,,○,,,○,,,3.5mm,스피커:모노(1개),,,지문인식(온스크린),,,,,삼성페이,,,,USB타입C,"5,000mAh",,,배터리일체형,최대15W,고속충전지원,,,가로:73.1mm,세로:159.3mm,두께:8.6mm,무게:186g
다나와,갤럭시 A51,SM-A516,"
삼성전자 (
							제조사 웹사이트 바로가기)
												",,출시OS: 안드로이드10,공기계-새제품,,16.51cm(6.5인치),S-AMOLED,2400x1080,405ppi,60Hz,20:09,87.20%,,,,엑시노스980,옥타(8)코어,2.2GHz+1.8GHz,Mali G76,,,,램:6GB,내장:128GB,UFS2.0,microSD:최대1TB,5G NR,LTE-A Cat.16,802.11 a/b/g/n/ac,블루투스v5.0,,나노유심,,,"후면:4,800만화소+1,200만화소+500만화소+500만화소","전면:3,200만화소",동영상:4k@30fps,,,,,F2.0,,전자식손떨림보정(EIS),○,○,○,,,,,○,,,○,,,3.5mm,스피커:모노(1개),,,지문인식(온스크린),,,,,삼성페이,,,,USB타입C,"4,500mAh",,,배터리일체형,최대15W,고속충전지원,,,가로:73.6mm,세로:158.9mm,두께:8.7mm,무게:187g
다나와,갤럭시 A퀀텀,SM-A716,"
삼성전자 (
							제조사 웹사이트 바로가기)
												",,출시OS: 안드로이드10,통신사가입-SKT,,17.02cm(6.7인치),S-AMOLED,2400x1080,393ppi,60Hz,20:09,88.30%,,,,엑시노스980,옥타(8)코어,2.2GHz+1.8GHz,Mali G76,,,,램:8GB,내장:128GB,UFS2.1,MicroSD,5G NR,LTE-A Cat.16,802.11 a/b/g/n/ac,블루투스v5.0,,나노유심,,,"후면:6,400만화소+1,200만화소+500만화소+500만화소","전면:3,200만화소","동영상:2160p(UHD),30fps",,,,,F1.8,,전자식손떨림보정(EIS),,,,,,,,,,,,,,3.5mm,스피커:모노(1개),,,지문인식(온스크린),,,,,,,,,USB타입C,"4,500mAh",,,배터리일체형,최대25W,고속충전지원,,,가로:75.5mm,세로:162.5mm,두께:8.1mm,무게:185g
다나와,갤럭시S20 FE,SM-G781,"
삼성전자 (
							제조사 웹사이트 바로가기)
												",,출시OS: 안드로이드10,공기계-새제품,,16.51cm(6.5인치),S-AMOLED,2400x1080,407ppi,120Hz,20:09,84.80%,,,HDR10+,스냅드래곤865,옥타(8)코어,2.84GHz+2.42GHz+1.8GHz,Adreno 650,,,,램:6GB,내장:128GB,UFS3.1,microSD:최대1TB,5G NR,LTE-A Cat.19,802.11 a/b/g/n/ac/ax,블루투스v5.0,,나노유심,,,"후면:1,200만화소+1,200만화소+800만화소","전면:3,200만화소",동영상:4K@60fps,,,,,F1.8,,광학식손떨림보정(OIS)+전자식손떨림보정(EIS),○,○,,○,○,,,○,,,○,,,,스피커:스테레오(2개),32비트 음원재생,,지문인식(온스크린),,,,빅스비,삼성페이,,IP68,,USB타입C,"4,500mAh",,,배터리일체형,최대25W,USB PD3.0,Qi무선충전: 최대15W,,가로:74.5mm,세로:159.8mm,두께:8.4mm,무게:190g
다나와,갤럭시노트20,SM-N981,"
삼성전자 (
							제조사 웹사이트 바로가기)
												",,출시OS: 안드로이드10,공기계-새제품,,17.53cm(6.9인치),D-AMOLED,3088x1440,496ppi,120Hz,19.3:9,91.70%,,,HDR10+,스냅드래곤865+,옥타(8)코어,3.0GHz+2.42GHz+1.8GHz,Adreno 650,,,,램:12GB,내장:256GB,UFS3.1,microSD:최대1TB,5G NR,LTE-A Cat.20,802.11 a/b/g/n/ac/ax,블루투스v5.0,,나노유심,,,"후면:1억800만화소+1,200만화소+1,200만화소","전면:1,000만화소",동영상:8K@24fps,,,,,F1.8,,광학식손떨림보정(OIS)+전자식손떨림보정(EIS),○,○,,○,○,,○,○,,,○,,,,스피커:스테레오(2개),32비트 음원재생,,지문인식(온스크린),,,,빅스비,삼성페이,4096단계 필압,IP68,,USB타입C,"4,500mAh",,,배터리일체형,최대25W,USB PD3.0,Qi무선충전,,가로:77.2mm,세로:164.8mm,두께:8.1mm,무게:208g
다나와,갤럭시노트20 울트라,SM-N986,"
삼성전자 (
							제조사 웹사이트 바로가기)
												",,출시OS: 안드로이드10,공기계-새제품,,17.53cm(6.9인치),D-AMOLED,3088x1440,496ppi,120Hz,19.3:9,91.70%,,,HDR10+,스냅드래곤865+,옥타(8)코어,3.0GHz+2.42GHz+1.8GHz,Adreno 650,,,,램:12GB,내장:256GB,UFS3.1,microSD:최대1TB,5G NR,LTE-A Cat.20,802.11 a/b/g/n/ac/ax,블루투스v5.0,,나노유심,,,"후면:1억800만화소+1,200만화소+1,200만화소","전면:1,000만화소",동영상:8K@24fps,,,,,F1.8,,광학식손떨림보정(OIS)+전자식손떨림보정(EIS),○,○,,○,○,,○,○,,,○,,,,스피커:스테레오(2개),32비트 음원재생,,지문인식(온스크린),,,,빅스비,삼성페이,4096단계 필압,IP68,,USB타입C,"4,500mAh",,,배터리일체형,최대25W,USB PD3.0,Qi무선충전,,가로:77.2mm,세로:164.8mm,두께:8.1mm,무게:208g
다나와,갤럭시 A10e,SM-A102,"
삼성전자 (
							제조사 웹사이트 바로가기)
												",,출시OS: 안드로이드9.0 파이,공기계-새제품,,14.80cm(5.83인치),PLS-LCD,1560x720,295ppi,60Hz,19.5:9,81.40%,,,,엑시노스7884,옥타(8)코어,1.6GHz+1.35GHz,Mali G71,,,,램:2GB,내장:32GB,,microSD:최대512GB,,LTE-A Cat.12,802.11 b/g/n,블루투스v5.0,,나노유심,,,후면:800만화소,전면:800만화소,"동영상:1080p(FHD),30fps",,,,,F1.9,,,,○,○,,,,,○,,,○,,,3.5mm,스피커:모노(1개),,,,,,,,,,,,USB타입C,"3,000mAh",,,배터리일체형,,,,,가로:69.6mm,세로:147.3mm,두께:8.4mm,무게:141g
다나와,갤럭시 지오,SHW-M290,"
삼성전자 (
							제조사 웹사이트 바로가기)
												",,출시OS: 안드로이드2.3 진저브레드,가개통/중고,,7.87cm(3.1인치),LCD,480x320,,,,,,,,,싱글(1)코어,0.8GHz,,,,,,,eMMC,MicroSD,,3G,,블루투스v3.0,,,,,후면:300~499만화소,,,,,,,,,,,,,,,,,,,,,,,3.5mm,,,,,,,,,,,,,,"1,000~1,999mAh",,,배터리탈착형,,,,,,,두께:10mm~,무게:100~150g
다나와,갤럭시 A10,SM-A105,"
삼성전자 (
							제조사 웹사이트 바로가기)
												",,출시OS: 안드로이드9.0 파이,가개통/중고,,15.75cm(6.2인치),IPS-LCD,1520x720,271ppi,60Hz,19:09,81.60%,,,,엑시노스7884,옥타(8)코어,1.6GHz+1.35GHz,Mali G71,,,,램:2GB,내장:32GB,,microSD:최대512GB,,LTE-A Cat.12,802.11 b/g/n,블루투스v5.0,,나노유심,,,"후면:1,300만화소",전면:500만화소,"동영상:1080p(FHD),30fps",,,,,F1.9,,,,○,○,,,,,○,,,,,,3.5mm,스피커:모노(1개),,,,얼굴인식,,,,,,,,마이크로5핀,"3,400mAh",,,배터리일체형,,,,,가로:75.8mm,세로:155.6mm,두께:8.1mm,무게:168g
다나와,갤럭시 A21s,SM-A217,"
삼성전자 (
							제조사 웹사이트 바로가기)
												",,출시OS: 안드로이드10,해외구매-새제품,,16.51cm(6.5인치),TFT-LCD,1600x720,270ppi,60Hz,20:09,82.80%,,,,엑시노스850,옥타(8)코어,2.0GHz+2.0GHz,Mali G52,,,,램:4GB,내장:64GB,eMMC5.1,MicroSD,,LTE-A,802.11 a/b/g/n/ac,블루투스v5.0,,나노유심,듀얼유심지원,,"후면:4,800만화소+800만화소+200만화소+200만화소","전면:1,300만화소","동영상:1080p(FHD),30fps",,,,,F2.0,,,,○,○,,,,,○,,,○,,,3.5mm,스피커:모노(1개),,,지문인식(후면),,,,,,,,,USB타입C,"5,000mAh",,,배터리일체형,최대15W,고속충전지원,,,가로:75.3mm,세로:163.7mm,두께:8.9mm,무게:192g
다나와,갤럭시 A7 2017,SM-A720,"
삼성전자 (
							제조사 웹사이트 바로가기)
												",,출시OS: 안드로이드6.0 마쉬멜로우,가개통/중고,,14.47cm(5.7인치),AMOLED,1920x1080,386ppi,,16:09,82.80%,,,,엑시노스7 7880,옥타(8)코어,1.9GHz,Mali T830,,,,램:3GB,내장:32GB,eMMC,microSD:최대256GB,,LTE-A Cat.6,802.11 a/b/g/n/ac,블루투스v4.2,,나노유심,,,"후면:1,600만화소","전면:1,600만화소","동영상:1080p(FHD),30fps",,,,,F1.9,,,,○,○,,,○,,○,,○,,,,3.5mm,스피커:모노(1개),,,지문인식,,,,,삼성페이,,IP68,,USB타입C,"3,600mAh",,,배터리일체형,,,,,가로:77.6mm,세로:156.8mm,두께:7.9mm,무게:186g
다나와,갤럭시 폴더2,SM-G165,"
삼성전자 (
							제조사 웹사이트 바로가기)
												",,출시OS: 안드로이드6.0 마쉬멜로우,공기계-새제품,,9.65cm(3.8인치),LCD,800x480,245ppi,,5:03,70.90%,,,,스냅드래곤425,쿼드(4)코어,1.4GHz,Adreno 308,,,,램:2GB,내장:32GB,eMMC,microSD:최대256GB,,LTE Cat.4,802.11 b/g/n,블루투스v4.2,,나노유심,,,후면:800만화소,전면:500만화소,"동영상:1080p(FHD),30fps",,,,,,,,,○,,,,,,○,,,,,,3.5mm,스피커:모노(1개),,,,,,,,,,,,마이크로5핀,"1,950mAh",,,배터리탈착형,,,,,가로:60.2mm,세로:122mm,두께:16.1mm,무게:164g
다나와,갤럭시 M20,SM-M205,"
삼성전자 (
							제조사 웹사이트 바로가기)
												",,출시OS: 안드로이드9.0 파이,공기계-새제품,,16.00cm(6.3인치),PLS-LCD,2340x1080,409ppi,60Hz,19.5:9,83.60%,,,,엑시노스7904,옥타(8)코어,1.8GHz+1.8GHz,Mali G71,,,,램:3GB,내장:32GB,,MicroSD,,LTE-A Cat.12,802.11 b/g/n,블루투스v5.0,,나노유심,,,"후면:1,300만화소+500만화소",전면:800만화소,"동영상:1080p(FHD),30fps",,,,,F1.9,,,,○,○,,,,,○,,,,,,3.5mm,스피커:모노(1개),,,지문인식(후면),얼굴인식,,,,,,,,USB타입C,"5,000mAh",,,배터리일체형,최대15W,,,,가로:74.5mm,세로:156.4mm,두께:8.8mm,무게:186g
다나와,갤럭시 네오,SHW-M220,"
삼성전자 (
							제조사 웹사이트 바로가기)
												",,,가개통/중고,,,,,,,,,,,,,,,,,,,,,eMMC,,,,,,,,,,,,,,,,,,,,,,,,,,,,,,,,,3.5mm,,,,,,,,,,,,,,,,,배터리탈착형,,,,,,,,
다나와,갤럭시 Z 폴드2,SM-F916,"
삼성전자 (
							제조사 웹사이트 바로가기)
												",,출시OS: 안드로이드10,공기계-새제품,,19.30cm(7.6인치),D-AMOLED,2208x1768,373ppi,120Hz,5:04,88.60%,,,HDR10+,스냅드래곤865+,옥타(8)코어,3.09GHz+2.42GHz+1.8GHz,Adreno 650,,,,램:12GB,내장:256GB,UFS3.1,MicroSD 미지원,5G NR,LTE-A Cat.20,802.11 a/b/g/n/ac/ax,블루투스v5.0,,나노유심,,,"후면:1,200만화소+1,200만화소+1,200만화소","전면:1,000만화소",동영상:4K@60fps,,,,,F1.8,,광학식손떨림보정(OIS)+전자식손떨림보정(EIS),○,○,○,,○,,,○,,,○,,,,스피커:스테레오(2개),32비트 음원재생,,지문인식(측면),,,,빅스비,삼성페이,,,,USB타입C,"4,500mAh",,,배터리일체형,최대25W,고속충전지원,Qi무선충전: 최대11W,,가로:128.2mm,세로:159.2mm,두께:6.9mm,무게:282g
