,pl_id,pl_model_code,pl_name,star,market,write_id,upload_day,title,text
1,223,LM-F100,윙,4,삼성공식파트너 디지털마트,bbvf****,20.11.06.,선택약정 중인 유심 그대로 사용하려고 자급제로 구매했어요. 플래그십 성능까지는 필요없는데 막상 적당히 괜찮은 폰을 찾으려니 쉽지 않더라구요. 갤럭시S20FE랑 노트20이랑 세개를 ,선택약정 중인 유심 그대로 사용하려고 자급제로 구매했어요. 플래그십 성능까지는 필요없는데 막상 적당히 괜찮은 폰을 찾으려니 쉽지 않더라구요. 갤럭시S20FE랑 노트20이랑 세개를 마지막까지 비교했는데 FE는 터치불량 문제도 있고 디스플레이가 구형이라 주사율은 높게 나오지만 색감이나 번인이 신경쓰였고 노트20은 이번에 노트20울트라랑 너무 급차이를 두고 나왔다고해서 가성비가 아쉬웠어요. 윙도 중국업체의 디스플레이를 사용하고 AP도 중급기 수준이라 좀 걱정이 되긴했지만 새로운 폼팩터가 궁금하기도하고 앞에도 얘기했듯이 AP성능은 중급기 정도만해도 제 사용패턴에는 충분할꺼 같아 구매하기로 결정했습니다. 개봉하고 이틀밖에 사용하지 않았지만 느낀점을 말씀드리자면 우선 일루젼스카이 색상이 참 마음에 드네요. 하늘색 흰색 분홍색이 빛의 각도에 따라 변하는데 너무 영롱합니다. 그래서 케이스를 끼우면 매력이 너무 반감되는 느낌이에요. 두께가 좀 두꺼운데 그래서 사용할때는 오히려 그립감이 좋아요. 다만 무거운 무게와 더해져 주머니에 넣고 다니면 부담스럽긴합니다. 디스플레이는 중국산이라해서 걱정했던것과 달리 색감이나 밝기 모두 만족스러운데 듀얼스크린은 해상도가 조금 더 높았으면 하는 생각도 드네요. 그외에 듀얼모드로 사용하는것은 생각보다 금방 적응이 되었고 어느정도 익숙해지니 멀티테스킹에 확실히 유용하긴하네요. 향후에 두 스크린 간에 앱 전환이 바로 이루어질수 있게 업데이트만 된다면 진짜 편할꺼 같아요. 카메라도 나름 잘 나오는것 같고 화각이나 모드를 바꿔가며 써보는 재미가 있네요. 그외에는 유튜브 리뷰들을 보면서 모노스피커라거나 아무래도 폼팩터 특성상 유격이 좀 있다는 점 등 미리 알 수 있었던 이런저런 장단점이 있었구요. 어느 스마트폰이건 장단점이 없을순 없겠지만 실제 써보니 스위블 되는 듀얼스크린과 팝업 셀피카메라만으로도 이미 직장에서는 인싸템 대접을 받고있는 폰이 되었답니다. 높은 사양을 요구하는 게임을 하신다거나 작고 가벼운 폰을 선호하시는게 아니라면 추천할만한 폰이라고 결론을 내리고 싶어요. 아 그리고 또 한가지 아쉬운 부분이 기본으로 동봉된 액정보호필름이 품질이 그리 좋지않고 특히 전면 보호필름은 엣지 부분이 잘 붙지않아서 강화유리필름을 구매하려고 알아보는 중이에요 ㅠㅠ 그래도 한동안 만족하며 잘 사용할수 있을것 같습니다. 구매를 고려중이신 분들께 작은 도움이 되었으면 좋겠네요 :)
2,223,LM-F100,윙,5,LG전자인증점 CDS유통,subi****,20.10.10.,스윙블폰 어떨지 궁금했는데 정말 신기하고 재밌는 폰이네요ㅎ 셀카 찍을때는 폰 상단에서 슝 소리가 나면서 카메라가 튀어 나오는데 정말 신기합니다.짐벌카메라 기능이 있어서 폰을 움직이,"스윙블폰 어떨지 궁금했는데 정말 신기하고 재밌는 폰이네요ㅎ 셀카 찍을때는 폰 상단에서 슝 소리가 나면서 카메라가 튀어 나오는데 정말 신기합니다.짐벌카메라 기능이 있어서 폰을 움직이지 않고 가상 조이스틱만으로 흔들림 없이 전문가처럼 찍을수도 있어서 좋고 듀얼레코딩 기능이 있어서 전,후면을 한번에 찍을수도 있는데 저장도 같이 할수 있어서 인스타나 페북에 올릴때 정말 좋습니다ㅎ 역시 아이디어의 엘지네요ㅎㅎ  그리고 색상은 일루전스카이인데 색깔이 정말 예쁘고 고급스럽습니다. 기능뿐만 아니라 디자인도 최고에요ㅎ 필름이랑 케이스도 들어 있습니다. 배송도 엄청 빠르고 강추 합니다ㅎ"
3,223,LM-F100,윙,4,삼성공식파트너 디지털마트,bbvf****,20.12.09.,사용하다보니 처음의 신선한 느낌은 많이 사라졌네요. 당장 폰이 너무 무겁다는 느낌이 강합니다. 뒤에 그립톡을 부착하니 사용하기엔 많이 괜찮아졌지만 무선충전을 사용할수없고 엘지페이를,사용하다보니 처음의 신선한 느낌은 많이 사라졌네요. 당장 폰이 너무 무겁다는 느낌이 강합니다. 뒤에 그립톡을 부착하니 사용하기엔 많이 괜찮아졌지만 무선충전을 사용할수없고 엘지페이를 사용할때 신경써서 갖다대야하는 불편함이 있네요. 업데이트가 되면서 속도도 좀더 빨라졌고 두개의 앱을 쓰는중에 화면간의 전환도 가능해져서 사용성은 보완이 되었습니다. 그래도 여전히 스위블이란 폼팩터에 대한 확실한 구매요인을 제공해주지 못하고 부차적인 단점이 공존하는지라 다른 사람들에게 쉽게 추천해주진 못할꺼 같아요. 케이스가 후면에 부착이 되어야하는 방식이라 아직까지도 선택의 폭이 좁고 곡면 디스플레이라 필름이나 강화유리 고르기도 까다롭네요. 그래도 엘지에서 꾸준히 업데이트를 해주려고 하는것 같아 아직까진 다행이라 생각하고 사용중입니다. 엘지에서 사후관리를 꾸준히해주고 소프트웨어적인 활용성을 더 높여 좀더 대중적인 폰 또는 폼팩터로 자리매김할수 있기를 바라요.
4,223,LM-F100,윙,2,삼성공식파트너 디지털마트,fost****,20.12.03.,"택배운송장에 내용물란에 휴대폰이라고 그대로 적는건 좀 아니라고 생각이 드는데 일단은 잘받았으니 넘어가고, 휴대폰은 나름 만족스러운데 윙 돌렸다가 닫을때 긁히는소리가 좀 많이나네요매","택배운송장에 내용물란에 휴대폰이라고 그대로 적는건 좀 아니라고 생각이 드는데 일단은 잘받았으니 넘어가고, 휴대폰은 나름 만족스러운데 윙 돌렸다가 닫을때 긁히는소리가 좀 많이나네요매장에서 전시제품 만져봤을땐 긁히는소리를 못들은거같았는데..  은근 거슬리네요모서리부분에 살짝찍혀있는것도 그렇고.."
5,223,LM-F100,윙,5,SSG닷컴,id******,20.11.07.,실제 사용해보니 너무 마음에 듭,실제 사용해보니 너무 마음에 듭니다...사진 화질도 무지 좋구요...가로화면 강의 동영상 시청하면서 아래화면으로 통화 뉴스검색 모든게 다 되요..지금까지 이런 폰 처음이네요..완전 신세계입니다첫번째폰은 아내용으로 샀는데 딸이 엄마 사용하는거보고 자기도 사달라고 난리네요..ㅎㅎ  그래서 1대 더 추가 구매할려고 합니다...지난번엔.ㄴ 카드 할인이 있어 싸게 샀는데 이번에도 가능한지 좀 찾아봐야 할듯요...여유가 되면 한대 더 해서 자동차 네비게이션으로 사영하면 좋을거 같아요...특히 영업하시는분들은 최강추인거 같읍니다.자동차 운전 많으신 분들에게는 가장 좋을거 같읍니다..가족여행중에 사진찍으니 화질 끝내주고요...사진찍기도 너무 편하고 좋은거 같읍니다위에화면은 강의 동영상 틀어놓고 밑에화면은 카톡이나 인터넷검색  정말 색다른 경험입니다주변동료들도 신기하다고 만져보면서 바꾸고 싶다는 얘기들을 많이들하네요.사진 짐벌모드 듀얼레코딩  등등 아주 신기한 기능도 많답니다오래오래 사용했으면 좋겠어요..그래서 아주 조심조심 사용한답니다..ㅎㅎ
6,223,LM-F100,윙,5,하이마트쇼핑몰,x*d*****,21.03.12.,고민끝에 구매했는데 생각보다 더,"고민끝에 구매했는데 생각보다 더 만족스럽네요.깨끗한 새 제품으로 빠르게 배송되었으며, 무이자24개월 할부지원도 좋네요."
7,223,LM-F100,윙,5,삼성공식파트너 디지털마트,jang****,20.11.14.,잘 받았습니다. 배송 빨라요. 동봉된 필름이 엣지 부분 붙지를 않네요. LG에서 더 신경 써야 되지 않나 생각이 듭니다. 제품은 적응시간이 좀 걸리겠네요.,잘 받았습니다. 배송 빨라요. 동봉된 필름이 엣지 부분 붙지를 않네요. LG에서 더 신경 써야 되지 않나 생각이 듭니다. 제품은 적응시간이 좀 걸리겠네요.
8,223,LM-F100,윙,4,삼성공식파트너 디지털마트,sjkt****,20.12.05.,현재까지 잘사용중이예요 영상편집용으로 카메라가 너무 맘에 들어요 스크린이 두개니 두가지일을 한번에 할 수 있어 편합니다 다만 무게가 좀 많이 나가는거 빼고는 만족입니다,현재까지 잘사용중이예요 영상편집용으로 카메라가 너무 맘에 들어요 스크린이 두개니 두가지일을 한번에 할 수 있어 편합니다 다만 무게가 좀 많이 나가는거 빼고는 만족입니다
9,223,LM-F100,윙,5,삼성공식파트너 디지털마트,fate****,20.12.04.,총알배송~~제품 넘 좋아요^^,총알배송~~제품 넘 좋아요^^
10,223,LM-F100,윙,5,삼성공식파트너 디지털마트,navy****,20.10.28.,빠른배송에 역시 엘지네요 유투브 방송이나 촬영할때 요긴하게 쓸것 같아요!,빠른배송에 역시 엘지네요 유투브 방송이나 촬영할때 요긴하게 쓸것 같아요!
11,223,LM-F100,윙,5,삼성공식파트너 디지털마트,aoiy****,21.01.11.,성능 괜찮고 특이해서 좋습니다,성능 괜찮고 특이해서 좋습니다
12,223,LM-F100,윙,5,삼성공식파트너 디지털마트,jj84****,20.12.25.,화질좋고 가로로 동영상볼때 화면이 커서 마음에 듭니다.,화질좋고 가로로 동영상볼때 화면이 커서 마음에 듭니다.
13,223,LM-F100,윙,4,삼성공식파트너 디지털마트,dlgy****,20.12.16.,배송을 빨라서 좋았어요안전하게 사용할수있을지는 모르겠습니다ㅎ생각보다 무게감 있어요근데 기본으로 제공되는 필름은 오ㅐ 있는건지뜯어지지도 않고 해서 버리구 다른걸로 바로 구입했어요 !,배송을 빨라서 좋았어요안전하게 사용할수있을지는 모르겠습니다ㅎ생각보다 무게감 있어요근데 기본으로 제공되는 필름은 오ㅐ 있는건지뜯어지지도 않고 해서 버리구 다른걸로 바로 구입했어요 !!
14,223,LM-F100,윙,3,삼성공식파트너 디지털마트,4734****,20.12.22.,제품에 딱 맞는 박스에 포장해주셔서 폰박스가 찍혀서왔네요.,제품에 딱 맞는 박스에 포장해주셔서 폰박스가 찍혀서왔네요.
15,223,LM-F100,윙,4,삼성공식파트너 디지털마트,een1****,20.12.04.,뭔가 형태부터 특이하게 나온 폰이라 사용할때 어릴때 가지고 놀던 장난감같기도 하고 항상 신기한 느낌입니다ㅋㅋ,뭔가 형태부터 특이하게 나온 폰이라 사용할때 어릴때 가지고 놀던 장난감같기도 하고 항상 신기한 느낌입니다ㅋㅋ
16,223,LM-F100,윙,5,삼성공식파트너 디지털마트,loki****,20.11.25.,폰도 이쁘고 배송도 빨라요! 폰케이스랑 액정보호필름이 기본구성이라 좋네요잘쓰겠습니다:D,폰도 이쁘고 배송도 빨라요! 폰케이스랑 액정보호필름이 기본구성이라 좋네요잘쓰겠습니다:D
17,223,LM-F100,윙,5,삼성공식파트너 디지털마트,ereu****,20.11.24.,생각보다 무겁지만 멀티태스킹 갑! 게임돌리면서 공략집도보고 유튜브보면서 카톡도★  생각보다 서브스크린이커서 활용하는데 문제가없습니다.,생각보다 무겁지만 멀티태스킹 갑! 게임돌리면서 공략집도보고 유튜브보면서 카톡도★  생각보다 서브스크린이커서 활용하는데 문제가없습니다.
18,223,LM-F100,윙,5,삼성공식파트너 디지털마트,wnsg****,20.12.03.,개봉하자마자 사진부터 찍어서 올립니다 ㅋㅋ 일댠 그립감은 좋아요,개봉하자마자 사진부터 찍어서 올립니다 ㅋㅋ 일댠 그립감은 좋아요
19,223,LM-F100,윙,5,삼성공식파트너 디지털마트,blo0****,20.11.28.,좋습니다 lg폰도 좋네요.,좋습니다 lg폰도 좋네요.
20,223,LM-F100,윙,5,삼성공식파트너 디지털마트,sure****,20.11.26.,선물로 구매했습니다. 잘갖고노네욬ㅋㅋㅋ 멀테가 되서 업무적으로도 편하답니다.,선물로 구매했습니다. 잘갖고노네욬ㅋㅋㅋ 멀테가 되서 업무적으로도 편하답니다.
1,224,SM-A102,갤럭시 A10e,5,인터파크,s*e*****,20.07.15.,가성비 좋은 폰입니다^^,초등학생 아이 선물로 주문했습니다 배송도 빠르고 좋은 상품으로  잘 받았습니다 가성비 좋은 폰 입니다 아이도 무척 좋아하네요
2,224,SM-A102,갤럭시 A10e,5,인터파크,a*q*****,20.07.03.,배송빨라요,배송 정말 빠르네요 저렴하게 잘 샀어요
3,224,SM-A102,갤럭시 A10e,5,11번가,su******,20.05.26.,최고예요,5월초에 부모님 직접 드리려구 4월말에 구매했는데 3만원이나ㅠ떨어진 가격에 속이 쓰리네요ㅋㅋ학생이다보니ㅜㅠㅜㅠ부모님 핸드폰 바꿔드렸어요.부모님이 쓰실거라서 가개통 아닌 자급제폰으로 구매했구요.홈버튼이 없어서 아직 손에 익지는 않으셨는데 좋다고 하시니 다행이에요.여러 보급형알아보다가 A10E로 구매했어요.뽁뽁이 두껍게 쌓여서 왔구요.가볍고 얇고 예뻐요.화면보호필름은 인터넷에서 뒤져도 없고 집 주변에 삼성센터도 없어서 집근처 폰가게 가서 얼추 맞는거로 붙였어요.단점은 노래를 듣고 싶으신데 노래 듣는앱 자체가 없네요. 그리고 충전기 줄이 짧아서 충전기 줄은 따로 구매하는게 편할 것 같아요.그리고 그립톡은 3M테잎인데 자꾸 떨어져요ㅜㅠ정품 케이스나 그냥 인터넷에서 파는 케이스 갤럭시 A10E거는 찾기 어렵고 진2랑 호환이라 그거로 사니 딱 맞고 좋아요.그리고 화면보호필름 추가구매로라도 할 수 있었음 좋겠어요.
4,224,SM-A102,갤럭시 A10e,5,하이마트쇼핑몰,i*i*****,20.06.03.,배송 좋다. 작다. 가볍다. 그립감 ,배송 좋다. 작다. 가볍다. 그립감 좋다. 저가형이지만 기본동작은 빠릿합니다.그러나 외관에 문제 있는 상품받았습니다. 회수하려면 삼성서비스센터에 가서 불량판정서를 받아오라는데 번거로워서 그냥 쓰기로했습니다. 외관에 신경 안쓰면 추천합니다.  유심트레이 조립이 삐뚤게 되고 액정과 배터리커버 사이가 들렸습니다. 그치만 이점빼고 디자인은 맘에 듭니다. 외관 이외에 성능은 만족합니다. 다른 저가형폰도 쓰고 있지만 a10e가 사용할때 만족감이 높습니다. 하지만 하드웨어가 빠진 부분이 있으니 잘알아보고 사는게좋습니다.자동밝기 x  나침반 x 지문인식x dmb x통화시 자동녹음 설정 가능내비게이션 됨usb c타입이고 충전기 사면 고속충전됩니다.
5,224,SM-A102,갤럭시 A10e,5,11번가,su******,20.05.26.,최고예요,부모님 핸드폰 바꿔드렸어요.부모님이 쓰실거라서 가개통 아닌 자급제폰으로 구매했구요.여러 보급형알아보다가 A10E로 구매했어요.뽁뽁이 두껍게 쌓여서 왔구요.가볍고 얇고 예뻐요.단점은 노래를 듣고 싶으신데 노래 듣는앱 자체가 없네요. 그리고 충전기 줄이 짧아서 충전기 줄은 따로 구매하는게 편할 것 같아요.그리고 그립톡은 3M테잎인데 자꾸 떨어져요ㅜㅠ정품 케이스나 그냥 인터넷에서 파는 케이스 갤럭시 A10E거는 찾기 어렵고 진2랑 호환이라 그거로 사니 딱 맞고 좋아요.
6,224,SM-A102,갤럭시 A10e,4,옥션,e*e*****,20.04.20.,애가 전화기를 물에 떨어뜨려서 빨리 일단 싸게 잘 샀어...,"애가 전화기를 물에 떨어뜨려서 빨리 일단 싸게 잘 샀어요. 딱 휴대폰만 옵니다.  휴대폰가게에서 주는 기본케이스나  액정보호필름  충전기 등등 사은품 그런거 없습니다. 휴대폰만 옵니다. 휴대폰 기본액정필름 안붙어 있어서 개인적으로 구매하시거나 동네 휴대폰가게 가셔서 하시면 됩니다.  일단 무게가 아이들이 쓰기 가볍고 손 안에 딱 맞는 사이즈에요.  유심  꼽고 2번 재부팅하니 바로 되더라구요. 가개통폰이(kt,skt) 아닌  자급제폰입니다."
7,224,SM-A102,갤럭시 A10e,5,쥐에프모바일,bomd****,20.06.26.,세컨폰으로 쓰려고 구입했어요. 자급제폰이라 약정같은것 구속 안받아도 되고 좋아요. 사이즈도 한손에 딱이네요. 많이 파세요~,세컨폰으로 쓰려고 구입했어요. 자급제폰이라 약정같은것 구속 안받아도 되고 좋아요. 사이즈도 한손에 딱이네요. 많이 파세요~
8,224,SM-A102,갤럭시 A10e,5,옥션,s*a*****,20.12.14.,저렴하네요,저렴하네요
9,224,SM-A102,갤럭시 A10e,5,삼성인증파트너 쇼마젠시,towk****,20.07.22.,만족해요~ 디자인도 깔끔하고 카메라 화소도 좋아요,만족해요~ 디자인도 깔끔하고 카메라 화소도 좋아요
10,224,SM-A102,갤럭시 A10e,5,삼성모바일파트너 코잇,lsy6****,20.07.20.,배송도 빨리 왔고 좋아요,배송도 빨리 왔고 좋아요
11,224,SM-A102,갤럭시 A10e,5,컴퓨존,stch****,20.07.30.,간단하게 쓰기 좋아요,간단하게 쓰기 좋아요
12,224,SM-A102,갤럭시 A10e,5,하이마트쇼핑몰,r*d*****,20.07.29.,제품도 좋고 가성비 최고입니다. ,제품도 좋고 가성비 최고입니다. 부모님 핸드폰으로 구입했습니다.
13,224,SM-A102,갤럭시 A10e,5,하이마트쇼핑몰,m*z*****,20.07.09.,"쓸만합니다. 
진동이 엄청쎄고 조",쓸만합니다. 진동이 엄청쎄고 조절이 안되는것 빼면 가성비 꽤 괜찮음.
14,224,SM-A102,갤럭시 A10e,5,컴퓨존,dlwl****,20.07.15.,애들키즈폰으로 딱입니다 많이파세요,애들키즈폰으로 딱입니다 많이파세요
15,224,SM-A102,갤럭시 A10e,5,쥐에프모바일,dong****,20.06.26.,가격 대비 만족합니다,가격 대비 만족합니다
16,224,SM-A102,갤럭시 A10e,5,삼성인증파트너 쇼마젠시,towk****,20.06.18.,배송도 빠르고 제품도 포장 잘 되어 왔어요,배송도 빠르고 제품도 포장 잘 되어 왔어요
17,224,SM-A102,갤럭시 A10e,5,컴퓨존,stch****,20.06.19.,배송 빨라요 바로 다음날 받았습니다,배송 빨라요 바로 다음날 받았습니다
18,224,SM-A102,갤럭시 A10e,5,하이마트쇼핑몰,c*t*****,20.06.24.,좋은상품잘구입했네요,좋은상품잘구입했네요
19,224,SM-A102,갤럭시 A10e,4,하이마트쇼핑몰,r*i*****,20.06.11.,"작아서 좋네요
액정보호필름 없어",작아서 좋네요액정보호필름 없어요
20,224,SM-A102,갤럭시 A10e,5,하이마트쇼핑몰,h*h*****,20.02.07.,새 기기라서 그런지 일단 속도가 ,새 기기라서 그런지 일단 속도가 빨라서 만족스럽습니다. 배송도 정말 빨랐구요. 다만 기종에 맞는 케이스를 구하기 어려운 게 흠 아닌 흠입니다 
21,224,SM-A102,갤럭시 A10e,3,하이마트쇼핑몰,u*m*****,20.06.01.,아이가좋아하네요.밧데리가 이상,아이가좋아하네요.밧데리가 이상해요
22,224,SM-A102,갤럭시 A10e,5,하이마트쇼핑몰,c*i*****,20.05.27.,빠른배송감사합니다 저렴하게샀,빠른배송감사합니다 저렴하게샀어오
1,225,LG-D821,넥서스5,5,옥션,auu*****,15.11.16.,강추에요!, 기본 구성 사진입니다. 추가 사은품은 따로 보내주신다고 하셨구여~ 다른곳 보다 기본사은품 구성도 좋아서 여기서 구매하게 되었습니다.겔럭시 쓰다 바꿨는데.. 속도도 빠르고 디자인도 너무 마음에 듭니다.넥서스 5x 강추에요! 
1,227,LG-F180,옵티머스 G,5,,jkw1****,12.06.21.,국내출시 난감한 모델임...,"옵티머스LTE2 대만족하게 사용하는 유저입니다. 왜 이폰이 국내출시 난감하냐면 테그라3을 달고 나와야 4x 즉 쿼드코어라는게 충족이 되는데 이렇게되면 LTE가 지원이 안됩니다. 테그라3은 3G이하용이기 때문이죠... 이렇게되면 LTE 통합원칩인 스냅드래곤 s4를 달면 또 듀얼코어라 4x라는 이름에 충족이 안될뿐만 아니라 그냥 말그대로 스펙이 옵티머스LTE2랑 거의 똑같기때문에 굳이 출시할필요가 없어지죠......... LG입장에선 굳이 통신사에서 싫어하는 3G용을 출시할 이유가 없을뿐만 아니라 갤럭시S3 3G에 비해서 경쟁력이 턱없이 부족하기 때문에 LTE폰에 올인하는게 낫다고 보여집니다. 물론 방법은 있습니다. 갤럭시S3 LTE 처럼 베이스밴드 즉 칩을 2개 넣는것이죠... 이렇게되면 스냅드래곤 s4 처럼 원칩이 아니라서 효율성이나 배터리소모등 단점이 지적될 가능성이 매우 높습니다. 지난 갤럭시S2 LTE, HD LTE, 옵티머스 LTE1, 베가LTE1 등등 이 초창기 스내드래곤S3을 달고나온 폰들은 모두 배터리가 너무 빨리 단다는 단점이 매우심했습니다. 아무튼 갤럭시S3 LTE나 옵티머스 4x HD나 베이스밴드(2칩) 으로 나오게 된다면 개인적으로 구매하지 않을것이고 옵티머스LTE2로 버티다가 추후에 엑시노스 LTE원칩이나 VoLTE 폰이 나오게 되면 그때 사려고 합니다. 솔직히 갤럭시S3 LTE 매우 기대했는데 결국 삼성이 원칩 LTE 지원칩을 개발까진 갔어도 상용화를 이루지 못했네요...... 아무튼 퀄컴은 원칩 처음으로 만들어서 돈 상당히 많이 벌어먹네요.... 해외출시 갤럭시S3 LTE 모델도 스냅드래곤s4가 거의 달려서 나오니까요..... 우리나란 쿼드코어 마케팅때문에 어쩔수 없이 2칩이면..... 굳이 안살렵니다."
2,227,LG-F180,옵티머스 G,5,,dyd2****,12.03.05.,사실은 코어가 5개라는데,이휴대폰에는 코어가 총 다섯개입니다하지만 쿼드코어로 나오죠 왤까요??1.5기가 헤르쯔 4개와 800 메가 헤르쯔 1개가있기때문입니다쉐도어 코어라고 전력을 덜쓰는 코언데요 인터넷 서핑같은 저사양 작업는 5개 코어중 1.5기가 해르쯔3개와 800메가헤르쯔 1개 짜리가 돌아갑니다그리구나서는 고사양 게임 이나 그래픽 작업에는 1.5개짜리 4개가 돌아가죠 그래서 왠만한 고사양 프로그램왜에는 배터리가 덜딸게 되어 있습니다 이번작품은 기대가 무지되지만 ㅎㅎ 저는 아이폰 유저라 미안해 옵티머스~~ㅋ
3,227,LG-F180,옵티머스 G,5,,lydi****,12.06.20.,테그라3,갤3가 쿼드로 나오는 마당에 LG는 뒤지기 싫으면 이거밖에 없음 다만 테그라3가 LTE지원이 안 되서 3g죽이기에 눈이 빨간 통신사들이 팔아줄런지 옵2 신나게 팔아먹다가 다음달 갤3 발매될 때쯤 다갈아 엎고 쿼드.LTE에 2기가 램으로 나올거 같음 지금 나오면 팀킬
4,227,LG-F180,옵티머스 G,5,,rhrh****,12.03.21.,당연 쿼드코어폰이라 나오죠...,"옵티머스 4X HD.쿼드코어폰이라고 하지만 사실은 코어가 5개가 맞습니다. 하지만 왜 쿼드코어라고 그러냐? 당연 컴패니언 코어는 CPU역할보단 저전력 구동 서스펜션 시스템으로서 4개의 CPU를 돌릴때 엄청난 전력소모를 막기위해 박아넣은것이 컴패니언 코어입니다. 4개의 코어, CPU를 돌릴때는 다중작업, 고화질 영상플레이,3D 게임플레이등..이러한 작업을 할때만 돌아가구요,.그외에 전화통화,문자등...간단한 작업은 컴패니언 코어가합니다. 헌제 보통 사람들이 스마트폰을쓰면서 통화를 많이할까요 게임이나 인터넷을 많이 사용할까요?그렇기때문에 일반적으론 4개의 CPU가 돌아가고 컴패니언 코어는 따로 돌아가지않습니다. 그렇기에 쿼드코어라고 붙여진거구요 ㅇㅅㅇ"
5,227,LG-F180,옵티머스 G,5,,smtk****,12.10.09.,"옵티머스HD 4X 한국에 출시되면 살려고 했는데 ㅋㅋㅋ,,,",테그라3 쿼드코어 프로세서 1.5GHZ 그리고 투르 HD IPS라서 좋았는데 ㅋㅋ LTE 지원이 않되서 한국에는 출시 못한다고 하네요 머 상관 없어요 다음주에 옵티머스G  사러 갑니다 ㅎㅎ 
6,227,LG-F180,옵티머스 G,4,,some****,12.09.07.,겔럭시S3 보다좋네..,우오오...이거뭐 국내출시하면 대박날텐데..흠..엘지는 안좋은 인식이 더많아서.이정도 나오면 진짜 비밀무기 히든카드일텐데 
7,227,LG-F180,옵티머스 G,5,,rlag****,12.08.15.,저가써봤던 옵티머스중에 최고입니다,이걸 한국에서 구하기 힘들어서 이베이에서 샀습니다.그런데 부팅속도 죽여주네요 진짜 빨라요.요새 사람들에게 추천합니다.곧 병맛될 LTE폰 쓰지말고 가끔은 3G로 돌아가서도 사용해 보는거야
8,227,LG-F180,옵티머스 G,3,,blac****,12.06.19.,램이...,램이... 프로세서를 받쳐주지 못하네요ㅡㅡ 다른 사양을 보면은 갤스 셋이랑 비슷한데 램이 낮네요.. CPU100Mhz차이로 더 높지만 이정도면은 램으로 감당할수있는 차이이므로 전 3점주겠음 아쉽다...
9,227,LG-F180,옵티머스 G,5,,bycv****,12.05.02.,기대된다!!,옵뷰도 좋은데...좀 늦게 살껄 그랬나??여기저기 동양상 봤는데... 화이트 이쁘네..갤3는 방수라던데... 이건 방수 아니것지?? 하긴 방수라고해서 뻑가면 망하니깐..ㅋ암튼 기대됩니다. lg전자의 부활
10,227,LG-F180,옵티머스 G,2,,yn19****,12.05.16.,와 어떻게 우리나라보다 다른나라에 출시를...,우리나라랑 다른나라랑 가격 다른건 이해할수있는데어떻게 유럽에 먼저 출시하는거지...
11,227,LG-F180,옵티머스 G,5,,bslo****,12.03.03.,쿼드코어 스마트폰,해외출시 먼저 하고 국내출시 할껄요?네이버에서는 미출시 폰은 거의 다 해외출시폰이라고 나오는게 ㅋ희동이님 말씀처럼 스펙업 했으면 좋겠다.
12,227,LG-F180,옵티머스 G,3,,dlgu****,12.02.24.,옵티머스,2x에듀얼코어 이어서 쿼드코어출시예정이긴 하지만 프로세서 배터리 디스플레이면에서는 갤럭시s3보단 낮은게 아쉽네요 ㅠ.ㅜ옵티머스3d를 개발햇는데 3d지원 없넹 ㅜㅜ 아쉽아쉽
13,227,LG-F180,옵티머스 G,3,,jang****,12.02.26.,난3빠다,저기 해외출시라 되어 잇내요 ㅋㅋ 해외에서 반응 좋으면 국내애 내놓고 해외에서 반응 안좋으면 스팩 업해서 국내에 내놓을라나??그러면 좋갯내;;네이버애서 나온 갤3스펙보단 떨어지지만 그래도 훌륭한 스팩임 ㅋㅋ
14,227,LG-F180,옵티머스 G,5,,wjfj****,12.02.23.,1빠다 ,이번에 엘지가 다시 부활하기를....
15,227,LG-F180,옵티머스 G,5,,vege****,11.09.26.,옵티머스7 (LG-E900) 이틀 사용기...,"1. 모바일로 네이버 메일확인을 한 다음, 웹으로 메일을 확인했을때모바일로 읽은 메일들은 웹에서도읽었다고 표시되었으면 좋겠다! 2. 윈7 페이스북은 페이지, 이벤트는 다 접근이 가능한데 그룹에만 접근이 안된다 ㅠ 3. 자동으로 몇시에 꺼지고, 켜지고 하는 수면모드 기능이 없다. 4. 셀카가 안된다. 5. 화면캡쳐기능이 없다. 6. 윈7용 트위터를 쓸 수가 없다... 7. 개통하려고 하는데 뭔가 너무 복잡하다 ㅠㅠ"
16,227,LG-F180,옵티머스 G,5,,batt****,11.10.06.,써봤음.,괜찮은것 같은데 해상도 낮고 화면 작은게 좀 문제임
17,227,LG-F180,옵티머스 G,4,,vege****,11.09.27.,배터리가 정말 너무 빨리 달음..,풀게이지로 채워놨는데 12시간도 안돼서 꺼지는 현상은...참 ㅠㅠ...
18,227,LG-F180,옵티머스 G,5,,flsa****,11.02.16.,옵니아7 vs 옵티머스7에서 옵티머스7이 이길려면 소프트웨어만 잘하면된다.,말그대로임... 이길려면 소프트웨어라도 잘해야함
19,227,LG-F180,옵티머스 G,5,,oops****,10.11.16.,기대작 옵티머스 7,이번 옵티머스 7 출시로 인해 많은 사람들이 LG폰으로 관심을 가질수 있을 것 같군요기대가 됩니다..
20,227,LG-F180,옵티머스 G,5,,asas****,10.11.14.,옵티머스 대박,"윈도우7이라.. 아이폰, 갤럭시 힘들겠는걸요? ^^"
21,227,LG-F180,옵티머스 G,5,,shon****,10.11.10.,왠지..LG전자가 윈도우7폰으로 다시 살아 날것 같네요~~~,기대 되는 제품입니다..빨리 출시 해 주세엽..
22,227,LG-F180,옵티머스 G,5,,appl****,10.11.08.,느려터져서 쓰지도 않는 테더링 태클은 -_-;,스마트폰 쓰시는분 맞으신지.. ;
23,227,LG-F180,옵티머스 G,5,,asas****,10.11.14.,옵티머스 7 대박,갤럭시 s 넉다운 될듯 ㅎㅎ
24,227,LG-F180,옵티머스 G,5,,basj****,10.11.07.,흠,기대되네요..
25,227,LG-F180,옵티머스 G,5,,guru****,10.10.21.,윈도우즈 폰이라..,생각보다 빠릿 빠릿한 UI와 속도 때문에 상당히 기대됩니다.해외 preview 에서도 상당히 호평을 했던데빨리 한국 출시했으면 합니다.
26,227,LG-F180,옵티머스 G,5,,k2sn****,10.10.12.,옵티머스7...,왠지 모르게 대박날수도 있다는 생각이 드는군요...옵니아는 저주받은 시리즈라서 ㅋㅋ 사람들한테 이미지가 않좋으니...옵티머스7의 성공을 바랍니다~~~
27,227,LG-F180,옵티머스 G,3,,siry****,10.10.13.,헐 다좋은데 3G?,테더링이 안됀다니 ;;;;시대에 밀리는건가;;;말이 안돼네요 ㅡㅡ;;;;
28,227,LG-F180,옵티머스 G,3,,wnsx****,10.10.12.,이거 나원..,"이거 무슨 행운의 번호 7을하고;;;옵티1이 3.2만화소,옵티7이 5백만...이거 아주 수직상승이구나!!쳇ㅅㅅㅅㅅㅅㅅㅅㅅㅅㅅㅅㅅㅅㅅㅅㅅㅅㅅㅅㅅㅅㅅㅅ"
29,227,LG-F180,옵티머스 G,5,,audr****,11.09.13.,옵티머스솔,옵티머스솔 해왜 보급형 스마트로 울트라 아몰레드2.3진저 1기가헤르츠 cpu보급형치곤 스펙이 전혀 딸리지 않는군요 밑에분 이폰이 프리미엄으로             아시는듯하대 아님니다 보급형이구요 엘지 최초 아몰레드 탑제라 기대 대는군ㅣ요
30,227,LG-F180,옵티머스 G,5,,tmdg****,11.09.23.,옵티머스솔 해외출시 ,옵티머스솔 해외 출시폰이네요 그리구 보급형이긴한대 1년전엔 이사양이면 프리미엄으로 뽑혓슬정도구요 3.8인디 울트라아몰레드 엘지 체초아몰레드 군요 디자인 9.8mm 다 제가볼땐 괞찬군요 
31,227,LG-F180,옵티머스 G,3,,petr****,11.08.22.,참 엘지....,빨리 화이트 나와서 요자로 풀려라~!~!ㅎㅎㅎ~
32,227,LG-F180,옵티머스 G,2,,ljh4****,11.08.22.,스펙참 불쌍하네,싱글코어ㅋㅋ  3.8인치뭐냐 ㅋㅋ 램도 512mb 뻔하겠네진저출시니까 별2개준다
33,227,LG-F180,옵티머스 G,5,,khkh****,12.02.20.,빨리 출시 됬으면 좋겠다...,가족중에 누나가 옵티머스3D를 사용해서 가지고 놀면서 3D매력에 푹빠졌었는데..... 여러 스마트폰의 유혹을 이겨내면서 옵티머스3D2를 기달렷는데 이제 출시되네요~누나꺼 쓰면서 옵티머스 3D가 렘이 512MB밖에 안되서 약간 느렷었는데 1GB로 바뀌고 4.5인치!!! 해상도도 올라가고.... 빨리 나왔으면 좋겠다 ><옵티머스3D2는 3G보급형으로 나온다는 기사도 잇던데.... 싸게 나왔으며 좋겠네요~ 아무튼 사고 싶다!
34,227,LG-F180,옵티머스 G,3,,tjrw****,12.04.28.,세인트님....,세인트님이 말씀하시는건 옵티머스3D 큐브 같은데그건 옵티머스3D의 단순한 개량형이고옵티머스3D2는 아직 공개도 안된 완전한 후속작입니다.전 개인적으로 스펙이 마음에 들지만 옵티머스3D 사용자로서 별세개
35,227,LG-F180,옵티머스 G,1,,skyf****,12.02.23.,또 망하겠구나,여기 있는 스펙 전부 틀린겁니다 4.3인치구요 해상도 800*400입니다 배터리 1520이고로 전작보다 무게 사이즈만 줄였지 나아진거라고는 ap 살짝 올라간거말고 없습니다 
1,233,LG-KU5400,프라다폰 3.0,4,,thda****,11.12.23.,이폰은 말그대로 명품인듯 싶습니다.,"아직 사용해보지못해 ui나 최적화쪽은 잘모르겠습니다만.프라다라는 브랜드적 가치를 살리기위해 lg에게 최적화 시킬일은 없을거같고. 디자인도 명품이란 칭호를 붙이기 좋을정도로 깔끔하고 좋네요.예상으로는 skaf같은 통신사 어플이 깔릴확률은 낮다고봅니다.프라다폰 같은경우는 통신사보고 팔아달라하는게아니라 통신사에사 팔게해달라는 쪽의 폰이고 그런면에서통신사어플은 없을것같습니다(예를들면 htc사의 센세이션이 있습니다)그리고 어느분이 클럭수가 딸린다했는데 클럭수는 그냥 수치일뿐 cpu의 질이 중요한겁니다.모토로이(희대의 쓰레기폰)로 1.2ghz로 클럭한게 갤투랑 같다보는격입니다. 또하나 베가레이서가 1.5클럭수를 달고나왔는데 1.0인 옵티머스3d한테 속도로는 발립니다. 듀얼채널이라는 기술을 접목시키면 더빠르게 사용할수있을뿐만아니라 구지 안정권 넘는 클럭수를써서 기기수명을 줄일필요가 없어집니다. 프라다는 자체적으로 명품이란 브랜드가치를 중시하기에 님들이2년쓰다 버릴폰으로 만들지 않아서 긍정적으로 생각합니다. 마지막으로 하드웨어적 스펙이 딸린다하는데 이경우는 아이폰4를 예를 들겠습니다.다들 아시다시피 아이폰4는 중고가로도 4s가 나온시점에서도 50만원대의 중고가를 지녔습니다.바로 ios5업데이트 및 아이폰만의 최적화덕입니다. 우리가 사랑하는s사의 x럭시s 를 예로 들어볼께요 ,현제 x럭시s는 진저브레드(2.3)버젼까지 업데이트 되어있습니다. 하지만 아이스크림 샌드위치(4.0 ICS)로는 하드웨어가 딸려서 안해준다하네요 하지만 동급스펙인 넥서스S 는 벌써 업테이트 되고있습니다. 이는 넥서스를 버리지않는 구글과 최적화가 있어 가능한일입니다.그렇듯 프라다도 명품 폰처럼 사용할수 있을것같습니다."
2,233,LG-KU5400,프라다폰 3.0,5,,zenn****,11.12.22.,한국은 스펙이 좋아야합니다.,"왜요? 국내 폰들은 해외폰들의 우수한 소프트웨어에 대항하기 위해 자체 핸드폰 스펙을 높인거죠 안드로이드만 봐도최적화의 문제가 스펙보다 더 중요시하게 되는 문제이구요. 저 밑에분은 벌써부터 쿼드코어 말씀하시는데프라다폰은 자체 브랜드 이미지를 중요시 하는 업체입니다. 저폰이 나오기까지 LG와 2년동안의 제작기간을 가졌어요, 요즘 스마트폰 1년 지나면 고물취급되는데 그렇게 스펙스펙 최신사양 타령하시려면 핸드폰 적어도 3개월에 한개씩은 바꿔야지요.저정도 스펙이면 하루종일 핸드폰 갖고 게임하는 사람아니면 잘쓰고도 남습니다. 그리고 프라다3.0은 주도권을 거의 프라다가 갖고LG가 출시해주는 핸드폰입니다. 그리고 사치품 럭셔리 아이템이 핸드폰값(보조금지원하)20만원이면 사는군요언제까지 명품=초고가 라는 인식하의 사시겠습니까.. 이해와 편견을 갖고 다른 관점에서도 보아주세요. 패션,디자인이 취미인만큼 저로써는 핸드폰 예쁘기만 하네요. 지극히 개인적인 가치관으로 나오지도 않는폰함부로 평가하는건 무리가 아닐까요? 그것도 까다롭기로 유명한 프라다 디자이너들의 작품을요."
3,233,LG-KU5400,프라다폰 3.0,5,,dong****,11.12.23.,프라다폰에 스펙 기준으로 목숨거는 이들.... 정말 그 자체 한심,"밑에 리뷰 작성하신 분들이 자꾸 스펙, 스펙 하시는데...프라다폰은 성능과 스펙을 보여주는 것이 아닌 디자인과 명품 브랜드, 그리고 새로운 악세사리 등을 보여주기 위해 출시한 거죠.삼성 갤럭시 S시리즈처럼 그 때마다 최고의 스펙을 보여주는 그런 cell phone시리즈가 아닙니다.탁월한 스펙을 보여주려고 했으면 왜 괜히 프라다와 손잡아서 같이 공동 개발했을까요?그냥 lg에서 옵티머스 lte처럼 좋은 스펙폰 또 내놓으면 그만이지.그리고 프라다폰이 국내에만 출시하는 것이 아니라 해외 각지로 판매됩니다.우리나라 스마트폰 이용자들이 너무 눈이 높아서 스펙 같은 걸 잘 따지고 그러는데,우리나라에서 판매되는 스펙이 평범한 폰도 해외 나가면 고가로 잘 팔립니다.프라다폰은 국내 시장을 주도하려는 것이 아니라 세계 시장을 주도하기 위해 시점을 맞춘 것이죠.그리고 한 가지 물어봅시다. 이번에 출시된 프라다폰 스펙이라면 사실 왠만한 스마트폰 스펙 아닌가요?참, 얼마나 더 기대하고 있길래. lg는 옵티머스 lte로 최고 스펙 폰을 내놓았기 때문에이번에는 스펙에 중점을 둔 것이 아닌 디자인과 브랜드로 초점 맞춘다는 것을 알아채지 못하고 계시군요.그리고 이번에 프라다폰의 독창적인 specialification이 없다고요?안드로이드 진저브레드 OS에 프라다의 독특한 검정 바탕에 하얀색 무늬를 그려 넣은 소프트웨어가세계 사람들의 눈길을 사로잡는다는 것 모르시나봐요.정말, 다시 한 번 생각해보세요.이번 폰이 그렇게 스펙에 목숨걸고 따져야 할 폰인지...(차라리 좋은 스펙의 lg폰 사려면 옵티머스 lte 사시는게...)"
4,233,LG-KU5400,프라다폰 3.0,5,,toke****,11.12.22.,사람마다 기준은 다른 거에요!!,"아.. 드디어 기다리던 폰이 나왔네요!!@@해상도가 좀 아쉽지만.. 디자인과 휴대성을 중시하는 저 한테는 딱 이네요!! 배터리도 요즘 많이 나오는 1750mAh보다 200mAh 적지만 좀만 신경쓰면 문제없습니다. 끽해야 10% 용량 적은거... 일주일에 한두번만 더 충전하면 문제 없어요.주변에 보시면 스마트폰으로 인터넷이나 가끔하고 카톡질밖에 안 하는 사람들이 훨씬 많다고 생각합니다. 과연 그 분들은 핸드폰 스펙의 몇 % 나 쓸까요?스펙 중요하게 생각하시는 분들이 많아보이지만 기계 좋아하는 남자들-그 중에서 10~20%정도가 스펙에 목 매는거 아닐까요?? 다만 그 분들이 인터넷을 도배하고 다니시니깐 스펙이 최고로 중요해 보이지... 회사 여직원 중에 자기 핸드폰 스펙 아는 여자분들 거의 없어요. 심지어 자기폰 모델명도 모르는 여자분들도 많이 봤어요.제 경우도 유명한 어플이나 스마트 게임은 아이패드로 하고 게다가 회사원이니 집, 회사에서는 PC가 항상 눈앞에 있고..  결국, 핸드폰 기능을 더 중요시 하기 때문에 이 정도 스펙이면 충분합니다!! 특히, 맘에 드는게 화면 크기!!+ㅁ+4.5인치 이상은 바지에 넣고 다니면 살짝 불편.. 아이폰 크기가 딱 적당하지만 살짝 아쉬웠는데 4.3인치에 두께는 얇으니깐 저한테는 최고네요.사람마다 기준이 다른건데 아직 출시도 안 된 폰을 스펙만 가지고 저리들 까고 계시니.. 지금, 무슨 폰 가지고 계신지 모르겠지만 몇달안에 그 스펙도 구린 스펙 되는거 아시죠?? 분기마다 핸드폰 바꾸시는 분이면 인정!! 그게 아니시면 아직 출시도 안 된 폰에 욕 좀 그만하세요.스펙이 안 중요하다는게 아니고 스펙 말고도 구매를 결정하는 요소들이 많다는 말입니다!!직접 써 보니, 느리고 조루 배터리고 화질 엉망이다 라면 몰라도 제품정보 화면에 나온 숫자 몇개에 개거품 물지 마시란 말입니다!! ㅡ,.ㅡ*"
5,233,LG-KU5400,프라다폰 3.0,5,,calm****,11.12.21.,스펙타령을 왜하는지....,"프라다폰 컨셉자체가 스펙이 아닌 프라다라는 브랜드 네임과 디자인의 조화, 그리고 예쁜 UI를 들수 있습니다.스펙스펙 이러는데 1.5스냅이랑 1.0 OMAP 방식이랑 구동능력 별차이 안납니다. 단순 클럭수보고 그러지 맙시다그리고 스마트폰 스펙은 하루가 다르게 업데이트가 되는데 그러면 도대체 언제쯤 사면 될까요?ㅋㅋㅋ컴퓨터처럼 최신사양사도 몇달지나면 구형되는게 요즘 스마트폰시대입니다.갤투랑 비교하시느네 갤투보다 빳데리빼고 딸린게 먼지 모르겠네요.대신 디자인이 이쁘지않습니까.ㅋLG는 이미 옵티머스LTE라는 최고사양 스펙폰을 내놓았고 프라다는 최고사양 스펙을 중점둔것이라기보단 디자인과 최적화, UI에 중점을 둔것 같습니다.가장 중요한 건 최적화입니다. 아무리 스펙좋은 폰이라도 최적화가 개구리다면 빳데리 소모만 심할뿐입니다!!!"
6,233,LG-KU5400,프라다폰 3.0,1,,skae****,11.12.21.,명품Masterpiece보다는 사치품luxury item에 가깝네요,"가격 대비 효율성을 따져야 하고 가격 답게 혁신적인 부분이 있어야 하는데 그렇게 다른 스마트 폰과 객관적으로 비교해서 따졌을때 기능상으로도 별반 다를 것이 없는거 같네요. 만약 아이폰 4S처럼 Siri 같은 혁신적인 기능이 있었으면 샀을지도 모르는데ㅋ 가격하고 기능 대강 훑어보니까 ""와 비싼거다"" 라는 소리 들을 바에야 그냥 난 다른거 사는게 낫다고 생각되네요. ""프라다 특유의 색상 적용???"" 문제는 색상, 디자인이 아니라 성능이죠 ㅋㅋ 디자인을 원한다면 케이스를 진짜 멋진걸로 사면 되고.. 케이스 없이 스마트폰 다 멀리서 보면 다 네모난 검은 판때기로 보이니까 거기서 거기로 보이죠ㅎㅎ 프라다가 훈장 ""나 비싼거 산다""고 째려고 사기에는 풉 ... PRADA라는 글자가 너무 안보이네요. 과시용으로 사기도 부적절.. 성능도 보니까 무슨 쿼드코어도 아니고 듀얼코어 1.0GHz?? 대부분의 타 스마트폰의 성능하고 비슷하고.. 부적절... 가격 하락이 1달 유지하다 푹 꺼질 기세ㅋㅋ아.. 플로팅 매스?? 화면이 붕 떠 보여 얇아 보인다던데.. 음... 얇으면 좋은가?ㅋㅋ sch-c210 진짜 지금도 제일 얇은데 다른거랑 비슷비슷하던데요ㅋ 그리고 .. 배터리 얘기 하시는데 아직까지 배터리 기술은 모두 거기서 거기라 보시면 됩니다. 프라다폰 배터리는 1540mAh 베가레이서 1650mAh 갤S투 1650mAh 아이폰4S 1,420 mAh 솔직히 이전 폰들에 비하면 배터리용량은 커졌지만 모두 이틀이상 충전없이 유지는 불가능합니다. 애플은 소프트웨어로... 삼성은 대용량 배터리 추가생산으로.. 그리고 엘지는 디스플레이 방식으로 배터리 유지시간을 늘리는데 열중하고 있습니다. 최근 노스웨스턴대 연구에서 15분 충전으로 1주일 이상 사용할 수 있는 휴대폰 배터리를 개발했다고 합니다. 그런데 이게 상용화되려면 5년 정도 걸린다는거.... 기다리면 됩니다ㅋㅋ"
7,233,LG-KU5400,프라다폰 3.0,5,,dong****,12.01.04.,프라다폰 3.0 오늘 받아서 사용해봤는데,"생각보다 의외로 터치감이 좋아요.기존 안드로이드 터치감을 벗어나 ios처럼 부드럽지는 않지만,국내 휴대폰 제조사들이 만든 폰 중에서 터치감과 UI는 가장 좋다고 생각합니다.또한 CPU와 1GHz 듀얼코어 때문에 스펙에서 실망을 주었는데막상 써 보니까 기존 듀얼코어 방식과 달라서 그런지 갤s2보다는 인터넷 웹 서핑 속도가 꽤 빠르다는 생각이 들었어요.그리고 배터리 용량도 많이 적다고 생각한 것과는 달리3g여서 그런지 배터리가 빨리 닳지는 않더라구요.디자인은 역대 스마트폰 중 가장 고급스럽다는 생각이 들고 (아이폰 같은 디자인은 너무 많이 보여서 그런지...)ICS 업글만 기대해봅니다.아무튼 프라다폰이 기대를 져버리지 않아서 좋네요."
8,233,LG-KU5400,프라다폰 3.0,5,,slzl****,11.12.22.,타사 S사와 비교해 보자,타사 S사와 비교해 보면 스마트폰 뿐만 아니라 냉장고 TV 김치냉장고 컴퓨터도 다른 회사의 브렌드명 및 중소기업의 기술을 얻어 사용하고 있을 뿐만 아니라 갤럭시 라인의 제품들을 보면 그 제품을 사용하고 있는 사용자들을 보면 안쓰러운 생각이 먼저 든다.소비자는 테스트 물품이 아닌데 100% 품질 테스트 및 기기(제품)능력과 기능에 대해 완전한 제품이 아직 출시 되지를 않았다.그러나 라이벌 관계를 가지는 L 사의 폰과 컴퓨터 냉장고 TV 김치냉장고도 이미 비교 대상이다아직도 소비자와 고객및 손님을 속이며 파는 회사는 이미 신뢰를 잃었다고 생각된다.
9,233,LG-KU5400,프라다폰 3.0,3,,yonz****,11.12.23.,다 좋은데요...이것만은..바꿔주시면 안되나요?,"내장메모리 8G에서 16G로 늘어난 거 감사하구요..4key에서 3key로 바뀐 것도 그냥저냥.. 그러려니 할 수 있습니다.DMB 추가됐다고 1mm 두꺼워 진 것도 괜찮습니다..저.. 정말 프라다폰 기다렸거든요... 근데.. 뒷면에... 통신사 로고는 뭔가요??그거 때문에 저 지금 다른 폰 알아봐야 하는지 심각하게 고민 중입니다.제발 통신사 로고만이라도 빼주세요.. 프라다폰에.. 왜그리 덕지덕지 로고를 넣으시는건지..루트만 알면..해외판매용 프라다폰 구해서 쓰고 싶습니다.. ㅠ,.ㅠ"
10,233,LG-KU5400,프라다폰 3.0,3,,gnsf****,11.12.18.,시대에 뒤떨어지는 제품..,"800nit의 밝기, 플로팅매스로 얇아보이는 두께, 다른 폰과의 차별된 디자인은 좋지만 Ti omap 4430 1Ghz cpu에 내장메모리 8g, 듀얼코어와800nit 라는 밝기를 뒷받침해줄 배터리 용량이 부족하네요쿼드코어 스마트폰이 출시예정되어있고 대부분 하이엔드 스마트폰들이 1.5ghz 듀얼코어를 쓰는상황에 1ghz의 CPU를 쓴다는건 많이 뒤떨어지는것 같네요...물론 클럭수가 높다고 좋은것만은아니지만 말입니다..거기다 프라다의 폭풍가격또한 구매자들에게는 부담이 되겟네요.."
11,233,LG-KU5400,프라다폰 3.0,1,,yzer****,11.12.21.,저게 말이됨?,"전자제품이랑 명품브랜드라...발상 자체는 참신할 수 있지만, 명품이라는건 한번 사면 오래간다는점도 명품의 가치를 뜻합니다. 또한 세월이 지났어도 AS해주죠...그 관점에서 본다면 프라다1을 가지고 있는 사람들은 명품을 가지고 있다는 자부심을 아직도 가지고 있는지 궁금합니다. 그리고 프라다1 아직도 LG전자에서 AS해주는지 궁금하기도 합니다. 뭐 LG에서 안해주면 프라다매장 가지고가면 AS해 주는지도 잘 모르겠네요...결국 저사양에다가 비싼가격... 가지고 있으면 시간이 지나도 명품이 되리라고 믿어야겠죠? ㅎㅎ"
12,233,LG-KU5400,프라다폰 3.0,5,,xkzm****,11.12.22.,나름 LG가 현명한선택을.....,"음  우선 가장칭찬할만한건 3G 출시라는점과 디자인,두께아쉬운건  배터리와스펙을 말씀하시는데 스펙은 전혀 까일정도가 아니라는생각이드네요배터리는 역시 아쉽다고 생각이 들고 여러모로70만원대 의 저렴한 가격과 3G를 선택한 LG가 아주 현명한 선택을 한것같네요생각보다 많이 팔릴것같은생각이 드는군요 이번에 휴대폰바꾸려했는데갤노트를 사려다 국내판에 실망하고 안바꾸고있었는데 잘됬네요 ㅋㅋ "
13,233,LG-KU5400,프라다폰 3.0,4,,wsd3****,11.12.22.,많이 아쉽습니다,몇달 뒤면 핸폰 바꾸려는 초딩입니다 정말 디자인 좋다 생각했는데... 이게 뭡니까?ㅡㅡ?진짜 너무하네요 명품폰이라면서 뒤에 로고는 싸구려같이 쾅쾅 잘 찍어 놓으셧더라구요..딱바도 명품같겠네요 통신사여러분들..... 올레 로고 찍어놓고 sk로고 찍어놓고... 쫌 심하네요 스펙 딸려  가격대비 딸려 배터리 딸려 최적화 딸려....as딸려... 뭐 as는 괜찮겠네요 lg에서 안해주면 프라다에서 해주겠죠!!!!는 개풀 뜯어먹기.....ㅡㅡ 그래도 질르겠습니다.... 질러야지... 어캐해요 약정이 3달 남았는데...괜찮은거 나올라나?뭐....어리바리한lte보다는 3g가 나겠죠.
14,233,LG-KU5400,프라다폰 3.0,5,,slzl****,11.12.22.,현제 출시예정품 프라다폰의 테스팅 모델을 사용하며,현제 출시예정품 프라다폰의 테스팅 모델을 보고 알고 느끼게 된건현존하고 있는 애플사의 기본적인 디자인과 스타일을 가진체 확실히 다른 모습을 보여주고 있다.기존의 갤s2는 전용 악세사리가 옵버빙 후에 높은 가격대를 자랑하며 출시되었다그러나 프라다폰의 악세사리는 기존의 악세사리보다 선택의 폭이 넓어 질뿐만 아니라질과 가격대를 손쉽게 잡아서 더욱 기대감이 크다.
15,233,LG-KU5400,프라다폰 3.0,1,,catc****,11.12.22.,프라다 폰에 많은 기대를 하였지만 역시나..국내는;,"스펙? 그런거 바라지도 않았어단지 최적화랑 디자인만 좀 잘빠지게 나와라~ 했지만...국내 이통사들의 횡포로 인해 ㅡㅡ 프리로드 어플 강제 탑재 (티스토어, 올레마켓 등등...) 로 인해 최적화 물건너감 ㅡㅡ;;게다가... 휴대폰 뒷면에 이통사 로고 박혀서 나오던데..여기서 정말 급실망..너무 아쉬움이 많은 제품이네요... "
16,233,LG-KU5400,프라다폰 3.0,5,,lone****,11.12.24.,[실체험자] 올 것이 왔음,"12/14 영국 런칭행사때 만져봤습니다.전원 On 부터 프라다 로고가 뜨면서 전율했는데, 솔직히 화면 넘기는 속도나 반응 속도도아이폰과 차이가 없었습니다.1.0기가 듀얼코어이긴 하나 진저브레도도 최적화 되어 속도고 엄청 나더군요.무엇보다 PRADA와의 Collaboration.. 말이 필요한가요그 럭셔리함은."
17,233,LG-KU5400,프라다폰 3.0,5,,vskr****,11.12.22.,프라다폰이라는 말만 들어도 디자인에 더 중점을 뒀다는걸 알 수 있지 않나요..,"요즘 하드웨어만 따지는 사람이 어디있나요, 디자인, 소프트웨어보다 성능 성능하다가 큰코다친게 대표적으로 삼성이죠...사람마다 고르는 기준은 다를 수 있죠. 밑에 님이 말하시는 똑같은 검은 네모판대기, 디자인 보고 고르는사람 적지 않을걸요.."
18,233,LG-KU5400,프라다폰 3.0,4,,doom****,11.12.24.,스팩은 상관 없고,디자인이나 UI가 심플 하고 깔끔하네요~ 실제로 보고 판단을 해봐야겠지만. 이미지로 볼때는 스팩이나 디자인 UI가 맘에 들어요 ㅎ스팩 타령 하시면 다른걸로 사시면 될듯 싶네요~ 비싼걸로~ 가격도 프라다 치고는 저렴한거 같아요.살짝 배터리가 아쉽긴 하네요 ㅎ
19,233,LG-KU5400,프라다폰 3.0,1,,kkss****,11.12.21.,시대를 거꾸로 가나?,아무리 스팩이 아니라고 하지만 현시점에서 1GHZ? 가격이 한 40정도하려고 그러는가?난솔직히 40도 아깝다고 봅니다. 이거살빠엔 갤스2중고사는게 백만배는 나을듯 스팩이 비교도 안되 ㅋㅋㅋㅋㅋㅋㅋㅋㅋ 1.5듀얼하고 1기가하고는 ㅋㅋ 씨피유정도는 맞춰줘야 뭐라도 함 질러볼까하지 이건뭐 8g로 이길려고드네 현재 외장안끼고 다니는 사람이 많을줄 아나봐 ㅎㅎㅎㅎㅎㅎ
20,233,LG-KU5400,프라다폰 3.0,4,,szs5****,11.12.21.,참 아직도 스펙타령 초딩도아니고,아니 ㅋㅋㅋ 스펙은 스마트폰에 맞춰서 나오는거지 니는 그냥 베가가 1.5 듀얼코어 되면 어떻게 되는진 아세요?ㅋㅋㅋ 배터리가 못받쳐줘요 ㅋㅋㅋㅋ 스펙은 스마트폰에 맞춰서 최적화되서 나오면 되;는거고 좀 제발 ㅋㅋ 스펙타령좀 그만해요 ㅠㅠㅠ 미치겟어 ㅋㅋㅋ 아 
21,233,LG-KU5400,프라다폰 3.0,5,,dong****,11.12.31.,오늘 써 봤는데...,정말 터치감은 대단합니다엘지의 스마트폰 약점을 강점으로 바꾼 UI와 터치감이 정말 좋았어요.터치감이 부드럽고 잘 넘어가더군요.또한 디스플레이도 좋고특히 디자인이 예술이어서 여성분들은 더욱 더 좋아할 폰인 것 같다는 생각이 드네요.그러나 단점은 스펙이 조금 딸린다는 거?그런데 프라다만의 고유의 특징이 단점을 보완하고 커버해줘서 사용하기에는 문제 없습니다.
22,233,LG-KU5400,프라다폰 3.0,5,,tjra****,11.12.11.,시피유와 디스플레이,"통신규격이 3G이죠?? 저기 스펙에는 시피유가 보이지 않네요..요번 갤럭시 넥서스에들어간 TI OMAP 이 1.2가 아닌 1.4로 들어갑니다.그리고 디스플레이도 wvga 지만 IPS패널로 음..노바 디스플레이네요 1,000니트!!??쩌는 밝기(옵티머스 블랙보다 밝은) 레티나 디스플레이와 거의같다고 보면 됩니다. 아이폰과 비교하면 해상도는 딸리지만 IPS패널이마음에 드네요 ㅋㅋ특히 시피유는 정말 맘에드네요 TI OMAP 1.4Ghz !!!! 갤넥이 1.2 이닌까 시피유는 더좋다는소리죠 ㅋㅋㅋ요번에폰은 잘만들었네요 ㅋㅋ 근데 해상도만 고해상도였으면 좋겟다 ㅜㅜ 사후지원도 많이 좋아짐 ㅋㅋ 내년초에 lgUI 업그래이드 발표가있엇음 ㅋㅋ요즘 엡데이트 자주해줌ㅋㅋ ics도 업글 확정 임 주요폰만 이지만 옵2x,옵3d,옵블랙(EX,q2),옵lte 는 ics 확정 입니다 이로인해소프트웨어 업글도 많이 늘었음 옵빅도 해준다는 말이잇음요"
23,233,LG-KU5400,프라다폰 3.0,1,,dukd****,11.10.30.,스펙은 경쟁력 없는걸 알까,색감과 휘도 말고는 특출나게 뛰어난거라곤 없네 심지어 겔스2 전면카메라조차도디자인으로 승부보겠다는건가설마 디자인때문에 비싸게 나오려나제발 사후폰들이 많아서 관리 꾸준히만 해줘도 오래 걸릴텐데옵LTE  좋은거 아니까 출시된 폰들 관리에 힘만 쓰면 좋겠다
24,233,LG-KU5400,프라다폰 3.0,1,,syjj****,12.01.01.,아이폰5를 기다리다 프라다폰이 나온다는 소식에..,아이폰5를 기다리다 프라다폰이 나온다는 소식에..그렇지만... 아이폰을 써본사람은.. 왜 아이폰인지..확실히 모든편에서 아이폰이 월등합니다.다시 갈아타고 싶을뿐...
25,233,LG-KU5400,프라다폰 3.0,5,,dann****,11.12.30.,이제야 좀..,디자인이 죽이네요. 곧 약정 풀리면 고고씽.
26,233,LG-KU5400,프라다폰 3.0,4,,thes****,11.12.28.,만족...,아침에 예약한거 택배로 받아서 사용해봤는데.이정도면 만족...
27,233,LG-KU5400,프라다폰 3.0,5,,qlsd****,11.12.27.,블랜엔 화이트,깔금하고 좋네요 성능은 어느정도일지
28,233,LG-KU5400,프라다폰 3.0,3,,kevi****,11.12.09.,해상도,왜 해상도가 wvga야.. 요즘 다 HD로만 만들고 홍보하는데 갑자기 wvga... OS도 진저브레드로 나오고...
29,233,LG-KU5400,프라다폰 3.0,3,,pure****,11.11.23.,기대는 되지만,프라다 이름값이 얼마나 비쌀지 모르겠지만만약 출고가가 4s보다 비싸다면 살 마음 전혀 들지 않겠네요.
30,233,LG-KU5400,프라다폰 3.0,5,,koob****,11.11.04.,팟팅,LG파이팅! 사후지원 정책도 이제 눈뜬것 같은데.... 이번엔 제발 팬택보다는 잘하쟈!
31,233,LG-KU5400,프라다폰 3.0,2,,kkms****,11.11.02.,도대체 왜,프라다폰은 출시 될때마다 스펙이 항상 부족한것인가
32,233,LG-KU5400,프라다폰 3.0,1,,5681****,11.10.30.,아... 할말이없다..,"화면크기 4,3인치나 되면서 WVGA?? ㄷㄷ특별한 기능도 없으면서;;과연 얼마나 팔릴까?배터리는 언급도 안했군ㅋㅋ배터리는 100% 1500mAhㅋㅋ"
33,233,LG-KU5400,프라다폰 3.0,5,,wk20****,11.11.01.,프라다인 만큼 최고로 보여주세요,기대하고 있겠습니다 ㅋㅋㅋㅋ
34,233,LG-KU5400,프라다폰 3.0,5,,desi****,11.08.10.,얼른,국내에 출시되길바랍니다.
35,233,LG-KU5400,프라다폰 3.0,5,,desi****,11.08.10.,출시가 기대되는 스마트폰입니다.,얼른 나왔으면 좋겠네요
1,234,LG-LU5400,프라다폰 3.0,4,,thda****,11.12.23.,이폰은 말그대로 명품인듯 싶습니다.,"아직 사용해보지못해 ui나 최적화쪽은 잘모르겠습니다만.프라다라는 브랜드적 가치를 살리기위해 lg에게 최적화 시킬일은 없을거같고. 디자인도 명품이란 칭호를 붙이기 좋을정도로 깔끔하고 좋네요.예상으로는 skaf같은 통신사 어플이 깔릴확률은 낮다고봅니다.프라다폰 같은경우는 통신사보고 팔아달라하는게아니라 통신사에사 팔게해달라는 쪽의 폰이고 그런면에서통신사어플은 없을것같습니다(예를들면 htc사의 센세이션이 있습니다)그리고 어느분이 클럭수가 딸린다했는데 클럭수는 그냥 수치일뿐 cpu의 질이 중요한겁니다.모토로이(희대의 쓰레기폰)로 1.2ghz로 클럭한게 갤투랑 같다보는격입니다. 또하나 베가레이서가 1.5클럭수를 달고나왔는데 1.0인 옵티머스3d한테 속도로는 발립니다. 듀얼채널이라는 기술을 접목시키면 더빠르게 사용할수있을뿐만아니라 구지 안정권 넘는 클럭수를써서 기기수명을 줄일필요가 없어집니다. 프라다는 자체적으로 명품이란 브랜드가치를 중시하기에 님들이2년쓰다 버릴폰으로 만들지 않아서 긍정적으로 생각합니다. 마지막으로 하드웨어적 스펙이 딸린다하는데 이경우는 아이폰4를 예를 들겠습니다.다들 아시다시피 아이폰4는 중고가로도 4s가 나온시점에서도 50만원대의 중고가를 지녔습니다.바로 ios5업데이트 및 아이폰만의 최적화덕입니다. 우리가 사랑하는s사의 x럭시s 를 예로 들어볼께요 ,현제 x럭시s는 진저브레드(2.3)버젼까지 업데이트 되어있습니다. 하지만 아이스크림 샌드위치(4.0 ICS)로는 하드웨어가 딸려서 안해준다하네요 하지만 동급스펙인 넥서스S 는 벌써 업테이트 되고있습니다. 이는 넥서스를 버리지않는 구글과 최적화가 있어 가능한일입니다.그렇듯 프라다도 명품 폰처럼 사용할수 있을것같습니다."
2,234,LG-LU5400,프라다폰 3.0,5,,zenn****,11.12.22.,한국은 스펙이 좋아야합니다.,"왜요? 국내 폰들은 해외폰들의 우수한 소프트웨어에 대항하기 위해 자체 핸드폰 스펙을 높인거죠 안드로이드만 봐도최적화의 문제가 스펙보다 더 중요시하게 되는 문제이구요. 저 밑에분은 벌써부터 쿼드코어 말씀하시는데프라다폰은 자체 브랜드 이미지를 중요시 하는 업체입니다. 저폰이 나오기까지 LG와 2년동안의 제작기간을 가졌어요, 요즘 스마트폰 1년 지나면 고물취급되는데 그렇게 스펙스펙 최신사양 타령하시려면 핸드폰 적어도 3개월에 한개씩은 바꿔야지요.저정도 스펙이면 하루종일 핸드폰 갖고 게임하는 사람아니면 잘쓰고도 남습니다. 그리고 프라다3.0은 주도권을 거의 프라다가 갖고LG가 출시해주는 핸드폰입니다. 그리고 사치품 럭셔리 아이템이 핸드폰값(보조금지원하)20만원이면 사는군요언제까지 명품=초고가 라는 인식하의 사시겠습니까.. 이해와 편견을 갖고 다른 관점에서도 보아주세요. 패션,디자인이 취미인만큼 저로써는 핸드폰 예쁘기만 하네요. 지극히 개인적인 가치관으로 나오지도 않는폰함부로 평가하는건 무리가 아닐까요? 그것도 까다롭기로 유명한 프라다 디자이너들의 작품을요."
3,234,LG-LU5400,프라다폰 3.0,5,,dong****,11.12.23.,프라다폰에 스펙 기준으로 목숨거는 이들.... 정말 그 자체 한심,"밑에 리뷰 작성하신 분들이 자꾸 스펙, 스펙 하시는데...프라다폰은 성능과 스펙을 보여주는 것이 아닌 디자인과 명품 브랜드, 그리고 새로운 악세사리 등을 보여주기 위해 출시한 거죠.삼성 갤럭시 S시리즈처럼 그 때마다 최고의 스펙을 보여주는 그런 cell phone시리즈가 아닙니다.탁월한 스펙을 보여주려고 했으면 왜 괜히 프라다와 손잡아서 같이 공동 개발했을까요?그냥 lg에서 옵티머스 lte처럼 좋은 스펙폰 또 내놓으면 그만이지.그리고 프라다폰이 국내에만 출시하는 것이 아니라 해외 각지로 판매됩니다.우리나라 스마트폰 이용자들이 너무 눈이 높아서 스펙 같은 걸 잘 따지고 그러는데,우리나라에서 판매되는 스펙이 평범한 폰도 해외 나가면 고가로 잘 팔립니다.프라다폰은 국내 시장을 주도하려는 것이 아니라 세계 시장을 주도하기 위해 시점을 맞춘 것이죠.그리고 한 가지 물어봅시다. 이번에 출시된 프라다폰 스펙이라면 사실 왠만한 스마트폰 스펙 아닌가요?참, 얼마나 더 기대하고 있길래. lg는 옵티머스 lte로 최고 스펙 폰을 내놓았기 때문에이번에는 스펙에 중점을 둔 것이 아닌 디자인과 브랜드로 초점 맞춘다는 것을 알아채지 못하고 계시군요.그리고 이번에 프라다폰의 독창적인 specialification이 없다고요?안드로이드 진저브레드 OS에 프라다의 독특한 검정 바탕에 하얀색 무늬를 그려 넣은 소프트웨어가세계 사람들의 눈길을 사로잡는다는 것 모르시나봐요.정말, 다시 한 번 생각해보세요.이번 폰이 그렇게 스펙에 목숨걸고 따져야 할 폰인지...(차라리 좋은 스펙의 lg폰 사려면 옵티머스 lte 사시는게...)"
4,234,LG-LU5400,프라다폰 3.0,5,,toke****,11.12.22.,사람마다 기준은 다른 거에요!!,"아.. 드디어 기다리던 폰이 나왔네요!!@@해상도가 좀 아쉽지만.. 디자인과 휴대성을 중시하는 저 한테는 딱 이네요!! 배터리도 요즘 많이 나오는 1750mAh보다 200mAh 적지만 좀만 신경쓰면 문제없습니다. 끽해야 10% 용량 적은거... 일주일에 한두번만 더 충전하면 문제 없어요.주변에 보시면 스마트폰으로 인터넷이나 가끔하고 카톡질밖에 안 하는 사람들이 훨씬 많다고 생각합니다. 과연 그 분들은 핸드폰 스펙의 몇 % 나 쓸까요?스펙 중요하게 생각하시는 분들이 많아보이지만 기계 좋아하는 남자들-그 중에서 10~20%정도가 스펙에 목 매는거 아닐까요?? 다만 그 분들이 인터넷을 도배하고 다니시니깐 스펙이 최고로 중요해 보이지... 회사 여직원 중에 자기 핸드폰 스펙 아는 여자분들 거의 없어요. 심지어 자기폰 모델명도 모르는 여자분들도 많이 봤어요.제 경우도 유명한 어플이나 스마트 게임은 아이패드로 하고 게다가 회사원이니 집, 회사에서는 PC가 항상 눈앞에 있고..  결국, 핸드폰 기능을 더 중요시 하기 때문에 이 정도 스펙이면 충분합니다!! 특히, 맘에 드는게 화면 크기!!+ㅁ+4.5인치 이상은 바지에 넣고 다니면 살짝 불편.. 아이폰 크기가 딱 적당하지만 살짝 아쉬웠는데 4.3인치에 두께는 얇으니깐 저한테는 최고네요.사람마다 기준이 다른건데 아직 출시도 안 된 폰을 스펙만 가지고 저리들 까고 계시니.. 지금, 무슨 폰 가지고 계신지 모르겠지만 몇달안에 그 스펙도 구린 스펙 되는거 아시죠?? 분기마다 핸드폰 바꾸시는 분이면 인정!! 그게 아니시면 아직 출시도 안 된 폰에 욕 좀 그만하세요.스펙이 안 중요하다는게 아니고 스펙 말고도 구매를 결정하는 요소들이 많다는 말입니다!!직접 써 보니, 느리고 조루 배터리고 화질 엉망이다 라면 몰라도 제품정보 화면에 나온 숫자 몇개에 개거품 물지 마시란 말입니다!! ㅡ,.ㅡ*"
5,234,LG-LU5400,프라다폰 3.0,5,,calm****,11.12.21.,스펙타령을 왜하는지....,"프라다폰 컨셉자체가 스펙이 아닌 프라다라는 브랜드 네임과 디자인의 조화, 그리고 예쁜 UI를 들수 있습니다.스펙스펙 이러는데 1.5스냅이랑 1.0 OMAP 방식이랑 구동능력 별차이 안납니다. 단순 클럭수보고 그러지 맙시다그리고 스마트폰 스펙은 하루가 다르게 업데이트가 되는데 그러면 도대체 언제쯤 사면 될까요?ㅋㅋㅋ컴퓨터처럼 최신사양사도 몇달지나면 구형되는게 요즘 스마트폰시대입니다.갤투랑 비교하시느네 갤투보다 빳데리빼고 딸린게 먼지 모르겠네요.대신 디자인이 이쁘지않습니까.ㅋLG는 이미 옵티머스LTE라는 최고사양 스펙폰을 내놓았고 프라다는 최고사양 스펙을 중점둔것이라기보단 디자인과 최적화, UI에 중점을 둔것 같습니다.가장 중요한 건 최적화입니다. 아무리 스펙좋은 폰이라도 최적화가 개구리다면 빳데리 소모만 심할뿐입니다!!!"
6,234,LG-LU5400,프라다폰 3.0,1,,skae****,11.12.21.,명품Masterpiece보다는 사치품luxury item에 가깝네요,"가격 대비 효율성을 따져야 하고 가격 답게 혁신적인 부분이 있어야 하는데 그렇게 다른 스마트 폰과 객관적으로 비교해서 따졌을때 기능상으로도 별반 다를 것이 없는거 같네요. 만약 아이폰 4S처럼 Siri 같은 혁신적인 기능이 있었으면 샀을지도 모르는데ㅋ 가격하고 기능 대강 훑어보니까 ""와 비싼거다"" 라는 소리 들을 바에야 그냥 난 다른거 사는게 낫다고 생각되네요. ""프라다 특유의 색상 적용???"" 문제는 색상, 디자인이 아니라 성능이죠 ㅋㅋ 디자인을 원한다면 케이스를 진짜 멋진걸로 사면 되고.. 케이스 없이 스마트폰 다 멀리서 보면 다 네모난 검은 판때기로 보이니까 거기서 거기로 보이죠ㅎㅎ 프라다가 훈장 ""나 비싼거 산다""고 째려고 사기에는 풉 ... PRADA라는 글자가 너무 안보이네요. 과시용으로 사기도 부적절.. 성능도 보니까 무슨 쿼드코어도 아니고 듀얼코어 1.0GHz?? 대부분의 타 스마트폰의 성능하고 비슷하고.. 부적절... 가격 하락이 1달 유지하다 푹 꺼질 기세ㅋㅋ아.. 플로팅 매스?? 화면이 붕 떠 보여 얇아 보인다던데.. 음... 얇으면 좋은가?ㅋㅋ sch-c210 진짜 지금도 제일 얇은데 다른거랑 비슷비슷하던데요ㅋ 그리고 .. 배터리 얘기 하시는데 아직까지 배터리 기술은 모두 거기서 거기라 보시면 됩니다. 프라다폰 배터리는 1540mAh 베가레이서 1650mAh 갤S투 1650mAh 아이폰4S 1,420 mAh 솔직히 이전 폰들에 비하면 배터리용량은 커졌지만 모두 이틀이상 충전없이 유지는 불가능합니다. 애플은 소프트웨어로... 삼성은 대용량 배터리 추가생산으로.. 그리고 엘지는 디스플레이 방식으로 배터리 유지시간을 늘리는데 열중하고 있습니다. 최근 노스웨스턴대 연구에서 15분 충전으로 1주일 이상 사용할 수 있는 휴대폰 배터리를 개발했다고 합니다. 그런데 이게 상용화되려면 5년 정도 걸린다는거.... 기다리면 됩니다ㅋㅋ"
7,234,LG-LU5400,프라다폰 3.0,5,,dong****,12.01.04.,프라다폰 3.0 오늘 받아서 사용해봤는데,"생각보다 의외로 터치감이 좋아요.기존 안드로이드 터치감을 벗어나 ios처럼 부드럽지는 않지만,국내 휴대폰 제조사들이 만든 폰 중에서 터치감과 UI는 가장 좋다고 생각합니다.또한 CPU와 1GHz 듀얼코어 때문에 스펙에서 실망을 주었는데막상 써 보니까 기존 듀얼코어 방식과 달라서 그런지 갤s2보다는 인터넷 웹 서핑 속도가 꽤 빠르다는 생각이 들었어요.그리고 배터리 용량도 많이 적다고 생각한 것과는 달리3g여서 그런지 배터리가 빨리 닳지는 않더라구요.디자인은 역대 스마트폰 중 가장 고급스럽다는 생각이 들고 (아이폰 같은 디자인은 너무 많이 보여서 그런지...)ICS 업글만 기대해봅니다.아무튼 프라다폰이 기대를 져버리지 않아서 좋네요."
8,234,LG-LU5400,프라다폰 3.0,5,,slzl****,11.12.22.,타사 S사와 비교해 보자,타사 S사와 비교해 보면 스마트폰 뿐만 아니라 냉장고 TV 김치냉장고 컴퓨터도 다른 회사의 브렌드명 및 중소기업의 기술을 얻어 사용하고 있을 뿐만 아니라 갤럭시 라인의 제품들을 보면 그 제품을 사용하고 있는 사용자들을 보면 안쓰러운 생각이 먼저 든다.소비자는 테스트 물품이 아닌데 100% 품질 테스트 및 기기(제품)능력과 기능에 대해 완전한 제품이 아직 출시 되지를 않았다.그러나 라이벌 관계를 가지는 L 사의 폰과 컴퓨터 냉장고 TV 김치냉장고도 이미 비교 대상이다아직도 소비자와 고객및 손님을 속이며 파는 회사는 이미 신뢰를 잃었다고 생각된다.
9,234,LG-LU5400,프라다폰 3.0,3,,yonz****,11.12.23.,다 좋은데요...이것만은..바꿔주시면 안되나요?,"내장메모리 8G에서 16G로 늘어난 거 감사하구요..4key에서 3key로 바뀐 것도 그냥저냥.. 그러려니 할 수 있습니다.DMB 추가됐다고 1mm 두꺼워 진 것도 괜찮습니다..저.. 정말 프라다폰 기다렸거든요... 근데.. 뒷면에... 통신사 로고는 뭔가요??그거 때문에 저 지금 다른 폰 알아봐야 하는지 심각하게 고민 중입니다.제발 통신사 로고만이라도 빼주세요.. 프라다폰에.. 왜그리 덕지덕지 로고를 넣으시는건지..루트만 알면..해외판매용 프라다폰 구해서 쓰고 싶습니다.. ㅠ,.ㅠ"
10,234,LG-LU5400,프라다폰 3.0,3,,gnsf****,11.12.18.,시대에 뒤떨어지는 제품..,"800nit의 밝기, 플로팅매스로 얇아보이는 두께, 다른 폰과의 차별된 디자인은 좋지만 Ti omap 4430 1Ghz cpu에 내장메모리 8g, 듀얼코어와800nit 라는 밝기를 뒷받침해줄 배터리 용량이 부족하네요쿼드코어 스마트폰이 출시예정되어있고 대부분 하이엔드 스마트폰들이 1.5ghz 듀얼코어를 쓰는상황에 1ghz의 CPU를 쓴다는건 많이 뒤떨어지는것 같네요...물론 클럭수가 높다고 좋은것만은아니지만 말입니다..거기다 프라다의 폭풍가격또한 구매자들에게는 부담이 되겟네요.."
11,234,LG-LU5400,프라다폰 3.0,1,,yzer****,11.12.21.,저게 말이됨?,"전자제품이랑 명품브랜드라...발상 자체는 참신할 수 있지만, 명품이라는건 한번 사면 오래간다는점도 명품의 가치를 뜻합니다. 또한 세월이 지났어도 AS해주죠...그 관점에서 본다면 프라다1을 가지고 있는 사람들은 명품을 가지고 있다는 자부심을 아직도 가지고 있는지 궁금합니다. 그리고 프라다1 아직도 LG전자에서 AS해주는지 궁금하기도 합니다. 뭐 LG에서 안해주면 프라다매장 가지고가면 AS해 주는지도 잘 모르겠네요...결국 저사양에다가 비싼가격... 가지고 있으면 시간이 지나도 명품이 되리라고 믿어야겠죠? ㅎㅎ"
12,234,LG-LU5400,프라다폰 3.0,5,,xkzm****,11.12.22.,나름 LG가 현명한선택을.....,"음  우선 가장칭찬할만한건 3G 출시라는점과 디자인,두께아쉬운건  배터리와스펙을 말씀하시는데 스펙은 전혀 까일정도가 아니라는생각이드네요배터리는 역시 아쉽다고 생각이 들고 여러모로70만원대 의 저렴한 가격과 3G를 선택한 LG가 아주 현명한 선택을 한것같네요생각보다 많이 팔릴것같은생각이 드는군요 이번에 휴대폰바꾸려했는데갤노트를 사려다 국내판에 실망하고 안바꾸고있었는데 잘됬네요 ㅋㅋ "
13,234,LG-LU5400,프라다폰 3.0,4,,wsd3****,11.12.22.,많이 아쉽습니다,몇달 뒤면 핸폰 바꾸려는 초딩입니다 정말 디자인 좋다 생각했는데... 이게 뭡니까?ㅡㅡ?진짜 너무하네요 명품폰이라면서 뒤에 로고는 싸구려같이 쾅쾅 잘 찍어 놓으셧더라구요..딱바도 명품같겠네요 통신사여러분들..... 올레 로고 찍어놓고 sk로고 찍어놓고... 쫌 심하네요 스펙 딸려  가격대비 딸려 배터리 딸려 최적화 딸려....as딸려... 뭐 as는 괜찮겠네요 lg에서 안해주면 프라다에서 해주겠죠!!!!는 개풀 뜯어먹기.....ㅡㅡ 그래도 질르겠습니다.... 질러야지... 어캐해요 약정이 3달 남았는데...괜찮은거 나올라나?뭐....어리바리한lte보다는 3g가 나겠죠.
14,234,LG-LU5400,프라다폰 3.0,5,,slzl****,11.12.22.,현제 출시예정품 프라다폰의 테스팅 모델을 사용하며,현제 출시예정품 프라다폰의 테스팅 모델을 보고 알고 느끼게 된건현존하고 있는 애플사의 기본적인 디자인과 스타일을 가진체 확실히 다른 모습을 보여주고 있다.기존의 갤s2는 전용 악세사리가 옵버빙 후에 높은 가격대를 자랑하며 출시되었다그러나 프라다폰의 악세사리는 기존의 악세사리보다 선택의 폭이 넓어 질뿐만 아니라질과 가격대를 손쉽게 잡아서 더욱 기대감이 크다.
15,234,LG-LU5400,프라다폰 3.0,1,,catc****,11.12.22.,프라다 폰에 많은 기대를 하였지만 역시나..국내는;,"스펙? 그런거 바라지도 않았어단지 최적화랑 디자인만 좀 잘빠지게 나와라~ 했지만...국내 이통사들의 횡포로 인해 ㅡㅡ 프리로드 어플 강제 탑재 (티스토어, 올레마켓 등등...) 로 인해 최적화 물건너감 ㅡㅡ;;게다가... 휴대폰 뒷면에 이통사 로고 박혀서 나오던데..여기서 정말 급실망..너무 아쉬움이 많은 제품이네요... "
16,234,LG-LU5400,프라다폰 3.0,5,,lone****,11.12.24.,[실체험자] 올 것이 왔음,"12/14 영국 런칭행사때 만져봤습니다.전원 On 부터 프라다 로고가 뜨면서 전율했는데, 솔직히 화면 넘기는 속도나 반응 속도도아이폰과 차이가 없었습니다.1.0기가 듀얼코어이긴 하나 진저브레도도 최적화 되어 속도고 엄청 나더군요.무엇보다 PRADA와의 Collaboration.. 말이 필요한가요그 럭셔리함은."
17,234,LG-LU5400,프라다폰 3.0,5,,vskr****,11.12.22.,프라다폰이라는 말만 들어도 디자인에 더 중점을 뒀다는걸 알 수 있지 않나요..,"요즘 하드웨어만 따지는 사람이 어디있나요, 디자인, 소프트웨어보다 성능 성능하다가 큰코다친게 대표적으로 삼성이죠...사람마다 고르는 기준은 다를 수 있죠. 밑에 님이 말하시는 똑같은 검은 네모판대기, 디자인 보고 고르는사람 적지 않을걸요.."
18,234,LG-LU5400,프라다폰 3.0,4,,doom****,11.12.24.,스팩은 상관 없고,디자인이나 UI가 심플 하고 깔끔하네요~ 실제로 보고 판단을 해봐야겠지만. 이미지로 볼때는 스팩이나 디자인 UI가 맘에 들어요 ㅎ스팩 타령 하시면 다른걸로 사시면 될듯 싶네요~ 비싼걸로~ 가격도 프라다 치고는 저렴한거 같아요.살짝 배터리가 아쉽긴 하네요 ㅎ
19,234,LG-LU5400,프라다폰 3.0,1,,kkss****,11.12.21.,시대를 거꾸로 가나?,아무리 스팩이 아니라고 하지만 현시점에서 1GHZ? 가격이 한 40정도하려고 그러는가?난솔직히 40도 아깝다고 봅니다. 이거살빠엔 갤스2중고사는게 백만배는 나을듯 스팩이 비교도 안되 ㅋㅋㅋㅋㅋㅋㅋㅋㅋ 1.5듀얼하고 1기가하고는 ㅋㅋ 씨피유정도는 맞춰줘야 뭐라도 함 질러볼까하지 이건뭐 8g로 이길려고드네 현재 외장안끼고 다니는 사람이 많을줄 아나봐 ㅎㅎㅎㅎㅎㅎ
20,234,LG-LU5400,프라다폰 3.0,4,,szs5****,11.12.21.,참 아직도 스펙타령 초딩도아니고,아니 ㅋㅋㅋ 스펙은 스마트폰에 맞춰서 나오는거지 니는 그냥 베가가 1.5 듀얼코어 되면 어떻게 되는진 아세요?ㅋㅋㅋ 배터리가 못받쳐줘요 ㅋㅋㅋㅋ 스펙은 스마트폰에 맞춰서 최적화되서 나오면 되;는거고 좀 제발 ㅋㅋ 스펙타령좀 그만해요 ㅠㅠㅠ 미치겟어 ㅋㅋㅋ 아 
21,234,LG-LU5400,프라다폰 3.0,5,,dong****,11.12.31.,오늘 써 봤는데...,정말 터치감은 대단합니다엘지의 스마트폰 약점을 강점으로 바꾼 UI와 터치감이 정말 좋았어요.터치감이 부드럽고 잘 넘어가더군요.또한 디스플레이도 좋고특히 디자인이 예술이어서 여성분들은 더욱 더 좋아할 폰인 것 같다는 생각이 드네요.그러나 단점은 스펙이 조금 딸린다는 거?그런데 프라다만의 고유의 특징이 단점을 보완하고 커버해줘서 사용하기에는 문제 없습니다.
22,234,LG-LU5400,프라다폰 3.0,5,,tjra****,11.12.11.,시피유와 디스플레이,"통신규격이 3G이죠?? 저기 스펙에는 시피유가 보이지 않네요..요번 갤럭시 넥서스에들어간 TI OMAP 이 1.2가 아닌 1.4로 들어갑니다.그리고 디스플레이도 wvga 지만 IPS패널로 음..노바 디스플레이네요 1,000니트!!??쩌는 밝기(옵티머스 블랙보다 밝은) 레티나 디스플레이와 거의같다고 보면 됩니다. 아이폰과 비교하면 해상도는 딸리지만 IPS패널이마음에 드네요 ㅋㅋ특히 시피유는 정말 맘에드네요 TI OMAP 1.4Ghz !!!! 갤넥이 1.2 이닌까 시피유는 더좋다는소리죠 ㅋㅋㅋ요번에폰은 잘만들었네요 ㅋㅋ 근데 해상도만 고해상도였으면 좋겟다 ㅜㅜ 사후지원도 많이 좋아짐 ㅋㅋ 내년초에 lgUI 업그래이드 발표가있엇음 ㅋㅋ요즘 엡데이트 자주해줌ㅋㅋ ics도 업글 확정 임 주요폰만 이지만 옵2x,옵3d,옵블랙(EX,q2),옵lte 는 ics 확정 입니다 이로인해소프트웨어 업글도 많이 늘었음 옵빅도 해준다는 말이잇음요"
23,234,LG-LU5400,프라다폰 3.0,1,,dukd****,11.10.30.,스펙은 경쟁력 없는걸 알까,색감과 휘도 말고는 특출나게 뛰어난거라곤 없네 심지어 겔스2 전면카메라조차도디자인으로 승부보겠다는건가설마 디자인때문에 비싸게 나오려나제발 사후폰들이 많아서 관리 꾸준히만 해줘도 오래 걸릴텐데옵LTE  좋은거 아니까 출시된 폰들 관리에 힘만 쓰면 좋겠다
24,234,LG-LU5400,프라다폰 3.0,1,,syjj****,12.01.01.,아이폰5를 기다리다 프라다폰이 나온다는 소식에..,아이폰5를 기다리다 프라다폰이 나온다는 소식에..그렇지만... 아이폰을 써본사람은.. 왜 아이폰인지..확실히 모든편에서 아이폰이 월등합니다.다시 갈아타고 싶을뿐...
25,234,LG-LU5400,프라다폰 3.0,5,,dann****,11.12.30.,이제야 좀..,디자인이 죽이네요. 곧 약정 풀리면 고고씽.
26,234,LG-LU5400,프라다폰 3.0,4,,thes****,11.12.28.,만족...,아침에 예약한거 택배로 받아서 사용해봤는데.이정도면 만족...
27,234,LG-LU5400,프라다폰 3.0,5,,qlsd****,11.12.27.,블랜엔 화이트,깔금하고 좋네요 성능은 어느정도일지
28,234,LG-LU5400,프라다폰 3.0,3,,kevi****,11.12.09.,해상도,왜 해상도가 wvga야.. 요즘 다 HD로만 만들고 홍보하는데 갑자기 wvga... OS도 진저브레드로 나오고...
29,234,LG-LU5400,프라다폰 3.0,3,,pure****,11.11.23.,기대는 되지만,프라다 이름값이 얼마나 비쌀지 모르겠지만만약 출고가가 4s보다 비싸다면 살 마음 전혀 들지 않겠네요.
30,234,LG-LU5400,프라다폰 3.0,5,,koob****,11.11.04.,팟팅,LG파이팅! 사후지원 정책도 이제 눈뜬것 같은데.... 이번엔 제발 팬택보다는 잘하쟈!
31,234,LG-LU5400,프라다폰 3.0,2,,kkms****,11.11.02.,도대체 왜,프라다폰은 출시 될때마다 스펙이 항상 부족한것인가
32,234,LG-LU5400,프라다폰 3.0,1,,5681****,11.10.30.,아... 할말이없다..,"화면크기 4,3인치나 되면서 WVGA?? ㄷㄷ특별한 기능도 없으면서;;과연 얼마나 팔릴까?배터리는 언급도 안했군ㅋㅋ배터리는 100% 1500mAhㅋㅋ"
33,234,LG-LU5400,프라다폰 3.0,5,,wk20****,11.11.01.,프라다인 만큼 최고로 보여주세요,기대하고 있겠습니다 ㅋㅋㅋㅋ
34,234,LG-LU5400,프라다폰 3.0,5,,desi****,11.08.10.,얼른,국내에 출시되길바랍니다.
35,234,LG-LU5400,프라다폰 3.0,5,,desi****,11.08.10.,출시가 기대되는 스마트폰입니다.,얼른 나왔으면 좋겠네요
1,236,LG-SU540,프라다폰 3.0,4,,thda****,11.12.23.,이폰은 말그대로 명품인듯 싶습니다.,"아직 사용해보지못해 ui나 최적화쪽은 잘모르겠습니다만.프라다라는 브랜드적 가치를 살리기위해 lg에게 최적화 시킬일은 없을거같고. 디자인도 명품이란 칭호를 붙이기 좋을정도로 깔끔하고 좋네요.예상으로는 skaf같은 통신사 어플이 깔릴확률은 낮다고봅니다.프라다폰 같은경우는 통신사보고 팔아달라하는게아니라 통신사에사 팔게해달라는 쪽의 폰이고 그런면에서통신사어플은 없을것같습니다(예를들면 htc사의 센세이션이 있습니다)그리고 어느분이 클럭수가 딸린다했는데 클럭수는 그냥 수치일뿐 cpu의 질이 중요한겁니다.모토로이(희대의 쓰레기폰)로 1.2ghz로 클럭한게 갤투랑 같다보는격입니다. 또하나 베가레이서가 1.5클럭수를 달고나왔는데 1.0인 옵티머스3d한테 속도로는 발립니다. 듀얼채널이라는 기술을 접목시키면 더빠르게 사용할수있을뿐만아니라 구지 안정권 넘는 클럭수를써서 기기수명을 줄일필요가 없어집니다. 프라다는 자체적으로 명품이란 브랜드가치를 중시하기에 님들이2년쓰다 버릴폰으로 만들지 않아서 긍정적으로 생각합니다. 마지막으로 하드웨어적 스펙이 딸린다하는데 이경우는 아이폰4를 예를 들겠습니다.다들 아시다시피 아이폰4는 중고가로도 4s가 나온시점에서도 50만원대의 중고가를 지녔습니다.바로 ios5업데이트 및 아이폰만의 최적화덕입니다. 우리가 사랑하는s사의 x럭시s 를 예로 들어볼께요 ,현제 x럭시s는 진저브레드(2.3)버젼까지 업데이트 되어있습니다. 하지만 아이스크림 샌드위치(4.0 ICS)로는 하드웨어가 딸려서 안해준다하네요 하지만 동급스펙인 넥서스S 는 벌써 업테이트 되고있습니다. 이는 넥서스를 버리지않는 구글과 최적화가 있어 가능한일입니다.그렇듯 프라다도 명품 폰처럼 사용할수 있을것같습니다."
2,236,LG-SU540,프라다폰 3.0,5,,zenn****,11.12.22.,한국은 스펙이 좋아야합니다.,"왜요? 국내 폰들은 해외폰들의 우수한 소프트웨어에 대항하기 위해 자체 핸드폰 스펙을 높인거죠 안드로이드만 봐도최적화의 문제가 스펙보다 더 중요시하게 되는 문제이구요. 저 밑에분은 벌써부터 쿼드코어 말씀하시는데프라다폰은 자체 브랜드 이미지를 중요시 하는 업체입니다. 저폰이 나오기까지 LG와 2년동안의 제작기간을 가졌어요, 요즘 스마트폰 1년 지나면 고물취급되는데 그렇게 스펙스펙 최신사양 타령하시려면 핸드폰 적어도 3개월에 한개씩은 바꿔야지요.저정도 스펙이면 하루종일 핸드폰 갖고 게임하는 사람아니면 잘쓰고도 남습니다. 그리고 프라다3.0은 주도권을 거의 프라다가 갖고LG가 출시해주는 핸드폰입니다. 그리고 사치품 럭셔리 아이템이 핸드폰값(보조금지원하)20만원이면 사는군요언제까지 명품=초고가 라는 인식하의 사시겠습니까.. 이해와 편견을 갖고 다른 관점에서도 보아주세요. 패션,디자인이 취미인만큼 저로써는 핸드폰 예쁘기만 하네요. 지극히 개인적인 가치관으로 나오지도 않는폰함부로 평가하는건 무리가 아닐까요? 그것도 까다롭기로 유명한 프라다 디자이너들의 작품을요."
3,236,LG-SU540,프라다폰 3.0,5,,dong****,11.12.23.,프라다폰에 스펙 기준으로 목숨거는 이들.... 정말 그 자체 한심,"밑에 리뷰 작성하신 분들이 자꾸 스펙, 스펙 하시는데...프라다폰은 성능과 스펙을 보여주는 것이 아닌 디자인과 명품 브랜드, 그리고 새로운 악세사리 등을 보여주기 위해 출시한 거죠.삼성 갤럭시 S시리즈처럼 그 때마다 최고의 스펙을 보여주는 그런 cell phone시리즈가 아닙니다.탁월한 스펙을 보여주려고 했으면 왜 괜히 프라다와 손잡아서 같이 공동 개발했을까요?그냥 lg에서 옵티머스 lte처럼 좋은 스펙폰 또 내놓으면 그만이지.그리고 프라다폰이 국내에만 출시하는 것이 아니라 해외 각지로 판매됩니다.우리나라 스마트폰 이용자들이 너무 눈이 높아서 스펙 같은 걸 잘 따지고 그러는데,우리나라에서 판매되는 스펙이 평범한 폰도 해외 나가면 고가로 잘 팔립니다.프라다폰은 국내 시장을 주도하려는 것이 아니라 세계 시장을 주도하기 위해 시점을 맞춘 것이죠.그리고 한 가지 물어봅시다. 이번에 출시된 프라다폰 스펙이라면 사실 왠만한 스마트폰 스펙 아닌가요?참, 얼마나 더 기대하고 있길래. lg는 옵티머스 lte로 최고 스펙 폰을 내놓았기 때문에이번에는 스펙에 중점을 둔 것이 아닌 디자인과 브랜드로 초점 맞춘다는 것을 알아채지 못하고 계시군요.그리고 이번에 프라다폰의 독창적인 specialification이 없다고요?안드로이드 진저브레드 OS에 프라다의 독특한 검정 바탕에 하얀색 무늬를 그려 넣은 소프트웨어가세계 사람들의 눈길을 사로잡는다는 것 모르시나봐요.정말, 다시 한 번 생각해보세요.이번 폰이 그렇게 스펙에 목숨걸고 따져야 할 폰인지...(차라리 좋은 스펙의 lg폰 사려면 옵티머스 lte 사시는게...)"
4,236,LG-SU540,프라다폰 3.0,5,,toke****,11.12.22.,사람마다 기준은 다른 거에요!!,"아.. 드디어 기다리던 폰이 나왔네요!!@@해상도가 좀 아쉽지만.. 디자인과 휴대성을 중시하는 저 한테는 딱 이네요!! 배터리도 요즘 많이 나오는 1750mAh보다 200mAh 적지만 좀만 신경쓰면 문제없습니다. 끽해야 10% 용량 적은거... 일주일에 한두번만 더 충전하면 문제 없어요.주변에 보시면 스마트폰으로 인터넷이나 가끔하고 카톡질밖에 안 하는 사람들이 훨씬 많다고 생각합니다. 과연 그 분들은 핸드폰 스펙의 몇 % 나 쓸까요?스펙 중요하게 생각하시는 분들이 많아보이지만 기계 좋아하는 남자들-그 중에서 10~20%정도가 스펙에 목 매는거 아닐까요?? 다만 그 분들이 인터넷을 도배하고 다니시니깐 스펙이 최고로 중요해 보이지... 회사 여직원 중에 자기 핸드폰 스펙 아는 여자분들 거의 없어요. 심지어 자기폰 모델명도 모르는 여자분들도 많이 봤어요.제 경우도 유명한 어플이나 스마트 게임은 아이패드로 하고 게다가 회사원이니 집, 회사에서는 PC가 항상 눈앞에 있고..  결국, 핸드폰 기능을 더 중요시 하기 때문에 이 정도 스펙이면 충분합니다!! 특히, 맘에 드는게 화면 크기!!+ㅁ+4.5인치 이상은 바지에 넣고 다니면 살짝 불편.. 아이폰 크기가 딱 적당하지만 살짝 아쉬웠는데 4.3인치에 두께는 얇으니깐 저한테는 최고네요.사람마다 기준이 다른건데 아직 출시도 안 된 폰을 스펙만 가지고 저리들 까고 계시니.. 지금, 무슨 폰 가지고 계신지 모르겠지만 몇달안에 그 스펙도 구린 스펙 되는거 아시죠?? 분기마다 핸드폰 바꾸시는 분이면 인정!! 그게 아니시면 아직 출시도 안 된 폰에 욕 좀 그만하세요.스펙이 안 중요하다는게 아니고 스펙 말고도 구매를 결정하는 요소들이 많다는 말입니다!!직접 써 보니, 느리고 조루 배터리고 화질 엉망이다 라면 몰라도 제품정보 화면에 나온 숫자 몇개에 개거품 물지 마시란 말입니다!! ㅡ,.ㅡ*"
5,236,LG-SU540,프라다폰 3.0,5,,calm****,11.12.21.,스펙타령을 왜하는지....,"프라다폰 컨셉자체가 스펙이 아닌 프라다라는 브랜드 네임과 디자인의 조화, 그리고 예쁜 UI를 들수 있습니다.스펙스펙 이러는데 1.5스냅이랑 1.0 OMAP 방식이랑 구동능력 별차이 안납니다. 단순 클럭수보고 그러지 맙시다그리고 스마트폰 스펙은 하루가 다르게 업데이트가 되는데 그러면 도대체 언제쯤 사면 될까요?ㅋㅋㅋ컴퓨터처럼 최신사양사도 몇달지나면 구형되는게 요즘 스마트폰시대입니다.갤투랑 비교하시느네 갤투보다 빳데리빼고 딸린게 먼지 모르겠네요.대신 디자인이 이쁘지않습니까.ㅋLG는 이미 옵티머스LTE라는 최고사양 스펙폰을 내놓았고 프라다는 최고사양 스펙을 중점둔것이라기보단 디자인과 최적화, UI에 중점을 둔것 같습니다.가장 중요한 건 최적화입니다. 아무리 스펙좋은 폰이라도 최적화가 개구리다면 빳데리 소모만 심할뿐입니다!!!"
6,236,LG-SU540,프라다폰 3.0,1,,skae****,11.12.21.,명품Masterpiece보다는 사치품luxury item에 가깝네요,"가격 대비 효율성을 따져야 하고 가격 답게 혁신적인 부분이 있어야 하는데 그렇게 다른 스마트 폰과 객관적으로 비교해서 따졌을때 기능상으로도 별반 다를 것이 없는거 같네요. 만약 아이폰 4S처럼 Siri 같은 혁신적인 기능이 있었으면 샀을지도 모르는데ㅋ 가격하고 기능 대강 훑어보니까 ""와 비싼거다"" 라는 소리 들을 바에야 그냥 난 다른거 사는게 낫다고 생각되네요. ""프라다 특유의 색상 적용???"" 문제는 색상, 디자인이 아니라 성능이죠 ㅋㅋ 디자인을 원한다면 케이스를 진짜 멋진걸로 사면 되고.. 케이스 없이 스마트폰 다 멀리서 보면 다 네모난 검은 판때기로 보이니까 거기서 거기로 보이죠ㅎㅎ 프라다가 훈장 ""나 비싼거 산다""고 째려고 사기에는 풉 ... PRADA라는 글자가 너무 안보이네요. 과시용으로 사기도 부적절.. 성능도 보니까 무슨 쿼드코어도 아니고 듀얼코어 1.0GHz?? 대부분의 타 스마트폰의 성능하고 비슷하고.. 부적절... 가격 하락이 1달 유지하다 푹 꺼질 기세ㅋㅋ아.. 플로팅 매스?? 화면이 붕 떠 보여 얇아 보인다던데.. 음... 얇으면 좋은가?ㅋㅋ sch-c210 진짜 지금도 제일 얇은데 다른거랑 비슷비슷하던데요ㅋ 그리고 .. 배터리 얘기 하시는데 아직까지 배터리 기술은 모두 거기서 거기라 보시면 됩니다. 프라다폰 배터리는 1540mAh 베가레이서 1650mAh 갤S투 1650mAh 아이폰4S 1,420 mAh 솔직히 이전 폰들에 비하면 배터리용량은 커졌지만 모두 이틀이상 충전없이 유지는 불가능합니다. 애플은 소프트웨어로... 삼성은 대용량 배터리 추가생산으로.. 그리고 엘지는 디스플레이 방식으로 배터리 유지시간을 늘리는데 열중하고 있습니다. 최근 노스웨스턴대 연구에서 15분 충전으로 1주일 이상 사용할 수 있는 휴대폰 배터리를 개발했다고 합니다. 그런데 이게 상용화되려면 5년 정도 걸린다는거.... 기다리면 됩니다ㅋㅋ"
7,236,LG-SU540,프라다폰 3.0,5,,dong****,12.01.04.,프라다폰 3.0 오늘 받아서 사용해봤는데,"생각보다 의외로 터치감이 좋아요.기존 안드로이드 터치감을 벗어나 ios처럼 부드럽지는 않지만,국내 휴대폰 제조사들이 만든 폰 중에서 터치감과 UI는 가장 좋다고 생각합니다.또한 CPU와 1GHz 듀얼코어 때문에 스펙에서 실망을 주었는데막상 써 보니까 기존 듀얼코어 방식과 달라서 그런지 갤s2보다는 인터넷 웹 서핑 속도가 꽤 빠르다는 생각이 들었어요.그리고 배터리 용량도 많이 적다고 생각한 것과는 달리3g여서 그런지 배터리가 빨리 닳지는 않더라구요.디자인은 역대 스마트폰 중 가장 고급스럽다는 생각이 들고 (아이폰 같은 디자인은 너무 많이 보여서 그런지...)ICS 업글만 기대해봅니다.아무튼 프라다폰이 기대를 져버리지 않아서 좋네요."
8,236,LG-SU540,프라다폰 3.0,5,,slzl****,11.12.22.,타사 S사와 비교해 보자,타사 S사와 비교해 보면 스마트폰 뿐만 아니라 냉장고 TV 김치냉장고 컴퓨터도 다른 회사의 브렌드명 및 중소기업의 기술을 얻어 사용하고 있을 뿐만 아니라 갤럭시 라인의 제품들을 보면 그 제품을 사용하고 있는 사용자들을 보면 안쓰러운 생각이 먼저 든다.소비자는 테스트 물품이 아닌데 100% 품질 테스트 및 기기(제품)능력과 기능에 대해 완전한 제품이 아직 출시 되지를 않았다.그러나 라이벌 관계를 가지는 L 사의 폰과 컴퓨터 냉장고 TV 김치냉장고도 이미 비교 대상이다아직도 소비자와 고객및 손님을 속이며 파는 회사는 이미 신뢰를 잃었다고 생각된다.
9,236,LG-SU540,프라다폰 3.0,3,,yonz****,11.12.23.,다 좋은데요...이것만은..바꿔주시면 안되나요?,"내장메모리 8G에서 16G로 늘어난 거 감사하구요..4key에서 3key로 바뀐 것도 그냥저냥.. 그러려니 할 수 있습니다.DMB 추가됐다고 1mm 두꺼워 진 것도 괜찮습니다..저.. 정말 프라다폰 기다렸거든요... 근데.. 뒷면에... 통신사 로고는 뭔가요??그거 때문에 저 지금 다른 폰 알아봐야 하는지 심각하게 고민 중입니다.제발 통신사 로고만이라도 빼주세요.. 프라다폰에.. 왜그리 덕지덕지 로고를 넣으시는건지..루트만 알면..해외판매용 프라다폰 구해서 쓰고 싶습니다.. ㅠ,.ㅠ"
10,236,LG-SU540,프라다폰 3.0,3,,gnsf****,11.12.18.,시대에 뒤떨어지는 제품..,"800nit의 밝기, 플로팅매스로 얇아보이는 두께, 다른 폰과의 차별된 디자인은 좋지만 Ti omap 4430 1Ghz cpu에 내장메모리 8g, 듀얼코어와800nit 라는 밝기를 뒷받침해줄 배터리 용량이 부족하네요쿼드코어 스마트폰이 출시예정되어있고 대부분 하이엔드 스마트폰들이 1.5ghz 듀얼코어를 쓰는상황에 1ghz의 CPU를 쓴다는건 많이 뒤떨어지는것 같네요...물론 클럭수가 높다고 좋은것만은아니지만 말입니다..거기다 프라다의 폭풍가격또한 구매자들에게는 부담이 되겟네요.."
11,236,LG-SU540,프라다폰 3.0,1,,yzer****,11.12.21.,저게 말이됨?,"전자제품이랑 명품브랜드라...발상 자체는 참신할 수 있지만, 명품이라는건 한번 사면 오래간다는점도 명품의 가치를 뜻합니다. 또한 세월이 지났어도 AS해주죠...그 관점에서 본다면 프라다1을 가지고 있는 사람들은 명품을 가지고 있다는 자부심을 아직도 가지고 있는지 궁금합니다. 그리고 프라다1 아직도 LG전자에서 AS해주는지 궁금하기도 합니다. 뭐 LG에서 안해주면 프라다매장 가지고가면 AS해 주는지도 잘 모르겠네요...결국 저사양에다가 비싼가격... 가지고 있으면 시간이 지나도 명품이 되리라고 믿어야겠죠? ㅎㅎ"
12,236,LG-SU540,프라다폰 3.0,5,,xkzm****,11.12.22.,나름 LG가 현명한선택을.....,"음  우선 가장칭찬할만한건 3G 출시라는점과 디자인,두께아쉬운건  배터리와스펙을 말씀하시는데 스펙은 전혀 까일정도가 아니라는생각이드네요배터리는 역시 아쉽다고 생각이 들고 여러모로70만원대 의 저렴한 가격과 3G를 선택한 LG가 아주 현명한 선택을 한것같네요생각보다 많이 팔릴것같은생각이 드는군요 이번에 휴대폰바꾸려했는데갤노트를 사려다 국내판에 실망하고 안바꾸고있었는데 잘됬네요 ㅋㅋ "
13,236,LG-SU540,프라다폰 3.0,4,,wsd3****,11.12.22.,많이 아쉽습니다,몇달 뒤면 핸폰 바꾸려는 초딩입니다 정말 디자인 좋다 생각했는데... 이게 뭡니까?ㅡㅡ?진짜 너무하네요 명품폰이라면서 뒤에 로고는 싸구려같이 쾅쾅 잘 찍어 놓으셧더라구요..딱바도 명품같겠네요 통신사여러분들..... 올레 로고 찍어놓고 sk로고 찍어놓고... 쫌 심하네요 스펙 딸려  가격대비 딸려 배터리 딸려 최적화 딸려....as딸려... 뭐 as는 괜찮겠네요 lg에서 안해주면 프라다에서 해주겠죠!!!!는 개풀 뜯어먹기.....ㅡㅡ 그래도 질르겠습니다.... 질러야지... 어캐해요 약정이 3달 남았는데...괜찮은거 나올라나?뭐....어리바리한lte보다는 3g가 나겠죠.
14,236,LG-SU540,프라다폰 3.0,5,,slzl****,11.12.22.,현제 출시예정품 프라다폰의 테스팅 모델을 사용하며,현제 출시예정품 프라다폰의 테스팅 모델을 보고 알고 느끼게 된건현존하고 있는 애플사의 기본적인 디자인과 스타일을 가진체 확실히 다른 모습을 보여주고 있다.기존의 갤s2는 전용 악세사리가 옵버빙 후에 높은 가격대를 자랑하며 출시되었다그러나 프라다폰의 악세사리는 기존의 악세사리보다 선택의 폭이 넓어 질뿐만 아니라질과 가격대를 손쉽게 잡아서 더욱 기대감이 크다.
15,236,LG-SU540,프라다폰 3.0,1,,catc****,11.12.22.,프라다 폰에 많은 기대를 하였지만 역시나..국내는;,"스펙? 그런거 바라지도 않았어단지 최적화랑 디자인만 좀 잘빠지게 나와라~ 했지만...국내 이통사들의 횡포로 인해 ㅡㅡ 프리로드 어플 강제 탑재 (티스토어, 올레마켓 등등...) 로 인해 최적화 물건너감 ㅡㅡ;;게다가... 휴대폰 뒷면에 이통사 로고 박혀서 나오던데..여기서 정말 급실망..너무 아쉬움이 많은 제품이네요... "
16,236,LG-SU540,프라다폰 3.0,5,,lone****,11.12.24.,[실체험자] 올 것이 왔음,"12/14 영국 런칭행사때 만져봤습니다.전원 On 부터 프라다 로고가 뜨면서 전율했는데, 솔직히 화면 넘기는 속도나 반응 속도도아이폰과 차이가 없었습니다.1.0기가 듀얼코어이긴 하나 진저브레도도 최적화 되어 속도고 엄청 나더군요.무엇보다 PRADA와의 Collaboration.. 말이 필요한가요그 럭셔리함은."
17,236,LG-SU540,프라다폰 3.0,5,,vskr****,11.12.22.,프라다폰이라는 말만 들어도 디자인에 더 중점을 뒀다는걸 알 수 있지 않나요..,"요즘 하드웨어만 따지는 사람이 어디있나요, 디자인, 소프트웨어보다 성능 성능하다가 큰코다친게 대표적으로 삼성이죠...사람마다 고르는 기준은 다를 수 있죠. 밑에 님이 말하시는 똑같은 검은 네모판대기, 디자인 보고 고르는사람 적지 않을걸요.."
18,236,LG-SU540,프라다폰 3.0,4,,doom****,11.12.24.,스팩은 상관 없고,디자인이나 UI가 심플 하고 깔끔하네요~ 실제로 보고 판단을 해봐야겠지만. 이미지로 볼때는 스팩이나 디자인 UI가 맘에 들어요 ㅎ스팩 타령 하시면 다른걸로 사시면 될듯 싶네요~ 비싼걸로~ 가격도 프라다 치고는 저렴한거 같아요.살짝 배터리가 아쉽긴 하네요 ㅎ
19,236,LG-SU540,프라다폰 3.0,1,,kkss****,11.12.21.,시대를 거꾸로 가나?,아무리 스팩이 아니라고 하지만 현시점에서 1GHZ? 가격이 한 40정도하려고 그러는가?난솔직히 40도 아깝다고 봅니다. 이거살빠엔 갤스2중고사는게 백만배는 나을듯 스팩이 비교도 안되 ㅋㅋㅋㅋㅋㅋㅋㅋㅋ 1.5듀얼하고 1기가하고는 ㅋㅋ 씨피유정도는 맞춰줘야 뭐라도 함 질러볼까하지 이건뭐 8g로 이길려고드네 현재 외장안끼고 다니는 사람이 많을줄 아나봐 ㅎㅎㅎㅎㅎㅎ
20,236,LG-SU540,프라다폰 3.0,4,,szs5****,11.12.21.,참 아직도 스펙타령 초딩도아니고,아니 ㅋㅋㅋ 스펙은 스마트폰에 맞춰서 나오는거지 니는 그냥 베가가 1.5 듀얼코어 되면 어떻게 되는진 아세요?ㅋㅋㅋ 배터리가 못받쳐줘요 ㅋㅋㅋㅋ 스펙은 스마트폰에 맞춰서 최적화되서 나오면 되;는거고 좀 제발 ㅋㅋ 스펙타령좀 그만해요 ㅠㅠㅠ 미치겟어 ㅋㅋㅋ 아 
21,236,LG-SU540,프라다폰 3.0,5,,dong****,11.12.31.,오늘 써 봤는데...,정말 터치감은 대단합니다엘지의 스마트폰 약점을 강점으로 바꾼 UI와 터치감이 정말 좋았어요.터치감이 부드럽고 잘 넘어가더군요.또한 디스플레이도 좋고특히 디자인이 예술이어서 여성분들은 더욱 더 좋아할 폰인 것 같다는 생각이 드네요.그러나 단점은 스펙이 조금 딸린다는 거?그런데 프라다만의 고유의 특징이 단점을 보완하고 커버해줘서 사용하기에는 문제 없습니다.
22,236,LG-SU540,프라다폰 3.0,5,,tjra****,11.12.11.,시피유와 디스플레이,"통신규격이 3G이죠?? 저기 스펙에는 시피유가 보이지 않네요..요번 갤럭시 넥서스에들어간 TI OMAP 이 1.2가 아닌 1.4로 들어갑니다.그리고 디스플레이도 wvga 지만 IPS패널로 음..노바 디스플레이네요 1,000니트!!??쩌는 밝기(옵티머스 블랙보다 밝은) 레티나 디스플레이와 거의같다고 보면 됩니다. 아이폰과 비교하면 해상도는 딸리지만 IPS패널이마음에 드네요 ㅋㅋ특히 시피유는 정말 맘에드네요 TI OMAP 1.4Ghz !!!! 갤넥이 1.2 이닌까 시피유는 더좋다는소리죠 ㅋㅋㅋ요번에폰은 잘만들었네요 ㅋㅋ 근데 해상도만 고해상도였으면 좋겟다 ㅜㅜ 사후지원도 많이 좋아짐 ㅋㅋ 내년초에 lgUI 업그래이드 발표가있엇음 ㅋㅋ요즘 엡데이트 자주해줌ㅋㅋ ics도 업글 확정 임 주요폰만 이지만 옵2x,옵3d,옵블랙(EX,q2),옵lte 는 ics 확정 입니다 이로인해소프트웨어 업글도 많이 늘었음 옵빅도 해준다는 말이잇음요"
23,236,LG-SU540,프라다폰 3.0,1,,dukd****,11.10.30.,스펙은 경쟁력 없는걸 알까,색감과 휘도 말고는 특출나게 뛰어난거라곤 없네 심지어 겔스2 전면카메라조차도디자인으로 승부보겠다는건가설마 디자인때문에 비싸게 나오려나제발 사후폰들이 많아서 관리 꾸준히만 해줘도 오래 걸릴텐데옵LTE  좋은거 아니까 출시된 폰들 관리에 힘만 쓰면 좋겠다
24,236,LG-SU540,프라다폰 3.0,1,,syjj****,12.01.01.,아이폰5를 기다리다 프라다폰이 나온다는 소식에..,아이폰5를 기다리다 프라다폰이 나온다는 소식에..그렇지만... 아이폰을 써본사람은.. 왜 아이폰인지..확실히 모든편에서 아이폰이 월등합니다.다시 갈아타고 싶을뿐...
25,236,LG-SU540,프라다폰 3.0,5,,dann****,11.12.30.,이제야 좀..,디자인이 죽이네요. 곧 약정 풀리면 고고씽.
26,236,LG-SU540,프라다폰 3.0,4,,thes****,11.12.28.,만족...,아침에 예약한거 택배로 받아서 사용해봤는데.이정도면 만족...
27,236,LG-SU540,프라다폰 3.0,5,,qlsd****,11.12.27.,블랜엔 화이트,깔금하고 좋네요 성능은 어느정도일지
28,236,LG-SU540,프라다폰 3.0,3,,kevi****,11.12.09.,해상도,왜 해상도가 wvga야.. 요즘 다 HD로만 만들고 홍보하는데 갑자기 wvga... OS도 진저브레드로 나오고...
29,236,LG-SU540,프라다폰 3.0,3,,pure****,11.11.23.,기대는 되지만,프라다 이름값이 얼마나 비쌀지 모르겠지만만약 출고가가 4s보다 비싸다면 살 마음 전혀 들지 않겠네요.
30,236,LG-SU540,프라다폰 3.0,5,,koob****,11.11.04.,팟팅,LG파이팅! 사후지원 정책도 이제 눈뜬것 같은데.... 이번엔 제발 팬택보다는 잘하쟈!
31,236,LG-SU540,프라다폰 3.0,2,,kkms****,11.11.02.,도대체 왜,프라다폰은 출시 될때마다 스펙이 항상 부족한것인가
32,236,LG-SU540,프라다폰 3.0,1,,5681****,11.10.30.,아... 할말이없다..,"화면크기 4,3인치나 되면서 WVGA?? ㄷㄷ특별한 기능도 없으면서;;과연 얼마나 팔릴까?배터리는 언급도 안했군ㅋㅋ배터리는 100% 1500mAhㅋㅋ"
33,236,LG-SU540,프라다폰 3.0,5,,wk20****,11.11.01.,프라다인 만큼 최고로 보여주세요,기대하고 있겠습니다 ㅋㅋㅋㅋ
34,236,LG-SU540,프라다폰 3.0,5,,desi****,11.08.10.,얼른,국내에 출시되길바랍니다.
35,236,LG-SU540,프라다폰 3.0,5,,desi****,11.08.10.,출시가 기대되는 스마트폰입니다.,얼른 나왔으면 좋겠네요
1,237,LM-Q727,Q7,5,인터파크,4*5*****,19.09.05.,배송 빠르고 제품 적당하니 쓸만해요.,배송 빠르고 제품 적당하니 쓸만해요.
2,237,LM-Q727,Q7,3,옥션,inky****,19.04.04.,여기서 사지 마세요,다른데는사은품 엄청 많이 온다는데 달랑 전화기만 왔네요방탄필름이랑 케이스등 별도로 다 구매해야했어요
3,237,LM-Q727,Q7,5,인터파크,chw*****,19.03.08.,좋아요,아버지가 좋아하십니다.
4,237,LM-Q727,Q7,5,하이마트쇼핑몰,t*n*****,19.06.23.,여긴 택배가 되네요.,다른 곳들에서는 Q7+의 경우 매장방문만 가능해서 택배 되는 여기서 주문했습니다. 다만 선개통 후배송이라 하루 정도 전화 쓸 수 없다는 점은 감안하셔야 합니다.
1,241,SHV-E275,갤럭시 그랜드,5,신세계몰,ck0*****,16.05.26.,배송 빠르고 쓸만합니다,배송 빠르고 쓸만합니다
2,241,SHV-E275,갤럭시 그랜드,4,11번가,wa******,16.01.26.,"상품,배송괜찮습니다!",저렴하게 잘샀어요 홍홍
3,241,SHV-E275,갤럭시 그랜드,5,신세계몰,p456****,15.11.27.,다운로드가늦는편.답답합니다,다운로드가늦는편.답답합니다
4,241,SHV-E275,갤럭시 그랜드,5,11번가,so******,15.11.26.,방문수령했어요.,방문수령했어요. 친절하게 대해주시고완납형 제품 살 수 있게 해주셔서 진짜감사드려요. 사은품도 빠진 거 하나 없이다 주셨어요.
5,241,SHV-E275,갤럭시 그랜드,5,옥션,cdh0****,15.11.13.,츠가 물푸에 만족,가격만족도/성능/사용편의성 등 : 상태/배송 : 그 외 도움이 될 만한 사용후기 : 잘쓰고있음 옥션 안드로이드 앱으로 작성
6,241,SHV-E275,갤럭시 그랜드,5,인터파크,gub*****,15.10.07.,최고의 선택! 추천합니다.,최고의 선택! 추천합니다.
7,241,SHV-E275,갤럭시 그랜드,5,11번가,me******,15.05.15.,어버이날 선물로 기기변경 해드렸는데 좋아하시네요,일단 비교검색해보니 여기가 젤 싸더라구요. 조건도 없고 기계값만 계산하면 되니까.   사은품은 그닥 쓸모 있는건 없네요 ㅎ   케이스라도 쓸만하면 좋겠는데 너무 후져서;;   그것 빼곤 추천할만 합니다.   많이 파세요 
8,241,SHV-E275,갤럭시 그랜드,5,옥션,haze****,16.03.23.,휴대폰 잘받았습니다,두번째 구매입니다 이번에도 실망없이 잘 보내주셔서 대단히 감사드립니다사은품도 빵빵하고 어머니께서도 굉장히 좋아하시네요!대박나십시오! 
9,241,SHV-E275,갤럭시 그랜드,5,옥션,lyh2****,16.06.09.,맘에들어요,맘에들어요
10,241,SHV-E275,갤럭시 그랜드,5,옥션,********,16.06.03.,휴대폰 변경,포인트를 잘못 봐서 주문 했는데 배송도 빠르고 가격도 적당하고 믿을만 합니다.적당하게 잘 해주셔서 감사합니다 
11,241,SHV-E275,갤럭시 그랜드,5,옥션,axte****,15.02.13.,만족할안한 상품입니다,사용자 연령대 :  디자인/사이즈/성능/사용편의성 :  포장배송상태 :    그 외 도움이 될 만한 사용후기 :옥션 안드로이드 앱으로 작성
12,241,SHV-E275,갤럭시 그랜드,5,11번가,an******,15.07.18.,"빠른 배송, 사은품 너무너무 감사해요 ^^","빠른 배송, 많은 사은품들 너무너무 감사해요 ^^  핸드폰 크기도 적당하고 요금제도 마음에 들어요 ^^ "
13,241,SHV-E275,갤럭시 그랜드,5,11번가,hi******,15.11.30.,사고나니 더 좋은걸로 사은품이 바꼇네요ㅠㅠ,"    배송, 상담원 태도, 제품상태 등 모두 만족스러우나 제가 구매하고 나서 사은품이 더 좋게 바뀌었군요 ㅠㅠ 며칠만 더 늦게 살걸 그랬네요. 하여튼 잘받았습니다. 많이 파세요.  "
1,242,SHW-M290,갤럭시 지오,5,인터파크,sje8****,18.08.31.,주문다음날 바로 배송왔네요,다른곳보다 저렴히 판매하길래 바로 구매했어요.노트5쓰다가 갈아탄건데 화면크기는 비슷한데 노트8이 더 길면서 굴곡져서그런가 작아보이네요. 아이콘들도 작아져서 폰이 더 작게만 느껴집니다. 삼성스마트스위치로 모든정보 다 옮기니 편리하고 유심 끼우니 전화도 잘 됩니다.케이스나 필름 서비스는 없댔는데 본품에 기본으로 투명젤리케이스가 포함되어있고 필름은 따로 사야하네요. 아그리고 제조일은 17년12월거라 좀 불만족스럽습니다.오래된제품이라 싸게 행사하는건가싶기도하고요. 
2,242,SHW-M290,갤럭시 지오,3,,ya8*****,19.04.15.,뭐 노트8을 지식인이나 블러그에 검색해보면 10만원...,뭐 노트8을 지식인이나 블러그에 검색해보면 10만원대에 샀다... 뭐 요금제 자유다.. 혹은 10만원도 안주고 샀다... 말들이 많죠!! 어디어디 가입해서 사라.. 등등  하지만 전 정직하게 오픈되어있는 곳에서 구매해야 뒷탈이 없을거 같아 롯데에서 구매했네요.상담사님들도 다 친절 하시고 고딩아들도 엄청 만족해 합니다.. 요새 폰 색깔은 아무의미없는거 같네요 앞면이 전부 올 검정색이라.. 뒤는 커버씌우면^^
3,242,SHW-M290,갤럭시 지오,5,,zta*****,19.07.10.,가격도 저렴하고 친절하게 잘챙겨 주셔서 개통도 바로...,가격도 저렴하고 친절하게 잘챙겨 주셔서 개통도 바로 하고 좋네요.부모님 스마트폰 바꿔드렸는데 좋아하셔서 기분 좋은것 같네요.보급형 모델은 무선충전 안되는데 메이저 모델이라 무선충전도 되고 화면도 커서여러가지로 좋은듯 하네요. 감사합니다. 많이 파세요.
4,242,SHW-M290,갤럭시 지오,5,,doa*****,19.04.08.,가격도 검색한것중에 제일 저렴한거같고 잘 쓸게요....,가격도 검색한것중에 제일 저렴한거같고 잘 쓸게요.배송도 저녁에 금요일날 신청서넣었는데 토요일에 바로 와서 빠르게 쓸수있었어요 제가 개통 신청서넣을때 번호실수했는데 직원분이 확인해주시고 바로 수정해주셔서 잘 해결됐숩니다 많이파세요
5,242,SHW-M290,갤럭시 지오,5,인터파크,sdi*****,18.08.31.,빠른 배송  및 개통처리 만족합니다..,"제품이야 당연 미개봉 상태로 배송되었구요..신속한 접수처리 및 배송 등 만족합니다..  오프라인 상 나름 성지(?) 라는 그런곳 보다야 가격이 조금 더 나가는줄은 모르겠지만..  쿠폰 할인 등 적용하여 나름 저렴하게 구입한거 같네요..  블랙색상으로 구입했는데..단, 제조연월이 '17.12월은 조금 그렇네요..ㅎ"
6,242,SHW-M290,갤럭시 지오,5,인터파크,raph****,18.06.01.,괜찮네요.,비싸게 산 것 같지도 않고 그렇다고 아주 싸게 사게 산 것 같지도 않고 적정선에서 산 것 같아요. 싸게 사려고 이리저리 발품 안 팔고 싸게 파는 곳도알아보니 이것저것 요구도 많고 심하면 오히려 덤탱이까지 쓴다고 하는데그런 개고생 안 하고 편하게 사서 그걸로 위안 삼아요.^^배송도 개통해서 하루만에 최대한 빨리 받아서 만족합니다. 
7,242,SHW-M290,갤럭시 지오,5,인터파크,hoon****,18.04.30.,잘받았어요 한달째 잘쓰고있습니다.," 기본 10자 이상 작성시 100P 즉시지급 이미지 등록시 100P 즉시 추가지급개당 상품 가격이 5,000원 이하 상품은 적립대상에서 제외되며,리뷰 포인트는 최초 1회 작성시에만 지급됩니다.같은 단어가 반복된 내용은 임의로 삭제되며, 지급된 포인트가 회수될 수 있습니다. 다른 고객님들에게 유용한 상품 리뷰를 작성해주세요."
8,242,SHW-M290,갤럭시 지오,5,인터파크,gin*****,18.08.23.,감사합니다,"친절하고 빠르게 진행해주신 덕에 카드 발급받는둥, 장기할부 신청하는둥, 자동이체 변경하는둥 복잡한 과정에 기우가 많았는데 큰 어려움 없이 기기변경을 완료하였습니다. 조건도 좋고 직원분도 친절해 와이프랑 아버지 것도 신청하였습니다."
9,242,SHW-M290,갤럭시 지오,5,인터파크,zzon****,18.04.16.,"배송은 느리지만 잘받았습니다,",해피콜이 3일만에 왔어요... 해피콜 기다리는게 인내심을 필요로 하지만 해피콜받고 그날 발송해 주셔서 다음날 받았습니다. 개통도 안내대로 20분 정도후에 개통되었구요. 구매자와 명의자가 달라 해피콜을 명의자한테 하셔서 구매자가 다시 요청했는데 바쁘실텐데도 아주 친절하게 다시 설명해 주셨어요. 감사합니다. 사업 번창하십시오^^
10,242,SHW-M290,갤럭시 지오,5,인터파크,oban****,18.04.24.,적극추천드립니다:),조금대리점과다르게바로바로일처리되는것보다는 조금기다려야된다는단점이있지만 핸드폰받아보신다면모든게무의미하게만듭니다 특히상담해주시는분도친절하셨고바로해피콜후다음날 물건도잘도착했고요^^ 싸게잘구매했습니다~
11,242,SHW-M290,갤럭시 지오,5,인터파크,fht*****,18.04.23.,최상의 조건으로 구매했네요^^,"주문 후 익일 택배도착해서 바로 개통~~^^ 급하게 기변을 해야하는 상황이라서 바로 배송되는지 확인하고 주문~~다음날 바로 택배 받고 기변 개통했네요...저도 한 1주일정도 여기저기 조건 비교했는데 이곳이 최고인듯~~^^후기 보면 개통, 배송 늦다는 글 있던데 전 너무 신속정확하게 진행되어서 매우 만족입니다.아마도 조건이 좋아서 주문량이 많이 밀린듯하네요... ^^;;암튼 폰은 정말 잘 개통했구요... 사은품 배송 부탁드릴게요...감사합니다. "
12,242,SHW-M290,갤럭시 지오,5,인터파크,n_ou****,18.03.23.,빠른배송 감사합니다.,개통한지 이틀됐는데.. 이제서야 리뷰남기네요. 우선 빠른배송 감사합니다. 제품도 아무이상 없고.. 혹여나 앞으로 발생하는 문의사항에 대해서도 잘 대응해주실것 같네요.신속하고 친절하게 개통 진행해 주셔서 너무 맘에 들었습니다.사업 잘되시길 기원하며..즐거운 주말 보내세요~
13,242,SHW-M290,갤럭시 지오,5,인터파크,906*****,18.04.19.,추천합니다.,"해피콜 부터 배송, 개통까지 사실 시간이 좀 걸리긴 해요. 그래서 핸드폰이 급하게 필요하신 분들 보다 여유있게 기다릴 수 있는 분들에게 추천합니다. 조건이 좋고 상담도 친절하게 잘 해주셔서 마음 편하게 기다릴 수 있었습니다. 아직 사은품은 못 받았는데 그것도 기다리면 조만간 올꺼 같아요."
14,242,SHW-M290,갤럭시 지오,3,롯데홈쇼핑,cho*****,19.12.09.,A80 구매했는데 왜 아이폰11 케이스가 왔죠?,A80 구매했는데 왜 아이폰11 케이스가 왔죠?
15,242,SHW-M290,갤럭시 지오,5,인터파크,d*g*****,19.11.26.,물건 잘 받았습니다.,물건도 마음에 들고 빠른 배송 감사합니다.
16,242,SHW-M290,갤럭시 지오,5,G마켓,raja****,19.07.26.,좋와요,좋와요 맘에들어요 ㅎㅎ
17,242,SHW-M290,갤럭시 지오,5,인터파크,3*6*****,19.10.07.,좋아요,매장에서보다 좀더 싸게 구입햇어요 예전보다 온라인구매시 편하고 빠르게 받아볼수잇네요 잘쓸게요
18,242,SHW-M290,갤럭시 지오,5,11번가,mi******,19.09.23.,최고예요,값도싸고품질도좋은노트9
19,242,SHW-M290,갤럭시 지오,5,옥션,yyh*****,19.09.05.,좋아요,좋아요
20,242,SHW-M290,갤럭시 지오,5,인터파크,l*p*****,19.08.22.,컬러 선택을 못하는거 빼고 좋아요,색상이 하나뿐인게 아쉽지만 배송도 빠르고 안내도 알아보기 쉬워서 좋았습니다.  업데이트가 많은거  참고하세요
21,242,SHW-M290,갤럭시 지오,5,인터파크,napo****,19.01.18.,좋아요,잘 사용하고 있습니다.  더이터 옮기고 문자가 송수신이 안되어 몇시간 고생했네요  폰을 간만에 바꾸니 정리하고 세팅하는데 힘들었네요  두대중 한대는 알수없는 에러가 났는데 지금은 문제가 없습니다.  잘 사용할께요  번창하세요 
22,242,SHW-M290,갤럭시 지오,5,인터파크,lkh*****,19.01.09.,잘구매했습니다,"인터넷 최저가, 오프라인가서 발품 안팔아도 되는데 가격도 신도림 용산가서 사는것과 엄청나게 큰 차이나지 않습니다. 배송도 빠릅니다. 제가 구매할때는 골드색상밖에 없었는데, 검정색 케이스 끼우면 다른 인기색상보다 오히려 더 고급스럽습니다. 단점이 있다면 업체쪽에 전화걸면 전화를 안받습니다. 물론 해피콜은 문제없이 잘옵니다만  해피콜제외하면 업체쪽과 전화하기가 굉장히 힘듭니다. 다섯통 넘게 전화해봤는데 한통도 안받았습니다. 만약 핸드폰 기기 상태가 이상하다 싶으면 문의를 남겨서 수시간 뒤~내일 답변을 받거나 기기 문제가 아니다 싶으면 114에 전화해서 본인이 해결하셔야합니다. 그럼에도 온라인구매, 가격 이점이 강력하기때문에 추운날씨에 오프라인구매가 귀찮다, 집주변에서 비싼가격에 사기 싫다하시는 분들에게는 구매강력추천합니다."
23,242,SHW-M290,갤럭시 지오,5,인터파크,napo****,19.01.18.,좋아요,"구매확정이 늦었네요  해피콜 진행하고 바로 배송해 주셨는데  택배 배송이 하루 늦어졌네요  노트3, s6 쓰다가 교체하게 되었네요  아내폰이 충전도 잘 안되고 문제가 있고 사용중인 폰도 문제가 있어 두대 했너요  데이터 이동 하고 모두 잘 사용하고 있습니다.  저렴하게 잘 산거 같습니다."
24,242,SHW-M290,갤럭시 지오,5,인터파크,jhw*****,17.11.27.,저렴하게 기기변경 잘 했습니다.,가격이 비싸서 많이 고민했는데 번호이동 안 하고 기기변경으로는 제일 저렴한 곳인것 같아서 바로 구매했습니다. 다른 사은품은 없고 기본 패키지만 있어요.메이플골드 색상은 없어서 블랙으로 받은 건 아쉽지만 배송이 금방 되어서 만족하고 잘 쓰고 있습니다
25,242,SHW-M290,갤럭시 지오,5,옥션,leeg****,19.12.01.,아직 약간 비싸긴하지만 좋네요,아직 약간 비싸긴하지만 좋네요
26,242,SHW-M290,갤럭시 지오,5,옥션,kido****,19.09.15.,포장이 뜯어져왔지먄 걍 괜찮아요........,포장이 뜯어져왔지먄 걍 괜찮아요........
27,242,SHW-M290,갤럭시 지오,5,옥션,tnfk****,19.10.29.,빠르게잘받았습니다,빠르게잘받았습니다
28,242,SHW-M290,갤럭시 지오,3,,kim*****,19.10.21.,개봉되서 온게 좀 찝찝하긴 합니다만 가격 때문에 그...,개봉되서 온게 좀 찝찝하긴 합니다만 가격 때문에 그냥 씁니다.
29,242,SHW-M290,갤럭시 지오,5,인터파크,ds3*****,19.01.11.,저렴하게 잘 구매했어요,저렴하게 잘 구매 했구요. 열심히 백업하고 설정 후 유심 새로 구매 후 사용할려고 하네요. 담에 아이들도 또 구매해서 사용 예정이구요. 좋은 휴대폰 많이 올려 주세요. 즉시 구매토록 할께요. 담에 또 봐요.^^♡
30,242,SHW-M290,갤럭시 지오,5,인터파크,jw******,19.01.09.,갤럭시 노트8,2018년4월 생산품으로 받았습니다 메이플 골드색상이 실제로 보니 더 고급스럽습니다 성능은전에 s8 를 사용 해서 그런지 비슷한 듯 싶습니다 그리고 전화상담이 친절하네요 
31,242,SHW-M290,갤럭시 지오,5,인터파크,00qu****,19.02.11.,잘 받았습니다,보내주신 상품 잘 받았습니다. 그레이 색상 마음에 듭니다. 원하는 색상으로 보내주셔서 감사합니다.  대리점에 가서 유심 새로 넣었는데 작동 잘 됩니다. 잘 사용할게요.
32,242,SHW-M290,갤럭시 지오,5,인터파크,tric****,19.02.26.,싸게 빨리왔어요,싼금액을 편하게 구매했어요
33,242,SHW-M290,갤럭시 지오,5,인터파크,capo****,18.10.20.,잘샀어요,"주문하고  메일 받고, 작성후 해피콜 받고 바로 배송 보내주셔서 다음날 받았습니다. 노트5 쓰다 바꾸는거라 유심 바로 끼워 사용하니 좋네요~ "
34,242,SHW-M290,갤럭시 지오,5,인터파크,musa****,19.01.31.,Good,저렴하게 발구매했습니다...^^
35,242,SHW-M290,갤럭시 지오,4,11번가,cc******,19.02.06.,좋아요,괜찮아요 감사합니다ㅎㅎㅎㅎ 잘 쓰겠습니다
36,242,SHW-M290,갤럭시 지오,5,인터파크,m856****,18.12.07.,좋아요,빠른진행에 매우만족합니다. 하루만에 받아서 변경하고 좋아요 처음에 문자가 안돼서 놀랏는데 업데이트 다받고나니 되네요 잘쓸께요~ 사은품은 없는거죠?ㅎ
37,242,SHW-M290,갤럭시 지오,5,인터파크,chr*****,18.12.17.,고맙습니다.,번호개통 문제해결및 친절한 응대에 감사합니다.
38,242,SHW-M290,갤럭시 지오,5,11번가,an******,18.07.20.,최고예요,노트8 가격이 부담스러웠는데 이번에 저렴하게 구매했어요.안전하게 포장도 잘해주시고..
39,242,SHW-M290,갤럭시 지오,5,인터파크,cd******,18.07.23.,최고입니다,최고입니다~배송도굿 모든지 굿
40,242,SHW-M290,갤럭시 지오,5,인터파크,agij****,18.04.26.,좋아요,아버지 핸드폰 해드렸는데 좋네요
41,242,SHW-M290,갤럭시 지오,5,,win*****,18.06.26.,"결제,신청서 작성후에 다음날 발송해주시고, 개통까지...","결제,신청서 작성후에 다음날 발송해주시고, 개통까지 상담응대도 친절하게 잘설명해주시고, 제품도 최근제품에 정상적으로 잘 작동이됩니다. 오랜시간 상품비교후에 어렵게 구매를했는데 만족하고, 요금제도 제약없이 자유롭게 선택할수 있어서 좋습니다. 적절한가격의 사양도 괜찮은 폰으로 구매하실려는 분들께 권해드리고 싶네요. 앞으로도 합리적인 가격,조건에 공급해주시고, 사업도 번창하세요."
42,242,SHW-M290,갤럭시 지오,5,인터파크,rj4a****,18.03.11.,괜찮아요,여러 모델비교 검색하고 결국 갤a8 2018 골드 구입. 색깔을 직접 본적이 없어 좀 걱정했으나 그럭저럭 맘에 들고 폰 기능은 아직 알아가는 중. 조금 무거워 오래 사용하면 손목이 좀 아픔. 신속히 처리해주셔서 감사합니다.  택배기사님이 집앞에 그냥 두고 가셔서 도착한 줄 모르고 있었음.
43,242,SHW-M290,갤럭시 지오,5,11번가,le******,18.04.11.,최고예요,우선 해피콜 친절하게설명 잘해주서 감사합니다기기는 생각보다 너무 좋네요노트4  사용하는데 화면이 좀 작아서 적응 하긴해야하는데 그래도 상당히 만족합니다다만 유심이 기존거랑 틀려서 다시 매장가서 구매하는 번거러움이 있는데 그거는 옵션으로라도 판매하셔서 변경해주셨으면 좋겠네요
44,242,SHW-M290,갤럭시 지오,5,인터파크,myal****,18.03.13.,잘 받았습니다~,"배송 빨리 해주셔서 좋았고, 핸드폰은 좀 무거운 거 말고는 쓸만해요. 블루컬러 샀는데 사이드가 핑크골드색이라 실물로 보면 화면이랑 다르게 보여서 받아보고 순간 의아했음ㅋㅋ 가격이 일주일새 좀 더 내려간 것 같아 약간 속이 쓰리지만 잘 쓰겠습니다"
45,242,SHW-M290,갤럭시 지오,5,옥션,l*v*****,20.03.17.,2년전에 구매하고 올해 또 구매합니다 사장님께서 매우 ...,2년전에 구매하고 올해 또 구매합니다사장님께서 매우  친절하십니다구매 망설이시는분들 여기 믿고 구매하시기 바랍니다
46,242,SHW-M290,갤럭시 지오,5,옥션,c*l*****,20.04.08.,굳ㅇㅇㅇㅇㅇㅇ 친절하시고 배송 빠르네요. 편안~,굳ㅇㅇㅇㅇㅇㅇ친절하시고 배송 빠르네요. 편안~
47,242,SHW-M290,갤럭시 지오,4,인터파크,jjhl****,19.05.20.,배송도 빠르고 쓸만합니다,아직 더 써봐야알겠지만 일단 괜찮은것같아요
48,242,SHW-M290,갤럭시 지오,5,옥션,drch****,19.07.03.,좋습니다.,좋습니다.
49,242,SHW-M290,갤럭시 지오,5,인터파크,hye*****,19.06.05.,잘받았아요.,배송이 늦어서 아쉬웠지만 잘받았ㅆㅂ니다
50,242,SHW-M290,갤럭시 지오,5,SSG닷컴,j2******,19.05.12.,기존폰보다 화면이 작아 글씨가 ,기존폰보다 화면이 작아 글씨가 잘 안보이는(노안이라 ..)거 말고는 좋아요.
51,242,SHW-M290,갤럭시 지오,5,인터파크,psh1****,19.05.17.,와우 대박 좋네요,와우 대박 좋네요 역시 갤럭시야
52,242,SHW-M290,갤럭시 지오,1,인터파크,idya****,19.05.19.,더아나너댜,유심이 안와서 아직개통도못함
53,242,SHW-M290,갤럭시 지오,5,SSG닷컴,so******,19.05.20.,어머니 바꿔드렸는데 좋아요!,어머니 바꿔드렸는데 좋아요!
54,242,SHW-M290,갤럭시 지오,5,인터파크,2s******,19.05.11.,만족합니다,"회사가 근처라 퀵으로 받았습니다. 여기저기 비교해보고 샀는데, 제일 저렴했어요  급하게 보내시느라 유심등록하는 법을 안 보내셨더라고요. 인터넷 찾아서 등록했습니다.  빠른처리 감사드립니다"
55,242,SHW-M290,갤럭시 지오,4,인터파크,jong****,19.05.16.,빠른건 좋았으나,"1년된 물건,초기부팅벽돌현상,배터리방전 뽑기가 재수없었지만 서비스센터가고 교환받고 할려니 시간이 아까워 그냥 강제 재부팅하고 씁니다 배송빠르고 꽁짜폰인데 만족합니다"
56,242,SHW-M290,갤럭시 지오,5,인터파크,ji******,19.05.17.,잘받았습니다,빠른배송 감사드려요 잘쓸게요!!!
57,242,SHW-M290,갤럭시 지오,5,인터파크,leej****,19.05.17.,만족합니다,배송빠르고 좋습니다!!!!
58,242,SHW-M290,갤럭시 지오,5,인터파크,key*****,19.05.10.,구매확정,빠른배송 친절한 상담 감사요
59,242,SHW-M290,갤럭시 지오,5,인터파크,dud*****,19.05.05.,좋아요,휴대폰 싸게 잘 샀어요
60,242,SHW-M290,갤럭시 지오,5,인터파크,boi*****,19.05.20.,좋네요 ㅎㅎㅎㅎㅎㅇㄹㅇㄹㅇㄹ,좋네요 좋네요 좋네요 좋네요
61,242,SHW-M290,갤럭시 지오,5,옥션,jsh3****,19.01.23.,기분좋은 구매였어요.,인터넷으로 여러 상품들을 자주 구매하는데 이번엔 정말 기분좋게 구매했어요.   하루아침에 휴대폰이 먹통되는 바람에 급하게 구매하게 돼서 완전 많이 우울했는데 친절하게 상담해 주시고 상품도 바로 보내주셔서 기분 좋게 구매했어요.  노트8과 노트9중에 고민 많이 했는데 가격 차이 만큼의 사양이 차이나는것 같지는 않아서 그냥 노트8로 구매했어요. 매우 만족하며 사용하고 있어요.  살짝 아쉬운 부분이라면 제조일자가 18년 4월 제품이라는것...  어차피 구매날짜대로 a/s받는거니 사용상 문제는 없을것 같아 사용합니다.  사업 번창하시고 담에 또 구매하러 올께요.
62,242,SHW-M290,갤럭시 지오,5,11번가,an******,18.10.23.,최고예요,"주문이후 작업도 빨랐고,의문점이 생겨 직접 통화했을때 친절하게 알려주셨어요.사은품으로 보조배터리,액정필름,케이스도.챙겨주셨어요.다만 배송이 정말 짜증났어요.오배송으로 다른지역으로 가버려서전 금요일 오후부터 오늘 오후8시까지휴대폰을 사용할 수 없었답니다.그리고 판매자분께서 휴대폰이니 던지지말라고주의표시까지 해주셨는데,박스사진 보시면 아시겠지만엉망진창으로 왔어요.던지거나 마구 다루지않은 이상 저리될리는 없을것 같아요.저도 항의를 했지만,사장님께서도 강한 항의를 하셨으면 해서리뷰 남겨요.배송을 제외한 모든 건 정말 잘해주셨답니다.좋은하루 보내세요."
63,242,SHW-M290,갤럭시 지오,5,인터파크,seoi****,18.08.27.,다음에도 또 구매할께요,핸드폰 처음 구매해보는데 가격두 너무 저렴하고 좋네요. 케이스도 주셔서 감사합니다 단말기 할부대금도 0원으로 되어있고 무이자카드할부로 하니 할부수수료도 없고 너무 만족합니다. 다음날 바로 배송되어서 너무 좋고 기능에 이상없고 잘 작동됩니다. 정말 감사합니다.
64,242,SHW-M290,갤럭시 지오,5,인터파크,79m*****,17.11.04.,최고급폰을시중보다저렴하게샀어요..,"갤럭시노트8을하려고대리점몇군데를다녀보았지만,모두들같은조건에소소한사은품주는정도였어요.인터파크에서주는할인쿠폰덕분에아주저렴한가격에핸드폰구입했고요.잘쓰고있습니다.사은품은보조배터리주셨어요.컴팩트한사이즈라서휴대하기아주좋아요.통신사결합카드할인받는방법도친절하게알려주시네요~~"
65,242,SHW-M290,갤럭시 지오,5,인터파크,mygi****,19.01.10.,겁나 처리빠름!,음 인터넷으로 첨사봤는데 넘좋은데요! 가격 젤싸네요 신속하게 배송되었구요   전화상담도 무지 친절해요  그레이 구매했는데 컬러 이쁘네요 잘쓸께요!
66,242,SHW-M290,갤럭시 지오,5,인터파크,m8******,19.01.15.,대박, 노트8  싸고 빠르게 구매했어요.상담하시는분도  친절하시고 좋아요ㅎ다른곳보다 여기 판매자분이 젤 친절해요ㅎ지인분꺼도 2번 구매해봤지만  여기가 최고ㅎ아들꺼도 여기서 구매예정ㅎ
67,242,SHW-M290,갤럭시 지오,5,G마켓,pmsk****,18.12.29.,좋아요,우체국 택배로 주문 다음날 배송 바로 받았습니다.노트8 사진 기능이 참 재미있네요.ㅎㅎ
68,242,SHW-M290,갤럭시 지오,5,하이마트쇼핑몰,pi******,19.02.12.,가격 나쁘지 않고,특히 사은품이 푸짐하네요. 당장 필요한 충전기등 주변기기를 살 돈을 아낄 수 있었어요.
69,242,SHW-M290,갤럭시 지오,5,인터파크,dian****,18.10.19.,진짜 좋아요,진짜 좋아요 제일싸게산거같아요 ㅎ 다만 배송이 느려서 ㅠㅠ 핸드폰은 새거에 너무너무예쁩니다
70,242,SHW-M290,갤럭시 지오,5,인터파크,kgs*****,18.10.24.,저렴하게 잘산거같아요 감사합니다,친절하게 잘 대해주셔서 기분좋게산것 같습니다 감사합니다 번창하세요
71,242,SHW-M290,갤럭시 지오,5,인터파크,dor*****,18.10.02.,잘받았습니다,인터넷으론 첨 구매인데 마음에듭니다 신청당일 바로 발송해주셨는데 추석물량으로 주말지나서받았어요 연휴아니였으면 바로다음날 수령할수있을듯하네요
72,242,SHW-M290,갤럭시 지오,5,인터파크,cha*****,18.10.06.,좋아요~ 배송도 빨리 잘 왔습니다^^,배송도 빨랐고 일처리도 신속해서 편하게 잘 바꿨습니다~많이 파세요~
73,242,SHW-M290,갤럭시 지오,5,인터파크,juli****,18.10.04.,두대샀어요,두개샀어요.신랑꺼랑내꺼 아주좋네요
74,242,SHW-M290,갤럭시 지오,5,인터파크,take****,18.09.26.,잘샀어요 ㅎ,배송이 좀 늦었지만 지금 잘쓰고 있습니다
75,242,SHW-M290,갤럭시 지오,5,인터파크,as12****,18.09.11.,만족합니다,인터파크 쿠폰으로 저렴하게 구매했습니다
76,242,SHW-M290,갤럭시 지오,5,인터파크,crow****,18.09.01.,좋아요~,배송이 하루 늦게 와서 신청한 다음다음날 받았어요. 잘 쓸께요!
77,242,SHW-M290,갤럭시 지오,5,인터파크,kse*****,18.08.18.,잘 받았어요~,배송도 빠르고 해피콜도 금방 와서 주문결제한지 하루 후에 개통했어요
78,242,SHW-M290,갤럭시 지오,5,인터파크,bugg****,18.09.10.,좋아요~~~~,좋아요~~ 좋아요 이쁘네여~~
79,242,SHW-M290,갤럭시 지오,5,인터파크,audt****,18.08.10.,맘에 들어오,어머니 선물로 사드렸는데 좋아하시네요. 근데 젤리 케이스는 오디에??
80,242,SHW-M290,갤럭시 지오,5,인터파크,ask*****,18.03.02.,넘좋아요,배송도빠르고 개통도 친절히해주셔서 만족합니다
81,242,SHW-M290,갤럭시 지오,5,옥션,mari****,18.10.24.,배송 완전 빠르네요^^,어제 완전 저녁은 아니지만 오후 좀 늦게 주문하고신청서 썼는데 바로 연락와서 해피콜해주시고 다행히 바로 발송가능하시다 해서오늘 바로 받으려나 했는데 우체국이라 그런가 오전에 출근하자마자 바로 받았어요!!아직 뜯기 전인데 핸드폰도 완전 기대되고 싸게 정말 잘산거 같아요^^
82,242,SHW-M290,갤럭시 지오,5,인터파크,uni*****,18.07.07.,제품.가격.배송  모두 만족스럽네요.,제품.가격.배송 모두 만족스러워요. 노트5 에서 노트8로 기기변경하니 기분도 새롭게 느껴집니다 해외 나가야 되서 노트9 나올때까지 기다릴수 없어 노트8로 구매했는데 개인적으로 사용용도에 맞는 충분한 기능과 성능을 갖춘  제품이라 큰 아쉬움은 없네요.  아주 유용하게 잘 사용할 것 같아요 ~~^^ 
83,242,SHW-M290,갤럭시 지오,4,인터파크,sang****,18.02.23.,다른데보다 좀 더 싸게 구매했습니다.,"엄청 고민하고 구매했는데요,, 문의전화 여러번 했는데 전화통화도 잘 됐고,설날연휴 되기전에 받고 싶어서 조마조마했는데다행히 신청서 작성하고 그 뒷날 해피콜 오고 그날 바로 배송 해주신 덕분에 설연휴 전날 받았습니다.온라인으로 구매하는게 처음이라 걱정이 많았는데미개봉으로 받았고, 개통 잘 됐습니다.그런데 노트8 배터리 빨리 닳는건 어쩔 수 없나봐요 ㅜㅜ  "
84,242,SHW-M290,갤럭시 지오,5,하이마트쇼핑몰,so******,17.10.31.,당일배송으로 빠르게 잘 받았습니다.,"갤럭시 노트 8, 256기가  오전에 주문하고 해피콜 상담하고 저녁에 무료퀵배송으로 받았습니다. 사은품 5종도 동시에 배송되서 더욱 좋았습니다. 해피콜 상담직원도 친철하게 잘 진행 했구요.다만 주문 후에 해피콜이 언제쯤 올 것이라는 안내 메시지라도 보내주시면 더 좋을것 같습니다. 또 제품 수령 후 유심등록이나 개통 방법에 대해서 설명서나 안내문을 보내주시면 좋을것 같아요. 감사합니다."
85,242,SHW-M290,갤럭시 지오,5,,skd*****,19.10.31.,배송도 만족하고 상담 문의가 빨라서 좋았어요,배송도 만족하고 상담 문의가 빨라서 좋았어요
86,242,SHW-M290,갤럭시 지오,5,옥션,cjw*****,19.10.14.,제품 잘 받았슴. 제품 이상없슴. 일시..불로 계좌입...,제품 잘 받았슴. 제품 이상없슴. 일시..불로 계좌입금했슴. 가격에 후들거림.오래쓰고 싶음.제품에 이상생기면 지옥까지 따라다니겠슴.
87,242,SHW-M290,갤럭시 지오,5,옥션,youn****,18.11.21.,좋아요,노트5 2년지나 노트9교체 ㅎ 싸게 구매한것같아요.~
88,242,SHW-M290,갤럭시 지오,5,옥션,mint****,19.03.27.,완전 만족입니다,싸게 잘샀습니다. 당일 주문하고 당일 방문수령했습니다 친절하고 빠른 진행 감사합니다 잘 쓰겠습니다^^
89,242,SHW-M290,갤럭시 지오,5,인터파크,im******,19.06.29.,구매추천합니다^^,친절한 상담과 빠른배송과 좋은 제품을 받았습니다. 윈하는 블랙색상을 받지 못해 아쉽지만 대체로 만족합니다.
90,242,SHW-M290,갤럭시 지오,5,롯데홈쇼핑,lsm*****,19.05.23.,넘 길고 커네요. 업무상은 탁월입니다,넘 길고 커네요. 업무상은 탁월입니다
91,242,SHW-M290,갤럭시 지오,5,인터파크,wjd*****,19.05.12.,너무좋아요,저렴하나격에 너무잘산거같아요
92,242,SHW-M290,갤럭시 지오,5,인터파크,jbs*****,19.04.25.,싸게 잘 샀어요,친절하게 안내도 해주시고 싸게 잘 샀어요..
93,242,SHW-M290,갤럭시 지오,5,롯데홈쇼핑,sua*****,19.04.14.,좋은 가격에 구매했습니다. 추천합니다!,좋은 가격에 구매했습니다. 추천합니다!
94,242,SHW-M290,갤럭시 지오,5,인터파크,toma****,19.05.17.,괜츄나요,괜츄나요 ？？？？？？？？？？
95,242,SHW-M290,갤럭시 지오,5,옥션,craz****,18.10.23.,아이폰 쓰다 노트로 넘어왔어요,처음 쓰는 안드로이드인데글두 이왕 사는거 싸게 산다고 막 찾다가 잘 구매한거 같아요^^
96,242,SHW-M290,갤럭시 지오,5,옥션,gns1****,18.10.23.,너무 맘에 드네요,온라인으로는 처음 구매해보는거라 조마조마 했는데이것저것 상세히 잘 가르쳐 주시고 덕분에 노트를 완전 싸게 잘 구매한거 같네요 ㅎㅎㅎ감사합니다
97,242,SHW-M290,갤럭시 지오,5,인터파크,myo*****,18.11.12.,배송빨랐구요.... 개통도 잘 되었습니다.,"금요일에 주문했고, 토요일 우체국택배로 수령했습니다. 오후 3시 이전까지 신청서가 접수되어야 당일 발송 가능하다고 하시더라구요.제품은 원하는 데로 왔구요... 잘 산거 같아요~~ "
98,242,SHW-M290,갤럭시 지오,5,인터파크,sh******,18.10.16.,생각했더것보다 ㅈㅁ굿입니다.,지금 사용한지 보름정도 써 봤는데   굿입니다
99,242,SHW-M290,갤럭시 지오,5,인터파크,sahu****,18.10.16.,좋습니다,"배송 하루정도 걸리고요, 사은품등은 없으나 좋은가격에 받았습니다"
100,242,SHW-M290,갤럭시 지오,5,롯데홈쇼핑,tem*****,18.09.05.,"품질, 디자인, 가격, 배송 전부 마음에 들어요!","품질, 디자인, 가격, 배송 전부 마음에 들어요!"
1,243,SM-A105,갤럭시 A10,5,11번가,su******,20.05.26.,최고예요,5월초에 부모님 직접 드리려구 4월말에 구매했는데 3만원이나ㅠ떨어진 가격에 속이 쓰리네요ㅋㅋ학생이다보니ㅜㅠㅜㅠ부모님 핸드폰 바꿔드렸어요.부모님이 쓰실거라서 가개통 아닌 자급제폰으로 구매했구요.홈버튼이 없어서 아직 손에 익지는 않으셨는데 좋다고 하시니 다행이에요.여러 보급형알아보다가 A10E로 구매했어요.뽁뽁이 두껍게 쌓여서 왔구요.가볍고 얇고 예뻐요.화면보호필름은 인터넷에서 뒤져도 없고 집 주변에 삼성센터도 없어서 집근처 폰가게 가서 얼추 맞는거로 붙였어요.단점은 노래를 듣고 싶으신데 노래 듣는앱 자체가 없네요. 그리고 충전기 줄이 짧아서 충전기 줄은 따로 구매하는게 편할 것 같아요.그리고 그립톡은 3M테잎인데 자꾸 떨어져요ㅜㅠ정품 케이스나 그냥 인터넷에서 파는 케이스 갤럭시 A10E거는 찾기 어렵고 진2랑 호환이라 그거로 사니 딱 맞고 좋아요.그리고 화면보호필름 추가구매로라도 할 수 있었음 좋겠어요.
2,243,SM-A105,갤럭시 A10,5,하이마트쇼핑몰,i*i*****,20.06.03.,배송 좋다. 작다. 가볍다. 그립감 ,배송 좋다. 작다. 가볍다. 그립감 좋다. 저가형이지만 기본동작은 빠릿합니다.그러나 외관에 문제 있는 상품받았습니다. 회수하려면 삼성서비스센터에 가서 불량판정서를 받아오라는데 번거로워서 그냥 쓰기로했습니다. 외관에 신경 안쓰면 추천합니다.  유심트레이 조립이 삐뚤게 되고 액정과 배터리커버 사이가 들렸습니다. 그치만 이점빼고 디자인은 맘에 듭니다. 외관 이외에 성능은 만족합니다. 다른 저가형폰도 쓰고 있지만 a10e가 사용할때 만족감이 높습니다. 하지만 하드웨어가 빠진 부분이 있으니 잘알아보고 사는게좋습니다.자동밝기 x  나침반 x 지문인식x dmb x통화시 자동녹음 설정 가능내비게이션 됨usb c타입이고 충전기 사면 고속충전됩니다.
3,243,SM-A105,갤럭시 A10,5,11번가,su******,20.05.26.,최고예요,부모님 핸드폰 바꿔드렸어요.부모님이 쓰실거라서 가개통 아닌 자급제폰으로 구매했구요.여러 보급형알아보다가 A10E로 구매했어요.뽁뽁이 두껍게 쌓여서 왔구요.가볍고 얇고 예뻐요.단점은 노래를 듣고 싶으신데 노래 듣는앱 자체가 없네요. 그리고 충전기 줄이 짧아서 충전기 줄은 따로 구매하는게 편할 것 같아요.그리고 그립톡은 3M테잎인데 자꾸 떨어져요ㅜㅠ정품 케이스나 그냥 인터넷에서 파는 케이스 갤럭시 A10E거는 찾기 어렵고 진2랑 호환이라 그거로 사니 딱 맞고 좋아요.
4,243,SM-A105,갤럭시 A10,4,옥션,e*e*****,20.04.20.,애가 전화기를 물에 떨어뜨려서 빨리 일단 싸게 잘 샀어...,"애가 전화기를 물에 떨어뜨려서 빨리 일단 싸게 잘 샀어요. 딱 휴대폰만 옵니다.  휴대폰가게에서 주는 기본케이스나  액정보호필름  충전기 등등 사은품 그런거 없습니다. 휴대폰만 옵니다. 휴대폰 기본액정필름 안붙어 있어서 개인적으로 구매하시거나 동네 휴대폰가게 가셔서 하시면 됩니다.  일단 무게가 아이들이 쓰기 가볍고 손 안에 딱 맞는 사이즈에요.  유심  꼽고 2번 재부팅하니 바로 되더라구요. 가개통폰이(kt,skt) 아닌  자급제폰입니다."
5,243,SM-A105,갤럭시 A10,5,쥐에프모바일,bomd****,20.06.26.,세컨폰으로 쓰려고 구입했어요. 자급제폰이라 약정같은것 구속 안받아도 되고 좋아요. 사이즈도 한손에 딱이네요. 많이 파세요~,세컨폰으로 쓰려고 구입했어요. 자급제폰이라 약정같은것 구속 안받아도 되고 좋아요. 사이즈도 한손에 딱이네요. 많이 파세요~
6,243,SM-A105,갤럭시 A10,5,옥션,s*a*****,20.12.14.,저렴하네요,저렴하네요
7,243,SM-A105,갤럭시 A10,5,삼성인증파트너 쇼마젠시,towk****,20.07.22.,만족해요~ 디자인도 깔끔하고 카메라 화소도 좋아요,만족해요~ 디자인도 깔끔하고 카메라 화소도 좋아요
8,243,SM-A105,갤럭시 A10,5,삼성모바일파트너 코잇,lsy6****,20.07.20.,배송도 빨리 왔고 좋아요,배송도 빨리 왔고 좋아요
9,243,SM-A105,갤럭시 A10,5,컴퓨존,stch****,20.07.30.,간단하게 쓰기 좋아요,간단하게 쓰기 좋아요
10,243,SM-A105,갤럭시 A10,5,하이마트쇼핑몰,r*d*****,20.07.29.,제품도 좋고 가성비 최고입니다. ,제품도 좋고 가성비 최고입니다. 부모님 핸드폰으로 구입했습니다.
11,243,SM-A105,갤럭시 A10,5,하이마트쇼핑몰,m*z*****,20.07.09.,"쓸만합니다. 
진동이 엄청쎄고 조",쓸만합니다. 진동이 엄청쎄고 조절이 안되는것 빼면 가성비 꽤 괜찮음.
12,243,SM-A105,갤럭시 A10,5,컴퓨존,dlwl****,20.07.15.,애들키즈폰으로 딱입니다 많이파세요,애들키즈폰으로 딱입니다 많이파세요
13,243,SM-A105,갤럭시 A10,5,쥐에프모바일,dong****,20.06.26.,가격 대비 만족합니다,가격 대비 만족합니다
14,243,SM-A105,갤럭시 A10,5,삼성인증파트너 쇼마젠시,towk****,20.06.18.,배송도 빠르고 제품도 포장 잘 되어 왔어요,배송도 빠르고 제품도 포장 잘 되어 왔어요
15,243,SM-A105,갤럭시 A10,5,컴퓨존,stch****,20.06.19.,배송 빨라요 바로 다음날 받았습니다,배송 빨라요 바로 다음날 받았습니다
16,243,SM-A105,갤럭시 A10,5,하이마트쇼핑몰,c*t*****,20.06.24.,좋은상품잘구입했네요,좋은상품잘구입했네요
17,243,SM-A105,갤럭시 A10,4,하이마트쇼핑몰,r*i*****,20.06.11.,"작아서 좋네요
액정보호필름 없어",작아서 좋네요액정보호필름 없어요
18,243,SM-A105,갤럭시 A10,5,하이마트쇼핑몰,h*h*****,20.02.07.,새 기기라서 그런지 일단 속도가 ,새 기기라서 그런지 일단 속도가 빨라서 만족스럽습니다. 배송도 정말 빨랐구요. 다만 기종에 맞는 케이스를 구하기 어려운 게 흠 아닌 흠입니다 
19,243,SM-A105,갤럭시 A10,3,하이마트쇼핑몰,u*m*****,20.06.01.,아이가좋아하네요.밧데리가 이상,아이가좋아하네요.밧데리가 이상해요
20,243,SM-A105,갤럭시 A10,5,하이마트쇼핑몰,c*i*****,20.05.27.,빠른배송감사합니다 저렴하게샀,빠른배송감사합니다 저렴하게샀어오
1,244,SM-A217,갤럭시 A21s,5,인터파크,g*s*****,21.02.26.,만족합니다,심믈하게 사용하시는 엄마위해 구매했어요 공기계가 필요혔는데 인터넷구매는 처음이라 신뢰가 중요했는데  판매자님과 상담후 믿고 주문해서 셀프개통 했는데  아주 좋아요  프로모션 알림주셔서  좀더 할인받고 배송도 빠르고 좋네요    폰이 보급용인데 고속충전에 배터리용량크고  nfc 도 있고 사진도 잘 나와 아주 좋아요 아쉬운건 노크온 기능이 없어  쓰던사람은 불편하구요  메모리는 아쉬우면 추가해야 할 것 같아요 기본앱과 사진 테스트정도 했는데  남은용량이 넉넉하진 않네요 사은품으로  받은  자석케이블~  도  실속있고 좋아요!
2,244,SM-A217,갤럭시 A21s,5,폰이요,rain****,20.11.13.,배송이 정말 빠르네요 개봉 상품이라 걱정했는데 사후 문제 없음 약속해주셔서 구매했어요 폰 깔끔하고 좋아요 배터리가 오래가는 게 제일 맘에 드네요 게임이나 큰 기능 바라는 거 아니면,배송이 정말 빠르네요 개봉 상품이라 걱정했는데 사후 문제 없음 약속해주셔서 구매했어요 폰 깔끔하고 좋아요 배터리가 오래가는 게 제일 맘에 드네요 게임이나 큰 기능 바라는 거 아니면  구입할만 한 것 같아요 써봐야겠지만 지금으론 그렇네요 잘 쓰겠습니다
3,244,SM-A217,갤럭시 A21s,5,폰맛집,dons****,21.02.09.,중학교 올라가는 아들이 너무 이쁘다고 5점 주라네요. 화면도 크고 가격도 저렴하고 색깔도 참 이쁘네요. 아이 엄마가 아들이 레드 고르니 별로 안좋아하더니 직접 보고는 참 이쁘다고 ,중학교 올라가는 아들이 너무 이쁘다고 5점 주라네요. 화면도 크고 가격도 저렴하고 색깔도 참 이쁘네요. 아이 엄마가 아들이 레드 고르니 별로 안좋아하더니 직접 보고는 참 이쁘다고 하네요. 남자 어른들이 쓰기에도 부담스럽지 않을 듯.
4,244,SM-A217,갤럭시 A21s,5,하이마트쇼핑몰,s*y*****,21.01.20.,엄마폰 바꿔드림..s8 액정도 작고..,엄마폰 바꿔드림..s8 액정도 작고..배터리도 작아서 교환 해드렸는데..액정과 배터리 빼고는 성능은 s8 보다 낮네요..램도 낮고..기기 용량도 낮고..오자마자 개봉은 했는데..20년6월 만든 상품이네요..좀 더 최신 제품음 없었는지..아쉽기는 하네요..A31도 있었지만 할인 폭이 너무 짜네요..A21은 즉시할인 5만원 해주는데..A31도 할인 많이 해줬으면 31 사는건데..고장없이 오래썻음 하네요..
5,244,SM-A217,갤럭시 A21s,5,폰맛집,lyn7****,21.02.15.,"가격과 제품은 가격비교가 워낙 잘되는 시대라 최저가로 구매했습니다.아버지 전화기가 명절전에 갑자기 고장 나셔서 급하게 찾아서 주문했습니다.판매자 직원분들께서 잘 응대해 주시고, 조","가격과 제품은 가격비교가 워낙 잘되는 시대라 최저가로 구매했습니다.아버지 전화기가 명절전에 갑자기 고장 나셔서 급하게 찾아서 주문했습니다.판매자 직원분들께서 잘 응대해 주시고, 조치해주셔서 퀵서비스로 빠르게 수령했습니다.연세가 많으시고, 전자기기에 미숙하셔서 제가 교체작업을 해드려야하는데 덕분에 잘 해결했습니다.감사드리고 사업 번창하세요!!!!"
6,244,SM-A217,갤럭시 A21s,5,11번가,S|******,20.09.21.,최고예요," 기존에 사용하던 폰 약정 끝날때까지만 사용하려고 구입했는데 매우 만족합니다. 가볍게 사용하는데 문제는 없으나, 삼성페이가 안되는것이 치명적이므로     서브폰, 아이들 폰, 저처럼 잠깐 쓰실분들 등등에게 추천합니다! 색깔도 일부러 튀는걸로 사봤는데  케이스랑 같이 입혀놓으니 아주 이쁘어요 ㅎㅎ "
7,244,SM-A217,갤럭시 A21s,5,옥션,s*k*****,20.08.16.,부모님용 갤럭시 액티브2 시계에 심전도 기능이 필요해서...,"부모님용 갤럭시 액티브2 시계에 심전도 기능이 필요해서, 급히 주문했습니다.(현재 다른 회사 폰이나 외국에 출시한 삼성폰은 안되는 상태인 듯)  메모리가 좀 작긴 하지만 게임 등을 안할 경우 기본적인 기능에 충실한 것 같고 가격도 착한 편이어서 별다른 불만이 없습니다."
8,244,SM-A217,갤럭시 A21s,4,11번가,S|******,20.12.10.,좋아요,"배송이 빠르고 좋았습니다:) 뽁뽁이로 잘 포장되어서 왔네요ㅎㅎ 제품은 전화 및 유트브 감상, 소셜미디어 이용 딱 그 정도만 쓸 폰이라 나쁘지 않습니다. 서브폰용으로 매우 만족스럽지만,  평소 중저가폰을 사용하지 않던 사용자라면 속도가 만족스럽지 못할 수도 있을것 같네요."
9,244,SM-A217,갤럭시 A21s,5,인터파크,b*c*****,21.02.27.,배송빠르고 이쁘네요,"애들 사용하려고 구매했는데, 배송도 빠르고 이쁘네요"
10,244,SM-A217,갤럭시 A21s,5,삼성인증파트너 쇼마젠시,82wi****,20.09.16.,선물용으로 구매해서 아직 개봉하지 않았지만 선물받으신 분이 만족하셔서 다행입니다. 통신사 앱 깔려있지 않은 자급제폰으로 잘 샀습니다.포장상태 좋고 실링도 잘 되어 있었습니다.,선물용으로 구매해서 아직 개봉하지 않았지만 선물받으신 분이 만족하셔서 다행입니다. 통신사 앱 깔려있지 않은 자급제폰으로 잘 샀습니다.포장상태 좋고 실링도 잘 되어 있었습니다.
11,244,SM-A217,갤럭시 A21s,5,폰맛집,gloh****,21.03.14.,아직은 업데이트도 잘 되고 사용하기 괜찮습니다.몇 번 떨어뜨렸는데도 고장 없이 쓰고 있어요.만족합니다.,아직은 업데이트도 잘 되고 사용하기 괜찮습니다.몇 번 떨어뜨렸는데도 고장 없이 쓰고 있어요.만족합니다.
12,244,SM-A217,갤럭시 A21s,5,폰맛집,mysj****,20.12.12.,아이 선물주려고 샀어요. 무척 가볍고 성능이 좋아서 제가 탐이 나네요^^,아이 선물주려고 샀어요. 무척 가볍고 성능이 좋아서 제가 탐이 나네요^^
13,244,SM-A217,갤럭시 A21s,5,폰맛집,gloh****,21.03.14.,아직까지는 업데이트도 잘 되고 사용하기 괜찮습니다.핸드폰 기본 기능만 사용해서 만족합니다.,아직까지는 업데이트도 잘 되고 사용하기 괜찮습니다.핸드폰 기본 기능만 사용해서 만족합니다.
14,244,SM-A217,갤럭시 A21s,5,삼성인증파트너 케이원정보,wise****,21.03.09.,어머니 쓰시려고 구입했어요 생각보다 크기가 큰데 화면보기는 좋아요!,어머니 쓰시려고 구입했어요 생각보다 크기가 큰데 화면보기는 좋아요!
15,244,SM-A217,갤럭시 A21s,5,삼성인증파트너 케이원정보,hyun****,21.03.15.,가격면에서 가성비는 매우 좋네요 ㅎ바로 케이스 씌어줬습니다,가격면에서 가성비는 매우 좋네요 ㅎ바로 케이스 씌어줬습니다
16,244,SM-A217,갤럭시 A21s,5,폰맛집,halo****,21.03.18.,아이가 맘에들어해요,아이가 맘에들어해요
17,244,SM-A217,갤럭시 A21s,4,폰맛집,gloh****,21.02.10.,배송 빠르고 깔끔하니 좋네요.두번 터치 화면 켜기 기능이 없어 아쉽습니다.성능은 좀더 사용해봐야 할것 같아요.,배송 빠르고 깔끔하니 좋네요.두번 터치 화면 켜기 기능이 없어 아쉽습니다.성능은 좀더 사용해봐야 할것 같아요.
18,244,SM-A217,갤럭시 A21s,5,인터파크,n*w*****,21.03.06.,잘 받았어요~,"부모님 필요하셔서 자급제폰으로 잘 구해했어요~배송은 3일 정도 걸렸구요, 구폰 사용해서 조금 저렴하게 구매했어요~"
19,244,SM-A217,갤럭시 A21s,5,삼성인증파트너 케이원정보,sang****,21.03.03.,어머님 핸드폰 선물로 드렸어요~맘에들어하십니다~^^,어머님 핸드폰 선물로 드렸어요~맘에들어하십니다~^^
20,244,SM-A217,갤럭시 A21s,5,폰맛집,ohs5****,21.02.17.,디자인도 예쁘고 삼성정품 구성그대로입니다저렴하게 자급제 폰 구입해습니다,디자인도 예쁘고 삼성정품 구성그대로입니다저렴하게 자급제 폰 구입해습니다
1,245,SM-A720,갤럭시 A7 2017,5,인터파크,mari****,17.10.17.,좋아요,싸게 잘 샀습니다. 다만 핸드폰 뒷면이 강화유리로 되어있어서 떨어뜨렸는데 벌써 깨어졌어요. 방수기능은 이제 무리네요. 벌써 돈 주고 수리하긴 아깝고 싫어서 그냥 케이스 달아 쓰려고요. 너무너무 미끄러워서 손에서 잘 놓칩니다. 꼭 폰 케이스 끼워서 쓰세요.
2,245,SM-A720,갤럭시 A7 2017,4,인터파크,dica****,18.07.01.,잘 받았습니다.,갤럭시 A7 2017년 제품 잘 받았습니다. 제품 색상이 없어서 아쉽긴 했지만 저렴하게 잘 샀습니다.감사합니다. 
3,245,SM-A720,갤럭시 A7 2017,5,인터파크,uj4*****,18.07.13.,잘받았습니다,잘 받았습니다. 그런데 케이스랑 필름 등 액세서리가 없는데 서비스가 안되면 옵션에서 구매라도 할수있게 하면 좋겠습니다
4,245,SM-A720,갤럭시 A7 2017,5,인터파크,inse****,18.01.13.,만족합니다,어머님 효도폰으로 해드렸습니다. 배송빠르고 개통처리 빨라 만족합니다.
5,245,SM-A720,갤럭시 A7 2017,5,인터파크,lby*****,17.11.25.,좋아요,잘샀어요 싸고 좋네요
6,245,SM-A720,갤럭시 A7 2017,5,인터파크,mira****,17.10.22.,갤럭시 A7 2017,가격대비 괜찮은 상품입니다.다만 사은품 하나 없다는게 좀 아쉽네요.케이스나 보호필름정도는 줄수 있을텐데... 
7,245,SM-A720,갤럭시 A7 2017,5,인터파크,hane****,17.11.16.,가성비갑,배송도 빠르고 제품도 빠르네요 감사해여 
8,245,SM-A720,갤럭시 A7 2017,5,인터파크,ldy*****,17.09.13.,망에듬니다 저렴이 구매했어여,다른 대리점에 비해 아주저렴하게 구매했습니다
9,245,SM-A720,갤럭시 A7 2017,4,인터파크,sons****,17.09.12.,날름 괜찮아요,나름 괜찰아아요. 요금제만 퍼펙트쓰면 더 좋을꺼 같은디 퍼펙s를 써야 해서 요금 부담 ㅡㅜ 데이터도 그닥 마이흐지 않는데 6개월 유지라
10,245,SM-A720,갤럭시 A7 2017,5,인터파크,an58****,17.08.17.,가성비 좋고 부모님 맘에 들어하시네요.,기존 그랜드맥스 쓰시다가 a7 2017 바꿔드리니깐 많이 좋아하시네요. 발품 안팔고 인터넷 쇼핑몰에선 나름 가장 저렴하게 구입한거 같아요. 많이 파세요.
11,245,SM-A720,갤럭시 A7 2017,5,인터파크,dg******,17.08.21.,싸게샀어요,행사할 때 사서 싸게 잘 샀어요
12,245,SM-A720,갤럭시 A7 2017,5,인터파크,cs9*****,17.08.20.,맘에 들어요.,a7 2017 생각보다 좋네요. 효도폰으로 정말 좋네요.
13,245,SM-A720,갤럭시 A7 2017,5,인터파크,hui*****,17.08.14.,싸게 구입했습니다.,싸게 잘 구입한거 같아요. 배송도 빠르구요^^
14,245,SM-A720,갤럭시 A7 2017,5,인터파크,79bi****,17.08.03.,갤럭시 A7 2017년형 너무 좋아요,핸드폰이 망가겨저 갤릭서 A7 2017형을 사게 되었는데.. 생각보다 훨씬 좋습니다.  
15,245,SM-A720,갤럭시 A7 2017,5,인터파크,gms*****,17.08.02.,잘 받았습니다.,빠른 해피콜 및 배송으로 잘 사용하고 있습니다. 
1,246,SM-G150,갤럭시 폴더,5,인터파크,tho*****,19.06.05.,ㅎ,사은품도 잘도착했고 문제없이 잘 개통됐습니다.
2,246,SM-G150,갤럭시 폴더,5,인터파크,d*e*****,19.09.03.,잘 받았습니다.,좋은 품질과 빠른 배송에 감사합니다.
3,246,SM-G150,갤럭시 폴더,5,11번가,re******,19.06.10.,최고예요,빠른 대응 및 친절한 상담 감사합니다
4,246,SM-G150,갤럭시 폴더,3,인터파크,con*****,19.03.16.,어리숙,필요서류 확인 두번 세번  번호이동 미숙   결국 기본 사은품 케이스는 왜 핸드폰과 맞지 않는지...  어리숙 어리숙 어리숙!!!
5,246,SM-G150,갤럭시 폴더,5,인터파크,rnjs****,18.11.26.,아주좋아요~,아버지가 좋아하시네요~ 배송도빠르고
6,246,SM-G150,갤럭시 폴더,5,인터파크,sski****,18.11.27.,사업 번창하세요,배송도 빠르고 매우 좋습니다. 훌륭합니다.
7,246,SM-G150,갤럭시 폴더,5,SSG닷컴,hw******,18.04.22.,서류 작성하고 바로 개통하여 보,서류 작성하고 바로 개통하여 보내주셨군요. 빠릅니다.
8,246,SM-G150,갤럭시 폴더,5,인터파크,jhc*****,18.04.05.,정말 좋네요  잘  쓰겠습니다,정말  좋네요 잘쓰겠습니다
9,246,SM-G150,갤럭시 폴더,5,인터파크,leoc****,18.03.07.,상품 잘 받았습니다,친절하게 상담 잘해주셔서 초기 개통건인데 문제없이 처리했네요  그리고 사은품도 정말 빵빵하게 챙겨주시네요~  추천합니다 번창하세요~~
10,246,SM-G150,갤럭시 폴더,5,하이마트쇼핑몰,hi******,18.01.28.,잘 도착했네요.,빠르게 잘 도착했네요. 상품도 만족해요.
11,246,SM-G150,갤럭시 폴더,5,인터파크,dbwj****,17.12.01.,폴더2,처리도 빠르고 상품도 잘 받았어요
12,246,SM-G150,갤럭시 폴더,4,하이마트쇼핑몰,pb******,17.11.03.,기기변경,"개통, 배송 빠르다"
13,246,SM-G150,갤럭시 폴더,5,인터파크,fin*****,17.03.18.,저렴하고 빨라요.,"저렴하게 구입했구요, 빨리 왔네요. 제품도 맘에 듭니다. 저렴하게 구입했구요, 빨리 왔네요. 제품도 맘에 듭니다. 저렴하게 구입했구요, 빨리 왔네요. 제품도 맘에 듭니다."
14,246,SM-G150,갤럭시 폴더,5,롯데홈쇼핑,lan*****,17.03.11.,선물도 받고 너무 좋아요,선물도 받고 너무 좋아요
15,246,SM-G150,갤럭시 폴더,5,인터파크,holy****,17.01.02.,적당한 가격,핸드폰 구매하기 어렵거 번거러운데 이정도 가격이면 그냥 저냥 적당한거 같네요 ^^ 더 알아보면 더 싼게 있겠지만 사실 효도폰은 다 비슷 비슷하니가요 나름 만족합니다  아버지 폰으로 해드렸습니다 
16,246,SM-G150,갤럭시 폴더,3,11번가,pi******,16.02.05.,나쁘지않아요.,아버님 사드렸어요괜찮다네요
1,247,SM-G165,갤럭시 폴더2,5,인터파크,tho*****,19.06.05.,ㅎ,사은품도 잘도착했고 문제없이 잘 개통됐습니다.
2,247,SM-G165,갤럭시 폴더2,5,인터파크,d*e*****,19.09.03.,잘 받았습니다.,좋은 품질과 빠른 배송에 감사합니다.
3,247,SM-G165,갤럭시 폴더2,5,11번가,re******,19.06.10.,최고예요,빠른 대응 및 친절한 상담 감사합니다
4,247,SM-G165,갤럭시 폴더2,3,인터파크,con*****,19.03.16.,어리숙,필요서류 확인 두번 세번  번호이동 미숙   결국 기본 사은품 케이스는 왜 핸드폰과 맞지 않는지...  어리숙 어리숙 어리숙!!!
5,247,SM-G165,갤럭시 폴더2,5,인터파크,rnjs****,18.11.26.,아주좋아요~,아버지가 좋아하시네요~ 배송도빠르고
6,247,SM-G165,갤럭시 폴더2,5,인터파크,sski****,18.11.27.,사업 번창하세요,배송도 빠르고 매우 좋습니다. 훌륭합니다.
7,247,SM-G165,갤럭시 폴더2,5,SSG닷컴,hw******,18.04.22.,서류 작성하고 바로 개통하여 보,서류 작성하고 바로 개통하여 보내주셨군요. 빠릅니다.
8,247,SM-G165,갤럭시 폴더2,5,인터파크,jhc*****,18.04.05.,정말 좋네요  잘  쓰겠습니다,정말  좋네요 잘쓰겠습니다
9,247,SM-G165,갤럭시 폴더2,5,인터파크,leoc****,18.03.07.,상품 잘 받았습니다,친절하게 상담 잘해주셔서 초기 개통건인데 문제없이 처리했네요  그리고 사은품도 정말 빵빵하게 챙겨주시네요~  추천합니다 번창하세요~~
10,247,SM-G165,갤럭시 폴더2,5,하이마트쇼핑몰,hi******,18.01.28.,잘 도착했네요.,빠르게 잘 도착했네요. 상품도 만족해요.
11,247,SM-G165,갤럭시 폴더2,5,인터파크,dbwj****,17.12.01.,폴더2,처리도 빠르고 상품도 잘 받았어요
12,247,SM-G165,갤럭시 폴더2,4,하이마트쇼핑몰,pb******,17.11.03.,기기변경,"개통, 배송 빠르다"
1,248,SM-J727,갤럭시 와이드2,5,하이마트쇼핑몰,jh******,17.11.07.,최고입니다,온라인으로 좋은 가격에 편하게 구입했습니다. 무료 퀵으로 빠르게 배송해주셨고 사은품도 푸짐하네요. 휴대폰도 상태 좋고 깔끔합니다. 아주 좋습니다.
2,248,SM-J727,갤럭시 와이드2,5,하이마트쇼핑몰,jh******,17.11.07.,매우 좋습니다,제품과 서비스 모두 만족스럽습니다. 다른 곳보다 믿을 수 있고 편리하게 구입할 수 있네요.
3,248,SM-J727,갤럭시 와이드2,5,인터파크,wng*****,17.09.14.,만족,가격이나 배송 상담 모두 만족합니다
1,249,SM-M205,갤럭시 M20,5,삼성모바일파트너 코잇,tabe****,20.09.19.,삼성페이 쓰지않는 분들에겐 자급제폰으로 최고라고 봅니다. 어머니 사드렸는데 너무 맘에들어하시네요업데이트도 안드10으로하고 설정좀해드리고 이것저것 테스트좀해봤더니 만족스럽네요서핑 톡,삼성페이 쓰지않는 분들에겐 자급제폰으로 최고라고 봅니다. 어머니 사드렸는데 너무 맘에들어하시네요업데이트도 안드10으로하고 설정좀해드리고 이것저것 테스트좀해봤더니 만족스럽네요서핑 톡 전화 문자 영상시청 용으로 어머니께 딱이예요ㅎ
2,249,SM-M205,갤럭시 M20,2,엠씨더메이커스ST,ke71****,20.09.28.,미사용이라고 해서 뭔가 헀더니 개봉제품이더라고요. 세제품이라고 하기에는 다른 갤럭시와 다르게 측면필름도 떼져 있고 불만족스러웠습니다. 만약에 배터리 수명이 100%가 아니었다면 환,미사용이라고 해서 뭔가 헀더니 개봉제품이더라고요. 세제품이라고 하기에는 다른 갤럭시와 다르게 측면필름도 떼져 있고 불만족스러웠습니다. 만약에 배터리 수명이 100%가 아니었다면 환불요청 할뻔했네요. 구매하시는 분들이 헷갈리지 않게 정확한 표현을 써주세요. 개봉제품이라고 제목에 적어주세요.
3,249,SM-M205,갤럭시 M20,5,옥션,gue*****,19.10.11.,어머니 쓰실 폰 구매했습니다.배터리 용량보고 선택했고...,어머니 쓰실 폰 구매했습니다.배터리 용량보고 선택했고 화면은 쨍허니 좋습니다.디엠비가 없다는게 쪼끔 그렇긴 한데..이 가격에 다 가질수 있나요 ㅎ..심은 나노심 들어갑니다. 기존 폰이 마이크로심인데 잘 잘라서 넣었습니다. 잘 되네요 ㅎ
4,249,SM-M205,갤럭시 M20,5,삼성인증파트너 쇼마젠시,tao8****,21.01.07.,어머니가 핸드폰을 잃어버렸는데 급하게 써야 될 상황이라 주문했습니다. 다음날 일찍 도착하여 상태는 매우 양호했고 바로 유심 재발급 받아서 사용중입니다. 부모님도 만족 하면서 사용 ,어머니가 핸드폰을 잃어버렸는데 급하게 써야 될 상황이라 주문했습니다. 다음날 일찍 도착하여 상태는 매우 양호했고 바로 유심 재발급 받아서 사용중입니다. 부모님도 만족 하면서 사용 중입니다. 급하게 필요하거나 부담없이 자급제로 사용하실 분 추천 드립니다.
5,249,SM-M205,갤럭시 M20,5,인터파크,swoo****,19.07.17.,갤m20,"  갤럭시 M20 단말기 마음에 듭니다. 화면 사이즈도 보급폰에 비해 조금 더 큰 것 같고, 해상도도 조금 높은 것 같네요. 무게는 조금 더 나는 듯 합니다. 지문 인식과 듀얼 카메라가 지원 되어 기능면에서는 만족하지만, 삼성페이가 지원되지 않아서 아쉽기는 합니다. 자급제폰이라서 유심만 이동하면 바로 인식되어 전화 사용 가능합니다. 통신사별 기본 앱이 설치 되어 있지 않아서 깔끔하고, 필요시 설치하면 되니 자급제폰은 괜찮은 것 같네요. 나노 유심은 인식 잘되고, 같은 삼성폰이면 데이터 이동은 쉽게 됩니다. 갤럭시 M20 블랙 색상만 있어서 단말기 색깔 선택이 없어서 조금 아쉽네요. 제품설명서가 들어 있는 박스가 있는데, 기본 젤리케이스가 들어있는 줄 알았는데 설명서 종이만 있어서 조금 당황했네요. 기본 케이스까지 포함 되어 있었다면 정말 괜찮은 상품일텐데 아쉽긴 합니다. "
6,249,SM-M205,갤럭시 M20,4,삼성인증파트너 쇼마젠시,psyc****,20.07.03.,"인도 진출을 노린 저렴한 보급형 제품이라고 들었는데 예전에 쓰던 오래된 LG G3 beat 보다 성능이 더 좋네요. 약간 버벅거리는게 있다고 들었는데, 안드로이드 10으로 업데이트","인도 진출을 노린 저렴한 보급형 제품이라고 들었는데 예전에 쓰던 오래된 LG G3 beat 보다 성능이 더 좋네요. 약간 버벅거리는게 있다고 들었는데, 안드로이드 10으로 업데이트하면 해소된다고 해서 키자마자 바로 업데이트 했습니다. 업데이트 한 이후에 몇몇 어플을 사용해보니 딱히 버벅거리는건 없는거 같았고, 애초에 스마트폰으로 별로 하는게 없어서 이정도 스펙으로도 만족입니다. 생각보다 크고 묵직한데 이게 휴대성이 떨어진다는 단점일수도 있지만 화면이 크고 배터리 용량이 크다는 장점이기도 해서, 제 입장에서는 나쁘지 않네요.이 자급제 폰을 알뜰폰 가입해서 사용하면 통신비를 크게 아낄 수 있을거같습니다."
7,249,SM-M205,갤럭시 M20,5,인터파크,brav****,19.07.28.,[실사용리뷰]업무용 세컨폰으로 구매했습니다.," 워라밸. 업무와 내 사생활로부터 독립. 현대 사회 생활에서 가장 쉽지 않은 일이죠. 예전부터 꿈 꿔오고 계획했지만, 생각보다 쉽지 않고 그럴 기회가 잘 없었습니다. 며칠전 인터넷 기사로 본 M20을 만나보기 전까지만 해도요. 세컨폰으로 사용하기에 기본에 충실한, 가성비 넘치는 이녀석을 보자마자 구매욕구가 치솟았습니다. 제가 구매 포인트로 맘을 사로잡은 점은 다음과 같습니다.  - 보급형임에도 불구하고 HD화질이 아닌 FHD+화질 - USB단자가 C-Type - 배터리 지속 타임 (저전력 AP와 대용량 배터리 사용으로 배터리 사용시간 극대화) - 무엇보다 주머니 사정을 이해해 줄 착한 가격 - 사후지원(A/S)가 용이하고, 편리할 것.(이건 뭐... 삼성이니...)  사실 비슷한 가격의 샤오*같은 중국산 폰을 구매해서 세컨폰을 구매할 수 있었으나, 삼성하면 믿을 수 있기에 별 고민없이 선택했습니다.  주문서를 넣자마자 알뜰폰부터 가입을 했습니다. 새벽에 주문해서 이튿날 점심때 USIM과 단말이 도착했습니다. 박스를 뜯고 정갈하게 담긴 M20을 붙들고, 새로 개통한 USIM을 장착한후 재부팅 2번. 그렇게 저의 두번째 폰이 완성되었습니다.  다음부턴 실사용 후기입니다.  * 장점 - 아담합니다. (원래 폰은 노트9이라서 그런지, 그립감이 상대적으로 편안합니다.) - 실제로도 배터리가 오래가요. 하루동안 켜놨는데 8퍼센트 미만으로 소모됐습니다. - 디자인이 꿀리지 않습니다. 전면만 봤을때 전혀 보급형 같지 않아요. (노트9보다 개인적으로 전면 디자인이 이뻐요. 더 최신폰 같습니다. 아무래도 인피니트-v 액정의 영향이...) - 지저분한 통신사 어플이 없어요 (자급제 단말의 특성이죠. 통신사 추노마크에서도 해방~) - 준수한 화면 해상도 (경쟁사 보급 단말은 HD해상도가 많은데 불구하고 FHD+의 해상도를 가지고 있습니다) - 준수한 속도 (옥타코어AP 탑재로 예전 보급형 단말과 달리 가벼운 SNS나 인터넷 서핑 용도로 사용하시면 쾌적합니다. 다만 게임은...ㅠ)  * 단점 - 삼성페이 미지원 (잘 알고 계시겠지만 삼성유저들의 가장 큰 메리트이죠. 하지만 세컨폰이라 삼성페이는 중복사용이 불가능해서 패스입니다) - 방수/방진 미지원 (솔직히 이 가격에 이것까지 바란다면 제가 양심없는겁니다.ㅎ) - 몇몇 기능의 부재 (클립보드 부재, 햅틱(진동)기능 최소화, GOODLOCK 사용불가.. 등등)  보급형에 맞춰 기능을 축소하거나, 최적화 시킨 부분이 부분부분 눈에 띕니다. 사용에는 전혀 지장이 없지만요ㅎ  끝으로.. 이번 출시된 M20단말은, 스마트한 소비를 할 수 있게 나온 단말인것 같습니다. 업무용으로 사용할 사용자를 비롯하여, 비교적 스마트폰 활용이 제한적인 어르신 및 어린아이들이 사용하기에 부족함이 없어보입니다. 이로써 후기는 마치도록 하겠습니다."
8,249,SM-M205,갤럭시 M20,4,삼성모바일파트너 코잇,yang****,20.09.30.,좋습니다. 장인어른 자급제로 사서 알뜰폰 가입시켜드릴려고 샀어요. 21s구매하려다가 이걸로 선택했는데 배터리도 크고 크기도 커서 좋아요. 약간 무겁다는거? 그것만 빼면 어르신들 쓰,좋습니다. 장인어른 자급제로 사서 알뜰폰 가입시켜드릴려고 샀어요. 21s구매하려다가 이걸로 선택했는데 배터리도 크고 크기도 커서 좋아요. 약간 무겁다는거? 그것만 빼면 어르신들 쓰시기엔 무리 없네요. 배송은 3일정도 걸렸어요
9,249,SM-M205,갤럭시 M20,4,컴퓨존,ohse****,20.05.24.,참 배송빠르네요..딱하루 걸렸어요..자급제 맞습니다. ..자급제 받으니 ..참 좋네요 ...갤럭시 m20 이 엑시노스7904인데 삼성one ui 2 core를 지원하고 안드로이드1,참 배송빠르네요..딱하루 걸렸어요..자급제 맞습니다. ..자급제 받으니 ..참 좋네요 ...갤럭시 m20 이 엑시노스7904인데 삼성one ui 2 core를 지원하고 안드로이드10을 지원하다보니 최적화가 참 잘되서 참 빠르네요.. 제꺼는 s10인데 제거에 비해서 떨어지지 않고 차이를 모르겠네요.. 참 좋습니다.. 부모님 선물용으로는 최고 인듯해요..한달전인가 19만원 중반대 였는데 부모님께 드릴려고 했더니 22만원 밖에 없어서 요즘 선물 철인가? 아님 재난 지원금 때문인가? 암튼 뭐 부모님이 만족하시니 그냥 좋게 생각할렵니다...케이스랑 보호필름이 없어서 별하나 뺍니다..자급제 파는건 알지만 그래도 폰을 쓸려면 케이스랑 필름 있어야 해서 따로 돈이 들어가서 번거롭습니다. ...그래도 갤럭시 m20 폰 자체가 말도 안되게 좋아서 만족합니다. 삼성페이랑 방수방진이 없어도 부모님이 쓰시는데 전혀 지장 없고 삼성one ui core2를 쓰니 최적화가 참 좋아서 최신폰하고 차이가 없네요..만족...뾱뾱이 잘 싸서 폰 안전하게 잘 도착했고요..컴퓨존이란 회사에서 처음 물건 샀는데 음..믿을 만한 회사 입니다..나중에 사실분들 추천합니다..좋아요
10,249,SM-M205,갤럭시 M20,4,11번가,lp******,19.08.08.,좋아요,"중저가 폰 답지 않게 꼭 필요치않은것은 빼서 가격 거품빠져서 좋구요. 노트9은 제가 쓰는데 초등딸 쓰라고 주문해줬는데 노트9크기랑 거의 비슷하고 무게도 비슷하네요. 애가 쓰는거라 삼성페이, 무선충전 안되도 상관없구요ㅋ 와이파이도 잘되요ㅋ 오자마자 나노유심칩 꼽아서 전원키 켜보니 되네요. 화질도 괜찮구 새폰이라서 좋아라하네요. 인도에서 먼저 출시？榮鳴？ 올해 7월에 한국출시된걸루 아는데 평이 좋아서 구입하게 ？獰楮？. 첨에 쓰던앱 다깔았는데 테마 배경화면이 왔다갔다 자동전환되서 쓸데없는 앱 삭제했는데 그 증상 사라졌어요. 4개월전에 노트5를 인터넷에서 중고폰 공기계사서 쓰다가 4개월만에 서비스센터 갔더니 회로가 다 탔다네요. 중고폰 구입에 실망했다가 중저가폰이지만 새제품으로 구입하는게 후회없을것같아서 이제품 선택했네요.  투명젤리케이스, 액정필름2장, 그립톡, 액정필름2장, 이어폰, 고속무선충전기 , 설명서, 유심칩핀 이렇게 들어있네요.화질선명, 왠만한 게임 다되고, 우측에 볼륨키와 전원키 있어요. 좌측에 유심칩끼는 곳있구요.  충전구멍은 동그래요ㅋ  전 별개다 궁금하드라구요ㅎ 가장 좋은점은 배터리가 대용량으로 통화만할경우 37시간,동영상만 볼경우 17시간 배터리가 유지된다네요.(100프로충전시)노트9보다 더 오래가네요."
11,249,SM-M205,갤럭시 M20,5,인터파크,l*l*****,20.07.21.,갤럭시 m20 자급제폰,화면도 크고 길어서 좋아요. 나노유심칩이 아닌데 대리점 갔더니 전에 쓰던 유심칩 달라고 하더니 스테이플러 같은 도구로 안에 금색 부분만 잘라서 재사용 할 수 있게 해서 주네요. 그래서 따로 나노유십침 사지 않고 필름도 씌워 주셔서 폰 잘 바꿨어요^^
12,249,SM-M205,갤럭시 M20,5,인터파크,dltn****,19.07.19.,가성비 갑 m20,"어머니 휴대폰이 고장이 나서 때마침 m20이 발매를 해서 구입했습니다. 드라마 시청을 자주하시는 터라 큰 화면과 배터리는 제격이고 어머니도 너무 좋아하시네요. 삼성 스마트 스위치 앱을 통해서 주소록, 사진, 대화목록, 등 간편하게 옮겼어요. 배송도 하루만에 오고 보급형이라 생각해 기본만 챙길줄 알았는데 얼굴인식 잠금, 지문인식 잠금, 카메라, 등이거 완전 대박이네요. 저는 아이폰6s를 사용중이며 기능적인 불편함과 고장이 없어 약정 끝나고도 사용중인데 갑자기 저도 바꾸고 싶어지네요^^"
13,249,SM-M205,갤럭시 M20,5,삼성모바일파트너 코잇,7kim****,20.07.03.,"엄마는 전화랑 카톡만 쓰셔서 고사양이 필요가 없어 m20 주문했어요.가격면에서 볼 때 부모님이 사용하기 좋은 핸드폰인 것 같아요.사은품도 많고, 액정필름 얇지만 2장이나 들어있어서","엄마는 전화랑 카톡만 쓰셔서 고사양이 필요가 없어 m20 주문했어요.가격면에서 볼 때 부모님이 사용하기 좋은 핸드폰인 것 같아요.사은품도 많고, 액정필름 얇지만 2장이나 들어있어서 좋았어요.엄마는 충전할 때 센서에 불이 안 들어오는 거 하나가 불편하다고 하시네요."
14,249,SM-M205,갤럭시 M20,4,컴퓨존,pjt6****,20.06.08.,잘받았습니다. 현충일이 있어서 주말뛰고 월요일날받았습니다. 그런데 박스가 엉망이군요. 폰박스도 눌러져있구요. 1~2만원도 아닌데 주의 스티커하나없는게 많이 아쉽네요. 두번째구입인데,잘받았습니다. 현충일이 있어서 주말뛰고 월요일날받았습니다. 그런데 박스가 엉망이군요. 폰박스도 눌러져있구요. 1~2만원도 아닌데 주의 스티커하나없는게 많이 아쉽네요. 두번째구입인데 일단 사용해보고 이상있으면 바로 연락하겠습니다.
15,249,SM-M205,갤럭시 M20,5,컴퓨존,bbot****,20.07.01.,"어제 오후에 주문했는데 오늘 바로 도착했네요. 배송 정말 빠릅니다. 포장 꼼꼼하게 잘 해주셨고, M20 가성비 좋아서 자급제로 쓰기 정말 좋아요. 기존에 쓰고 있다가 어머니 핸드폰","어제 오후에 주문했는데 오늘 바로 도착했네요. 배송 정말 빠릅니다. 포장 꼼꼼하게 잘 해주셨고, M20 가성비 좋아서 자급제로 쓰기 정말 좋아요. 기존에 쓰고 있다가 어머니 핸드폰이 말썽이라 이걸로 바꿨습니다. 비싼 스마트폰 쓸 이유가 없네요.. 빠른 배송 감사 !"
16,249,SM-M205,갤럭시 M20,5,컴퓨존,hyer****,20.06.24.,나름 빠른 배송 좋아요. 뾱뾱이 잘 싸서 문제 없이 도착했어요. 폭우 오기 직전에 와서 정말 다행입니다 폰 크기도 크고 잘 되네요. 엄마가 폰 고장나서 안켜진다고 산건데 유심 빼면,나름 빠른 배송 좋아요. 뾱뾱이 잘 싸서 문제 없이 도착했어요. 폭우 오기 직전에 와서 정말 다행입니다 폰 크기도 크고 잘 되네요. 엄마가 폰 고장나서 안켜진다고 산건데 유심 빼면서 너무 잘켜진건 안비밀... 반품 안되냐는데 그냥 쓰라고 했어요 ㅋㅋ
17,249,SM-M205,갤럭시 M20,5,인터파크,p*o*****,19.09.01.,가격대비 좋아요.,"추석 선물용 구입으로 아직 개통전입니다. 누군가 필름이 없다고해서 필름과 케이스까지 추가하니 2개씩 왔네요. 제폰인 a6와 비교해봤습니다.   특징은 가볍다. 부품이 적어서 그런가?  1. 갤럭시 a6인 제꺼보다 조금 가볍습니다. 2. 화면은 조금 크고 전체까지 나와요...내꺼보다 좋음... 3. 유심 빼는 핀이 철사꼬아 놓은것 같음.(비용절감?) 4. 유심 꽃는 꽃는 케이스가 독특함.     뭔가 3개를 꽃는 길이인데 유심, 외장 메모리1개씩만 키울수있음. 5. 케이블은 c type임. 6. 이어폰은 10년전 타입... 원래 저가라 그런가?  내 유심(u  알뜰 유심)을 끼워 1회 테스트 일단 이상없음. 전체적인 평가는 유심빼는 핀,이어폰을 고려해도 가격적인 메리트가 있다. 내폰과 바꿔도 좋을 정도이며 아직 구글과 삼성계정 등록 전이나 화면 이동 속도도 빠른 편임. 고장 안나길...  내 다음폰도 이걸로 바꿔야겠다."
18,249,SM-M205,갤럭시 M20,3,G마켓,stto****,19.10.14.,주의하세요..!,너무 열받아서 씁니다. 이곳에서 분명 폰을 구입했는데 구입할 땐 분명 폰밖에 선택이 없었는데 받고나서 액정 필름 케이스가 없어 이 곳에서 판매하는 걸 사겠다니 못 팔겠답니다! 구매취소 당했습니다. 이게 말이되나요??? 똑같은 판매잔데 자신에게 유리한 특정 판매만 케이스 필름 옵션이 달려있더군요!! 참고로 조는 네이* 가격검색해서 들어와서 샀습니다!! 그게 훨 쌉니다!! 판매자에게 매진은 덜 남을지몰라도!!! 아 진짜 치사해서!! 그렇게 장사하지 마세요!!! 너무너무 화가납니다!! 따로 또 배송비 지불하고 다른 곳에서 사야하는 현실이네요!! 이렇게 양아* 식으로 장사하지 마세요!!!
19,249,SM-M205,갤럭시 M20,5,인터파크,rmff****,19.07.21.,갤럭시 m20 배송도 빠르고 제품도 만족합니다, 배송은 안전하고 빠르게 잘왔습니다. 처음엔 갤럭시 m20을 그냥 싼맛에 구입하자했는데 써보니까 가격 훨씬 이상의 만족을 느끼고 있습니다 가격이 저렴한터라 품질이 별로고 렉걸리고 그런생각을 했었는데 폰을 써보고 나니까 그런생각이 싹사라지고 장점이 더많이 보이네요 ㅋ 가볍게 쓰기에 딱 알맞은것같습니다 배터리도 용량이 커서 그런지 충전없이 오래쓸수 있고  화면도 큼지막하고 디자인도 세련된편이고  매우 만족중이네요 또한 자급제폰이라 별다른 조치없이 유심만 갈아끼우면 된다는점이 편하고 좋습니다 삼성이라 믿고쓸수있고 20만원안팎에 이정도의 삼성폰을 쓸수있다는게 가성비가 갑입니다 여러모로 추천하고 싶은 폰입니다 사은품도 주셔가지고 잘쓰고잇네요 감사합니다  
20,249,SM-M205,갤럭시 M20,5,11번가,te******,19.07.18.,최고예요,"신랑이...약주하시고 1년도 안된 폰을 잃어버리는 바람에.... 옛날옛적 쓰던 버스폰 가지고 연명하는게 보기싫어서 계속 고민하다가 자급제폰으로 선택했네요. 1년전 살때 약정 기기할인을 받았던터라 진짜 난감했거든요.  보급형폰이라 정말 기대안했는데 일단 디스플레이 크기가 s9인 제꺼보다 더 크네요 베젤도 얇은게 시원~하니 좋아요 ㅋ 약간 해상도에서 차이가 있긴한데 출고가차이가 이렇게 나는데 차이 없는게 이상한거고... 아무튼 삼페 안되는건 쬐끔 아쉽긴하지만 저도 혹시나 분실상황이 오면 이걸로 사고싶네요 ㅋ 맘에들어요~! 정말 가성비좋은 제품이네요!! 빨리 관련 악세서리 출시가 되길 기다리고있습니다 ^^♡   참 , 끈 상태에서 유심넣고 켜도 유심이 한번에 바로 인식은 안됐는데 재시작하니까 제대로 됐어요 ㅎ 참고하세용!"
