,pl_id,pl_model_code,pl_name,star,market,write_id,upload_day,title,text,URL
0,,,,,,,,,,
0,,,,,,,,,,
0,,,,,,,,,,
0,184,X5,X5,5,,bea*****,19.01.07.,할부원금없이 공짜폰으로 싸게 잘샀어요. 배터리 ...,할부원금없이 공짜폰으로 싸게 잘샀어요. 배터리 용량이 젤 큰거라서 좋네요. 마니 파세요.,https://search.shopping.naver.com/catalog/19025180661?NaPm=ct%3Dkn9vb2o0%7Cci%3D0f5610a3c5fa033b259de44c6fc032cb2a1674eb%7Ctr%3Dslsl%7Csn%3D95694%7Chk%3D6c42a3c6f8dd7a9362b0e00e2c8ed6ede5eb494a
0,184,X5,X5,5,인터파크,cade****,16.08.05.,좋아요 좋아요,생각보다 괜찮습니다. 가성비 좋아요생각보다 괜찮습니다. 가성비 좋아요생각보다 괜찮습니다. 가성비 좋아요생각보다 괜찮습니다. 가성비 좋아요생각보다 괜찮습니다. 가성비 좋아요생각보다 괜찮습니다. 가성비 좋아요생각보다 괜찮습니다. 가성비 좋아요생각보다괜찮습니다. 가성비 좋아요,https://search.shopping.naver.com/catalog/10035475362?NaPm=ct%3Dkn9vb3fs%7Cci%3D889edd526a0bdf26550c8fcb3a1d85624371e33d%7Ctr%3Dslsl%7Csn%3D95694%7Chk%3Dcc7454d9f1c136cfba395c998eafe6dfa56832ae
0,184,X5,X5,5,인터파크,min*****,16.08.26.,매우만족이요,저렴하게 잘 샀어요 기기는 써봐야알겠지만 괜찮아보여요매우 친절하게 응대해주셔서 감사했습니다.케이스도 딱 원하던거에요~,https://search.shopping.naver.com/catalog/10035475362?NaPm=ct%3Dkn9vb3fs%7Cci%3D889edd526a0bdf26550c8fcb3a1d85624371e33d%7Ctr%3Dslsl%7Csn%3D95694%7Chk%3Dcc7454d9f1c136cfba395c998eafe6dfa56832ae
0,184,X5,X5,5,인터파크,s*n*****,19.08.28.,폰,처음엔 여러가지 복잡하더니 이젠 잘되는듯...,https://search.shopping.naver.com/catalog/16150429253?NaPm=ct%3Dkn9vb47k%7Cci%3Dbf2aaec5274e76d4e7c289c314230a5f12814e3b%7Ctr%3Dslsl%7Csn%3D95694%7Chk%3Dbc087757ad8283eca63e09eda5f4d83fa03173ce
0,184,X5,X5,5,11번가,ky******,18.07.12.,최고예요,저렴하게 잘 샀어요.상담도 친절히  잘해주셔서  감사합니다.사업  번창하세요.,https://search.shopping.naver.com/catalog/16150429253?NaPm=ct%3Dkn9vb47k%7Cci%3Dbf2aaec5274e76d4e7c289c314230a5f12814e3b%7Ctr%3Dslsl%7Csn%3D95694%7Chk%3Dbc087757ad8283eca63e09eda5f4d83fa03173ce
0,,,,,,,,,,
0,,,,,,,,,,
0,,,,,,,,,,
0,187,X스크린,X Screen,5,롯데ON,y*m*****,21.01.24.,믿고 쓰는 회사 제품입니다.  티비,"믿고 쓰는 회사 제품입니다. 티비 광고 보고 갖고 싶어서 구매 했어요.사은품 넘 맘에들어 샀어요.무엇보다 착한 가격 마음에 쏙 드네요.S9보다 약간 가볍고 약간 커요.여자 장지갑에 쏙 들어 갈 정도 얇고 가벼워서 좋아요.사진 보정AI지우기 넘 신기하고 유용한 기능이네요.나 같이 기맹을 위해서 삼성맴버스 앱에 사용 방법 쉽게 설명 되어 있고, 팁어플 보니까 사용 방법 쉬워요.폰 열나는 현상은 없어요.삼성 티비 컴퓨터 s9 냉장고랑 호환성 좋아요.삼성은 환경을 생각해선지 폰케이스랑 충전기 없다는게 아쉽네요. 이어폰 단자가 둥근게 아니라 긴 단자라네요.어플 다운 속도가 느려요. 내가 4G요금제 쓰는데 다운 속도가 아쉽네요.외장 메모리카드 없다는 살짝 아쉬워요.유심칩 교체하고 전원 부팅 두번하니까 개통 되네요. 대리점 가서 비싼 요금제 설명 안들도 되고, 가격 저렴해서 착한폰 같아요.3일째 사용중인데 터치감 좋고 화면 깨끗해서 눈이 피로하지 않네요. 유용한기능 많아요. 약정 끝나고. 할부금 안 남고 폰 구형이 분들께 추천해요.",https://search.shopping.naver.com/catalog/25604807522?NaPm=ct%3Dkn9vb6iw%7Cci%3D23f7a3bf8f61a16c3e9505fa916e7f058e62bf6a%7Ctr%3Dslsl%7Csn%3D95694%7Chk%3D3e5f00d938ca4b9f2a22ba196792b7d6726fbb93
0,187,X스크린,X Screen,3,삼성닷컴,황*현*****,21.04.04.,구매한 상품은 전체적으로 만족합니다만보상을 담당하는 민팃이나 삼성...,"구매한 상품은 전체적으로 만족합니다만
보상을 담당하는 민팃이나 삼성 고객센터에는 불만이 많습니다.
기존 갤럭시 제품을 사용하였기에 트레이드인 보상을 통해 구매를 진행하였으나
민팃측의 시세측정이 어처구니없이 불합리하게 되어있네요.
자급제폰 구매이기에 오픈마켓의 쿠폰 및 카드할인을 사용하면 더 저렴하게 구매 할 수 있었으나
민팃사이트에서 사전 시세측정 기준을 보고 삼성공식홈페이지에서 트레이드인을 통해 구매 하는게 조금 나을거 같아 구매를 했습니다.
기존 사용하던 폰이 액정에 잔상이 없었으며 액정과 뒷판이 새것처럼 깨끗하고
오직 측면과 모서리에만 케이스를 탈착할때 일어날 수 있는 미세한 기스만 있었기에
민팃의 시세기준표 기준 당연히 A등급은 받을 줄 알았습니다.
그런데 B등급이 나왔고 ATM을 통한 반납이었기에 다음날 민팃 고객센터에 전화하니 
등급기준표의 하나의 조건만 해당해도 그 등급이 나온다는 것이었습니다.
A등급 기준이 액정에 미세한기스, 뒷판(측면)에 미세한 기스인데 측면에 미세한 기스만 있고 액정에 기스가 없던 저는 당연히 A등급을 받을 줄 알았습니다.
민팃측의 얘기로는 측면이 미세한 기스가 아닌 찍힘이라는데 미세한 기스와 찍힘에 대한 기준도 없으며
등급기준표 어디에도 해당 항목중 하나만 해당해도 저 등급을 받는다는 고지는 없습니다.
B등급 기준표를 보면 액정 : 기스, 잔상, 뒷판(측면) : 기스, 찍힘 인데 
액정과 뒷판이 깨끗한 제 폰이 저런 판정을 받을 것이라고는 몰랐습니다.
민팃측에 보상기준에 대해서 항의를 하며 그런 기준이면 B 이상 받는 폰이 있냐 물으니 가끔 A등급을 받는 폰도 있다고 하네요.
 그러고서는 보상 기준이 불만이면 폰을 다시 가져가라고 하는데
이미 새폰은 유심을 꽂아서 일주일 정도 사용하고 있고 새폰을 반품할 수 없는 상황이라 어처구니가 없네요.
명확하지 않은 보상 기준도 불만이지만 불만이면 폰을 다시 가져가고 소보원에 항의한다고 해도 할테면 하라고 하네요.
이 상황에 대해 민팃측과는 해결이 되지 않을 것 같아서 삼성고객센터에 접수를 하고 다음날 담당자와 통화를 했으나
삼성측은 해당 보상에 대해서 책임이 없어 민팃측에 해결 할 수 있는 방법이 없다고 하네요.
삼성은 새로운 폰의 판매에만 책임이 있고 보상은 민팃측의 관할이라고 하는데
삼성 공식홈페이지에 제품의 구매가 트레이드인 신청 후 구매로 묶여 있는데 삼성측은 책임이 없다는것도 이해가 안가고
위 내용에 대해서 영업 부서에 전달은 하겠지만 회사 정책상 답변은 할 수가 없다고 하네요.
결국 트레이드인 추가 보상과 민팃 보상금액을 합치니 개인간에 중고폰 거래랑 금액 차이가 없네요.
일부러 의도한것 같기도 하고 폰이 아주 상태가 좋지 않으면 혜택을 볼 것 같으나 상태가 좋은폰은 트레이드인을 안하고 판매하는게 좋을 것 같습니다.
여기 상품평을 봐도 민팃에 대해서 또 다른 피해를 보신분들도 있는 것 같구요.
삼성같은 대기업에서 이렇게 소비자를 우롱하는 책임감 없는 보상을 진행하는것도 어처구니 없으며
본인들 홈페이지에 걸고 진행하는 프로모션이라면 보다 책임감 있는 자세를 가졌으면 합니다.
보상 금액 따지면 몇만원 차이인데 이금액보다는 민팃이라는 회사의 소비자에 대한 대응이 너무 어이가 없어서 긴 글 씁니다.
삼성축 연락 주신 담당자분도 다음날 연락하셨던데 적어도 민팃홈페이지에 들어가셔서 보상기준 정도는 보고 연락주셨어야지
제가 전화로 민팃홈페이지부터 보상기준까지 상세히 설명해 드려야 하는 부분도 대기업 고객 C/S 담당이라고는 볼 수 없네요.
백만원 가까운 폰을 구매해놓고 보상때문에 며칠동안 불쾌한 경험을 했네요.
이런 프로모션이라면 다시 고려해 보시기 바랍니다.






",https://search.shopping.naver.com/catalog/25604807522?NaPm=ct%3Dkn9vb6iw%7Cci%3D23f7a3bf8f61a16c3e9505fa916e7f058e62bf6a%7Ctr%3Dslsl%7Csn%3D95694%7Chk%3D3e5f00d938ca4b9f2a22ba196792b7d6726fbb93
0,187,X스크린,X Screen,5,삼성닷컴,김*수*****,21.01.28.,삼성 갤럭시 21사진은 선명하고 동영상은 매끄럽다가장 압권은 하만카...,"삼성 갤럭시 21
사진은 선명하고 동영상은 매끄럽다
가장 압권은 하만카돈의 최고급(high-end)
사운드가 아닐까싶다.
마치 스마트티비 사운드바에서 뿜어져나오는
돌비사운드같기도하고
홈시어터의 서라운드뮤직같기도하다
듣는 내내 귀가 호강했다
너무 만족했다 별점 5개도 부족하다.

<삼>라만상중에 무엇이 제일인가?
<성>님 누님 할것없이
<갤>러리(대중)들이 환호하는
<럭>셔리하고
<시>크(chic)한
<21>세기  must item.

삼성갤럭시 21.",https://search.shopping.naver.com/catalog/25604807522?NaPm=ct%3Dkn9vb6iw%7Cci%3D23f7a3bf8f61a16c3e9505fa916e7f058e62bf6a%7Ctr%3Dslsl%7Csn%3D95694%7Chk%3D3e5f00d938ca4b9f2a22ba196792b7d6726fbb93
0,187,X스크린,X Screen,5,롯데ON,h*u*****,21.03.24.,딸  선물로 주었는데  넘  좋네요,딸  선물로 주었는데  넘  좋네요  배송도 빨라서 다음날 왔어요 .바이올렛으로 ㅋ 자급제폰 첨인데 넘 편하고 바로 사용 할 수 있어  좋습니다 단  유심크기를  미리  알아보고  하는게 좋아요  다행히 맞더라고요 .폰이 고장났는데 빨리와서 공백도 줄이고 좋은 가격에  잘 샀어요,https://search.shopping.naver.com/catalog/25604807522?NaPm=ct%3Dkn9vb6iw%7Cci%3D23f7a3bf8f61a16c3e9505fa916e7f058e62bf6a%7Ctr%3Dslsl%7Csn%3D95694%7Chk%3D3e5f00d938ca4b9f2a22ba196792b7d6726fbb93
0,187,X스크린,X Screen,5,삼성닷컴,차*철*****,21.01.30.,samsung.com 공식 홈페이지에서 구매하니깐 사전 예약 혜택도 좋...,"samsung.com 공식 홈페이지에서 구매하니깐 사전 예약 혜택도 좋고 배송도 빠르네요.

팬텀 핑크가 색감이 너무 예쁘고 볼수록 만지고 싶네요.

S21이라 가성비도 좋고 자급제라서 약정도 없고 디스플레이 파손 50% 지원 혜택도 있어서 안심하고 사용할 수 있을 것 같네요.",https://search.shopping.naver.com/catalog/25604807522?NaPm=ct%3Dkn9vb6iw%7Cci%3D23f7a3bf8f61a16c3e9505fa916e7f058e62bf6a%7Ctr%3Dslsl%7Csn%3D95694%7Chk%3D3e5f00d938ca4b9f2a22ba196792b7d6726fbb93
0,187,X스크린,X Screen,5,롯데ON,d*l*****,21.03.21.,부모님 선물로 구매했어요~!! 너무,부모님 선물로 구매했어요~!! 너무 이뻐서 효녀됐네요~!판매자님도 너무너무 친절하시고 빠른 출고로 받아볼 수 있었어요!특히나 사은품들도 대박!안마기 효과짱입니다!!휴대폰은 말 할 것도 없구요^^부모님 사용하시기에 휴대폰이 너무 크지도 무겁지도 않아서 정말 적당해요!!,https://search.shopping.naver.com/catalog/25604807522?NaPm=ct%3Dkn9vb6iw%7Cci%3D23f7a3bf8f61a16c3e9505fa916e7f058e62bf6a%7Ctr%3Dslsl%7Csn%3D95694%7Chk%3D3e5f00d938ca4b9f2a22ba196792b7d6726fbb93
0,187,X스크린,X Screen,5,삼성닷컴,황*민*****,21.02.01.,A8 2018에서 3년만에 S21로 바꿨습니다. 그래서 그런지 너무 좋...,"A8 2018에서 3년만에 S21로 바꿨습니다. 그래서 그런지 너무 좋네요... 요즘 스마트 폰이라는게 이 정도였습니까?ㅋㅋㅋㅋㅋ 격세지감과 대단함이 느껴지네요 요 며칠간 써본 결과
1. 얇은 배젤- 압도적입니다... 그냥 허공에 스마트폰 쓰는거 같음
2. 카메라 성능- 망원과 광각이 너무 좋아요.. 원체 쓰던게 구져서 역체감 때문인지 몰라도 64M로 찍으면 너무 좋음, 자동으로 상황에 따라 맞춰주거나 AI 사진 후 보정 능력이 엄청나네요.. 
3. 빠릿한 성능과 120Hz 화면- 저같이 폰겜 잘 안하시는 분들에겐 딱 일 수 도 있습니다 발열도 생각보다 심하지 않고, 120Hz 는 아이패드 프로 쓰고 있는데 그거보다 더 좋은 느낌임, 새거여서 그런가ㅋ
4. 배송 엄청빠름 - 금요일 오전 9시에 시켰는데 다음날 오후 2시쯤 옴.. 호에엑
원가절감이니 급나누기니 말이 많지만 제가 봤을때는 뺄건 잘 빼고 넣을건 잘 넣었다는 느낌이 강합니다,
리뷰로만 봤을때는 긴가민가 했었는데 매장가서 만져보고서는 그냥 딱 구매각이 보이더라구요 이거다 싶었음.
애매하면 가서 만져보고 결정하세요!",https://search.shopping.naver.com/catalog/25604807522?NaPm=ct%3Dkn9vb6iw%7Cci%3D23f7a3bf8f61a16c3e9505fa916e7f058e62bf6a%7Ctr%3Dslsl%7Csn%3D95694%7Chk%3D3e5f00d938ca4b9f2a22ba196792b7d6726fbb93
0,187,X스크린,X Screen,4,삼성닷컴,천*현*****,21.02.01.,3년만에 핸드폰을 교체하였는데 개인적으로 핸드폰을 교체할때 중점...,3년만에 핸드폰을 교체하였는데 개인적으로 핸드폰을 교체할때 중점적으로 보는 부분을 이번 s21이 모두 충족시켜 주었습니다. 삼성닷컴에서 단독으로 진행한 프로모션 및 포인트 적립 부분에 있어서도 만족 하였구요. 다만 아쉬웠던 부분은 기본 케이스 및 충전기를 구성품에서 제거한 부분과 생각보다 배송이 늦어진 부분에 대해 미흡했다고 생각합니다. 앞으로 출시될 플래그쉽 모델들을 좀 더 기대해 보겠습니다!,https://search.shopping.naver.com/catalog/25604807522?NaPm=ct%3Dkn9vb6iw%7Cci%3D23f7a3bf8f61a16c3e9505fa916e7f058e62bf6a%7Ctr%3Dslsl%7Csn%3D95694%7Chk%3D3e5f00d938ca4b9f2a22ba196792b7d6726fbb93
0,187,X스크린,X Screen,5,삼성닷컴,현*은*****,21.02.28.,트레이드인으로 주문했어요. 물량 부족으로 배송지연되긴 했는데 친절...,"트레이드인으로 주문했어요. 물량 부족으로 배송지연되긴 했는데 친절한 안내와 안전한 배송으로 잘 받았습니다.  전 폰이 자급제 s9+ 였는데 3년 사용에 액정이 금 간 상태ㅠㅠ 근데 추가보상이 10만원이나! 삼성카드 청구할인이 13%! 발품 팔기 싫고 5g 요금제 싫고.. 자급제가 역시 최고입니다. 삼성닷컴에서 혜택 잘 받고 구매합니다. 투고 이벤트로 체험 했는데 역시나 예쁘고 이전 시리즈보다 가볍습니다.. 개인적으로 엣지 별로라 플랫해서 더 좋아요. 페이스, 지문 인증은 이렇게 빨라도 되나 싶을 정도... 게임은 하지 않지만 폰을 자주 달고 있는 편인데 발열은 신경 쓰이지 않습니다. 아주 좋아요. 메모리는 기본 256 말이 필요 없습니다. 얼른 사세요~",https://search.shopping.naver.com/catalog/25604807522?NaPm=ct%3Dkn9vb6iw%7Cci%3D23f7a3bf8f61a16c3e9505fa916e7f058e62bf6a%7Ctr%3Dslsl%7Csn%3D95694%7Chk%3D3e5f00d938ca4b9f2a22ba196792b7d6726fbb93
0,187,X스크린,X Screen,1,롯데ON,k*k*****,21.04.01.,1번 : 예전 번호 기재 2번 : 예,1번 : 예전 번호 기재2번 : 예전 번호 기재3번 : 정상 번호 기재질문 : 3번 폰이 기프티콘 안날라왔는데 어떻게 됐나요?답변 : 예전 번호로 날라갔습니다. 질문 : 예전 번호 말고 정상 번호로 다시 보내주실 수 있나요?답변 : 고객님 잘못입니다 ^^ 못 보내 드립니다 ^^질문 : (3번 휴대폰 주문 내역이랑 캡쳐해서 첨부) 제대로 적었는데요?답변 : 이거는 고객님 잘못이지만 재발송 해드리겠습니다 ^^무슨 소시오패스가 가스라이팅 시키는것도 아니고 끝까지 내잘못이라고 우기네요. 심지어 3번 같은경우는 배송주소도 잘못왔네요.  한 번에 3개 주문하니깐 다 똑같은 번호 똑같은 주소로 한 것으로 알고 처리한듯 한데 얼척이 없네요.남은 두개 휴대폰 기프티콘은 어케 됐냐면 당연히 못 받았습니다 ^^기프티콘 회사에 전화해보니깐 판매사가 요청하면  번호 변경해서 재발송 가능하다는데 여기는 그냥 귀찮은건지 기프티콘 발송이 돈이 아까운건지 모르겠네요그냥 3개 이하로 사실 분들은 서비스 기대하지 말고 사세요. 4개이상 사면 응대 잘해줄 수도 있죠^^,https://search.shopping.naver.com/catalog/25604807522?NaPm=ct%3Dkn9vb6iw%7Cci%3D23f7a3bf8f61a16c3e9505fa916e7f058e62bf6a%7Ctr%3Dslsl%7Csn%3D95694%7Chk%3D3e5f00d938ca4b9f2a22ba196792b7d6726fbb93
0,187,X스크린,X Screen,4,삼성닷컴,최*미*****,21.02.05.,LG폰 쓰다가 이번에 새로 출시된 갤럭시 s21로 구매했어요. 사전구매예약...,"LG폰 쓰다가 이번에 새로 출시된 갤럭시 s21로 구매했어요. 사전구매예약해서 구매했어야 했는데.. 한발 늦게 아는 바람에 출시일에 구매했어요.
실물을 보고 구매한게 아니라서 기대감을 갖고 받았는데 핸드폰만 달랑와서 조금 아쉬웠지만 사은품이 있어서 그나마 위안이 되었어요. 
기존에 쓰던 기기보다 사이즈가 작아서 조금 어색한데 화질도 선명하고 용량도 크고 카메라도 좋고 기능이 많아서 좋아요!!!
아직 액정필름이랑 케이스를 구매 못해서 조심히 쓰고 있어서 카메라 기능을 많이 사용 못해봤는데 기대됩니다.",https://search.shopping.naver.com/catalog/25604807522?NaPm=ct%3Dkn9vb6iw%7Cci%3D23f7a3bf8f61a16c3e9505fa916e7f058e62bf6a%7Ctr%3Dslsl%7Csn%3D95694%7Chk%3D3e5f00d938ca4b9f2a22ba196792b7d6726fbb93
0,187,X스크린,X Screen,5,삼성닷컴,정*진*****,21.01.31.,S21 투고 서비스 써보고 넘 좋아서 바로 사전예약 구매했는데 역시 삼성~...,"S21 투고 서비스 써보고 넘 좋아서 바로 사전예약 구매했는데 역시 삼성~ 구매배송일에 딱맞게 칼배송오고 배송기사님 엄청 친절하시고 핸드폰 넘 이쁘고 기능도 넘 좋아서 대박!!! 모든 서비스가 완벽하고 흠잡을 곳 없이 넘 좋네요. 타사몰에서도 할인, 구매혜택이 많아서 고민했는데 닷컴몰도 비슷한 가격할인에 서비스가 좋아서 여기서 구매하길 잘했네요~ 매번 매장가서 사다가 처음으로 몰에서 핸드폰 샀는데 몰도 간편하고 좋네요~ ",https://search.shopping.naver.com/catalog/25604807522?NaPm=ct%3Dkn9vb6iw%7Cci%3D23f7a3bf8f61a16c3e9505fa916e7f058e62bf6a%7Ctr%3Dslsl%7Csn%3D95694%7Chk%3D3e5f00d938ca4b9f2a22ba196792b7d6726fbb93
0,187,X스크린,X Screen,5,삼성닷컴,황*호*****,21.01.30.,1월29일날 주문하고 오늘 (30일) 오전에 받았습니다.첫느낌은 한손에 촤악~...,"1월29일날 주문하고 오늘 (30일) 오전에 받았습니다.
첫느낌은 한손에 촤악~~ 감지는 느낌이고 후면 무광으로 이쁩니다.
 그리고 생각보다 무겁지 않고 갤s20 보다 너프 되었다고 하지만  일반 사용자가 사용하기에는 별문제 없을듯 합니다.




",https://search.shopping.naver.com/catalog/25604807522?NaPm=ct%3Dkn9vb6iw%7Cci%3D23f7a3bf8f61a16c3e9505fa916e7f058e62bf6a%7Ctr%3Dslsl%7Csn%3D95694%7Chk%3D3e5f00d938ca4b9f2a22ba196792b7d6726fbb93
0,187,X스크린,X Screen,5,롯데ON,s*6*****,21.03.28.,자급제폰은 처음 구입해봤는데 여러모로,자급제폰은 처음 구입해봤는데 여러모로 장점이 많습니다.내가 원하는 요금제를 제약없이 선택할 수 있고 기존 통신사에서 제공받던 여러가지 혜택을 계속 누릴 수 있는 점이 좋구요..무엇보다도 롯데 on에서 구입하니 쿠폰 사용해 다른곳보다 좀 더 저렴하게 그리고 여러 사은품도 챙겨주는점이 가장 큰 장점이네요.,https://search.shopping.naver.com/catalog/25604807522?NaPm=ct%3Dkn9vb6iw%7Cci%3D23f7a3bf8f61a16c3e9505fa916e7f058e62bf6a%7Ctr%3Dslsl%7Csn%3D95694%7Chk%3D3e5f00d938ca4b9f2a22ba196792b7d6726fbb93
0,187,X스크린,X Screen,1,삼성닷컴,송*은*****,21.02.23.,트레이드인 반납 폰인증 잘못하고 공기계 날리고 민팃에서 보상...,"트레이드인 반납 폰인증 잘못하고 공기계 날리고 민팃에서 보상은 못해준다 하고 삼성에 문의하라 나모른다 해서 삼성에 전화하니 전화가 연결이 아예 안되고 그냥 끊어짐 어쩌다가 연결되면 대기하다가 지ㅗ송하ㅏ고 그냥 끊어짐 무한반복 그러다가 겨우 한달마넹 통화됐는데, 보상 못해준다 함. 폰 팔고 고객센터 개판 운영하고, 사람이 없으면 충원을 하던가 답답해서 이메일 문의도 해보고 1:1문의도 해봤지만 구매전에 궁금한거 있어서 1:1문의한 거 2주만에 답변오고 트레이드인 문의한 건 한달이 넘게 지났는데 아직도 답변없이 처리중, 2달전에 이메일 문의한건 아예 답변도 도착하지 않고, 전화도 안돼 이메일문의도 안돼 1:1문의는 기본 2주 ~4주 이상 걸려 뭘 어쩌라는거냐...ㅐ체 개판이네 온라인샵을 이렇게 운영하는게 말이되냐?",https://search.shopping.naver.com/catalog/25604807522?NaPm=ct%3Dkn9vb6iw%7Cci%3D23f7a3bf8f61a16c3e9505fa916e7f058e62bf6a%7Ctr%3Dslsl%7Csn%3D95694%7Chk%3D3e5f00d938ca4b9f2a22ba196792b7d6726fbb93
0,187,X스크린,X Screen,5,삼성닷컴,임*영*****,21.03.05.,배송 예정일 오전에 빨리 도착했어용 너무 이뻐요ㅠㅠㅠ사진도 예뻤...,"배송 예정일 오전에 빨리 도착했어용 
너무 이뻐요ㅠㅠㅠ사진도 예뻤는데 실물도 완전 귀엽고 색깔 이쁩니다 오래오래 사용해야겠어요♡ 배터리문제는 120주사율때문에 어쩔수 없는 문제고 발열은 전 딱히 생각 안날정도로 괜찮았어요!!이뿌게 잘 쓸게용👍👍",https://search.shopping.naver.com/catalog/25604807522?NaPm=ct%3Dkn9vb6iw%7Cci%3D23f7a3bf8f61a16c3e9505fa916e7f058e62bf6a%7Ctr%3Dslsl%7Csn%3D95694%7Chk%3D3e5f00d938ca4b9f2a22ba196792b7d6726fbb93
0,187,X스크린,X Screen,5,롯데ON,t*o*****,21.03.29.,와우 금욜 오전에주문했는데 오후에 받,와우 금욜 오전에주문했는데 오후에 받았어요 이렇게 빨리보내주시다니^^ 완전번개배송 감사합니다  자급제폰 너무좋네요 유심만교체하니 저장했던앱들도 자동으로 옮겨지고 너무편하네요 대리점가서 이것저것따져가며 계약하는거 싫어 샀는데 완전맘에들어요 품질이야 새제품 이라 두말할것없구요,https://search.shopping.naver.com/catalog/25604807522?NaPm=ct%3Dkn9vb6iw%7Cci%3D23f7a3bf8f61a16c3e9505fa916e7f058e62bf6a%7Ctr%3Dslsl%7Csn%3D95694%7Chk%3D3e5f00d938ca4b9f2a22ba196792b7d6726fbb93
0,187,X스크린,X Screen,5,삼성닷컴,안*운*****,21.02.04.,s8+에서 이번에 s21로 옮겼네요그전껀 커서 그런지 한손으로 사용하기불...,"s8+에서 이번에 s21로 옮겼네요
그전껀 커서 그런지 한손으로 사용하기불편했는데이건 한손에딱들어와요 작게나온게 딱느껴집니다. 그리고 성능이좋네요 핸드폰 화질이 선명하네요 구성품에 줄있는이어폰도없고 충전기도 없는게 좀 아쉬워요.  ",https://search.shopping.naver.com/catalog/25604807522?NaPm=ct%3Dkn9vb6iw%7Cci%3D23f7a3bf8f61a16c3e9505fa916e7f058e62bf6a%7Ctr%3Dslsl%7Csn%3D95694%7Chk%3D3e5f00d938ca4b9f2a22ba196792b7d6726fbb93
0,187,X스크린,X Screen,3,롯데ON,b*l*****,21.01.26.,다른 대안이 없어 이 제품으로 구매하,다른 대안이 없어 이 제품으로 구매하기로 하고 사전예약 마지막날 구매했는데 구매하고 보니 다른 곳의 조건이 훨씬 좋네요. 아쉽지만 빨리 도착하길 바라고 기다렸는데  다행히 잘 도착했지만 그 주말을 지나 월요일에 개통했네요.발열이야기는 들어서 알았지만 정말 심한편이어서 고객센터가서 미리 업그레드등 했는데도 아쉽습니다.,https://search.shopping.naver.com/catalog/25604807522?NaPm=ct%3Dkn9vb6iw%7Cci%3D23f7a3bf8f61a16c3e9505fa916e7f058e62bf6a%7Ctr%3Dslsl%7Csn%3D95694%7Chk%3D3e5f00d938ca4b9f2a22ba196792b7d6726fbb93
0,187,X스크린,X Screen,1,삼성닷컴,이*영*****,21.02.28.,"상품 잘 도착했음, 사용 잘 하고 있음.근데 포인트로 사기치고 있음.3200...","상품 잘 도착했음, 사용 잘 하고 있음.
근데 포인트로 사기치고 있음.
32000점 준다고 해놓고, 31999점 줌.
고객센터에 문의글 남겨도 확인도 한달째 확인도 안함.
이메일 문의해도 여기도 확인안함.
고객센터 왜 있는지 모르겠음.
남들이 보기에 1포인트로 뭘 그러냐 그러겠지만, 삼성입장에서는 한명당 1포인트씩 안주면 엄청 이득임. 
고객센터 있으나 마나임 ㅡㅡ;;",https://search.shopping.naver.com/catalog/25604807522?NaPm=ct%3Dkn9vb6iw%7Cci%3D23f7a3bf8f61a16c3e9505fa916e7f058e62bf6a%7Ctr%3Dslsl%7Csn%3D95694%7Chk%3D3e5f00d938ca4b9f2a22ba196792b7d6726fbb93
0,187,X스크린,X Screen,5,롯데ON,d*v*****,21.03.25.,제품 잘 받았습니다. 주문하고 다음날,제품 잘 받았습니다. 주문하고 다음날 받았어요. 동영상후기 올렸지만 박스포장도 완벽하네요. 박스안에 한번더 박스포장 되어있고 그 안에 대왕뾱뾱이로 본품 잘 포장되어있구요. 노트20 울트라 본품이야 삼성제품이고 사용해봐서 믿고 구입합니다. 가격대가 있는만큼 오래쓰게됩니다.,https://search.shopping.naver.com/catalog/23716221490?NaPm=ct%3Dkn9vb82g%7Cci%3D5061d6102a93484ce41ff4813e80c872f86915f4%7Ctr%3Dslsl%7Csn%3D95694%7Chk%3D26c5035abb786fc4825f04b1ac289ff26330e1d5
0,187,X스크린,X Screen,4,삼성모바일파트너 코잇,happ****,20.09.29.,쓰던폰이 상태가 안좋아지고 있던중 노트를 써보고 싶어서 알아보고 있었는데 때마침 라방이하여 구매하게 되었네요.노트20  울트라 전체 외관은 다들 광고부터 사진까지 다들 보셨을테니 ,쓰던폰이 상태가 안좋아지고 있던중 노트를 써보고 싶어서 알아보고 있었는데 때마침 라방이하여 구매하게 되었네요.노트20  울트라 전체 외관은 다들 광고부터 사진까지 다들 보셨을테니 패스~브론즈 색상은 빛에따라색이 변하더라구요.그래서 핑크같이 나온 사진으로 첨부해봤어요.기능들은 찾아보면 상세히 글 잘 쓰신분들 많으니 패스~개인적으로 아쉬운점  하나만 이야기하겠어요.처음 받아서 이리저리 보다보니 카메라가 조금 어긋나 있더군요.알아보니 꽤 많이 이런 제품이 나왔나보더라구요.가격이 저렴한것도 아닌데 맘이 상해서 A/S센터까지 가봤으나 이정도는 정상이라고 해줄게 없다는말만 반복...삼성폰 처음 사봤는데 실망..이렇게 어긋난게 많은건 기기디자인이 처음부터 잘못되어서임을 모르지 않을텐데도 사람이 조립해서 그럴수 있다며 정상범위라고 안내하는거보니 정말 실망되더라구요.노트 기대가 컸는데..아쉬움만 남는 만남이되어버렸어요.,https://search.shopping.naver.com/catalog/23716221490?NaPm=ct%3Dkn9vb82g%7Cci%3D5061d6102a93484ce41ff4813e80c872f86915f4%7Ctr%3Dslsl%7Csn%3D95694%7Chk%3D26c5035abb786fc4825f04b1ac289ff26330e1d5
0,187,X스크린,X Screen,5,삼성모바일파트너 코잇,nhc0****,20.08.25.,배송은 예상날짜보다 빨리 왔네요받자 마자 미리 준비한 카메라 보호필름과 보호커버를 씌웠습니다.출고전 충전이 66%라서 동봉되어 있는 급속 충전기에 물려 놓고 잠시 일 때문에 나왔습,배송은 예상날짜보다 빨리 왔네요받자 마자 미리 준비한 카메라 보호필름과 보호커버를 씌웠습니다.출고전 충전이 66%라서 동봉되어 있는 급속 충전기에 물려 놓고 잠시 일 때문에 나왔습니다.집에 가서 스위치어플로 데이터 옮기고 유심과 외장메모리를 끼우면 됩니다.2년전 구입한 노트9울트라는 가족에게 줄 예정입니다.잘 쓰겠습니다.,https://search.shopping.naver.com/catalog/23716221490?NaPm=ct%3Dkn9vb82g%7Cci%3D5061d6102a93484ce41ff4813e80c872f86915f4%7Ctr%3Dslsl%7Csn%3D95694%7Chk%3D26c5035abb786fc4825f04b1ac289ff26330e1d5
0,187,X스크린,X Screen,5,롯데ON,m*s*****,21.03.31.,S21울트라와 계속 고민하다 구매하였,S21울트라와 계속 고민하다 구매하였습니다.S21울트라는 무거운 감이 있었는데 노트20울트라는 상대적으로 괜찮은 것 같아서 잘 산 것 같습니다.배송상태는 꼼꼼하게 잘 포장되어 안전하게 되었습니다.사은품도 모두 들어 있었습니다.본품도 특별한 문제없이 양호합니다.잘 사용하겠습니다.,https://search.shopping.naver.com/catalog/23716221490?NaPm=ct%3Dkn9vb82g%7Cci%3D5061d6102a93484ce41ff4813e80c872f86915f4%7Ctr%3Dslsl%7Csn%3D95694%7Chk%3D26c5035abb786fc4825f04b1ac289ff26330e1d5
0,187,X스크린,X Screen,5,삼성닷컴,박*송*****,21.01.15.,아이폰 미니만 오매불망 기다리다가 고민끝에 결국 노트를 구입...,"아이폰 미니만 오매불망 기다리다가 고민끝에 결국 노트를 구입하게 되었습니다 ㅎㅎ(기존 아이폰 se사용) 
너무 마음에 들고 노트로 오길 잘했다는 생각이 가득 드네요^^ 스마트폰 갤럭시는 처음 써보는데 너무 괜찮고 특히 에스펜 굿입니다~~
이젠 큰폰만 찾게될 것 같아요 ㅋㅋ 작은거 보니 눈아파오네요 저걸 지금까지 어떻게 썼는지 ㅋㅋ
버즈라이브도 좋네요 귀 구멍이 작은편이라 좀 아프긴 한데 느슨하게 끼고 있어요 좀만 더 작았으면 진짜 100%만족이었을것 같아요 감사합니당 너무 맘에 들어서 상품평 작성하였습니다.",https://search.shopping.naver.com/catalog/23716221490?NaPm=ct%3Dkn9vb82g%7Cci%3D5061d6102a93484ce41ff4813e80c872f86915f4%7Ctr%3Dslsl%7Csn%3D95694%7Chk%3D26c5035abb786fc4825f04b1ac289ff26330e1d5
0,187,X스크린,X Screen,5,인터파크,s*i*****,20.10.15.,걱정많이 했었는데 잘 받았습니다,cj택배대란으로 걱정했는데 택배 이틀만에 왔구요ㅎㅎ 택배수취 확인하자마자 회사에서 택시타고 가져왔네요ㅎㅎ 분실될까봐 걱정했는데 물품 이름 까맣게 지워주셔서 분실 안됐던 것 같아요ㅎㅎ 가개통제품 올까봐 결제를 계속 고민했었는데 확실하게 미개봉으로 왔습니다ㅎㅎㅎ 젤 재고가 많지만 그래도 시그니처 색상을 구매했는데 로즈골드빛이 짱 예쁘구 고급지구 혼자 다하네여! 전 이만 케이스 사러 가야겠습니다ㅎㅎ 빠른 배송 감사합니당？？,https://search.shopping.naver.com/catalog/23716221490?NaPm=ct%3Dkn9vb82g%7Cci%3D5061d6102a93484ce41ff4813e80c872f86915f4%7Ctr%3Dslsl%7Csn%3D95694%7Chk%3D26c5035abb786fc4825f04b1ac289ff26330e1d5
0,187,X스크린,X Screen,5,삼성모바일파트너 코잇,skyy****,20.08.31.,부모님 폰인데 네이버에서 8월 12일에 갤놋20 이벤트해서 주문했는데 물량이 밀려서 27일에 받았고 사정이 있어서 방금전에 개통했네요. 놋20 울트라 진짜 보는거와는 달리 너무 예,부모님 폰인데 네이버에서 8월 12일에 갤놋20 이벤트해서 주문했는데 물량이 밀려서 27일에 받았고 사정이 있어서 방금전에 개통했네요. 놋20 울트라 진짜 보는거와는 달리 너무 예쁘고 잘 작동되어서 너무 좋네요. 모처럼 휴대폰 덕분에 자식 된 노릇해서 기분 좋습니다. 빨리 개통해드릴렸고 했는데 2주넘게 기다려야해서 중간에 취소해야하나 고민했었는데 물건 받아서 셋팅하고 좋아하시는 부모님 뵈니 걍 괜한 걱정했나 싶었네요ㅋ 코잇 덕분입니다. 많이 많이 파시고 앞으로 휴대폰 살때 다시 찾아오겠습니당~,https://search.shopping.naver.com/catalog/23716221490?NaPm=ct%3Dkn9vb82g%7Cci%3D5061d6102a93484ce41ff4813e80c872f86915f4%7Ctr%3Dslsl%7Csn%3D95694%7Chk%3D26c5035abb786fc4825f04b1ac289ff26330e1d5
0,187,X스크린,X Screen,5,삼성인증파트너 쇼마젠시,cjgk****,20.11.26.,발송예정일보다 일찍 와서 놀랬어요!무사히 도착했구 특이한 이상없어 바로 데이터 옮기구 유심꽂구 어제밤부터 사용중입니다!전에 기기도 노트시리즈여서 크게 변화는 모르겠구색상이 넘이뻐서,발송예정일보다 일찍 와서 놀랬어요!무사히 도착했구 특이한 이상없어 바로 데이터 옮기구 유심꽂구 어제밤부터 사용중입니다!전에 기기도 노트시리즈여서 크게 변화는 모르겠구색상이 넘이뻐서 자꾸 전화기를 뒤집어 놓게 되네요!감사합니다^^,https://search.shopping.naver.com/catalog/23716221490?NaPm=ct%3Dkn9vb82g%7Cci%3D5061d6102a93484ce41ff4813e80c872f86915f4%7Ctr%3Dslsl%7Csn%3D95694%7Chk%3D26c5035abb786fc4825f04b1ac289ff26330e1d5
0,187,X스크린,X Screen,4,삼성닷컴,정*영*****,20.09.13.,갤럭시 노트20 Ultra 5G 자급제,코로나로 인해 배송이 많이 늦어지긴 했지만 화면도 넓고 부드러운 움직임이 상당히 만족스럽습니다. 아직 쓴지 만 하루도 되지 않아 정확히 뭐라히기엔 어렵지만 전반적으로 만족합니다. 터치감은 확실히 좋아진 느낌이 들어요. 슬라이드 움직임이라든가. 연결 usb는 컴퓨터에 연결할 포트가 없어서 (양쪽 다 c타입) 새로 구매해야겠네요. 이어폰도 c타입이어서 컴퓨터엔 쓰지도 못합니다.. 이점들은 좀 아쉽습니다,https://search.shopping.naver.com/catalog/23716221490?NaPm=ct%3Dkn9vb82g%7Cci%3D5061d6102a93484ce41ff4813e80c872f86915f4%7Ctr%3Dslsl%7Csn%3D95694%7Chk%3D26c5035abb786fc4825f04b1ac289ff26330e1d5
0,187,X스크린,X Screen,5,삼성닷컴,한*훈*****,20.08.31.,갤럭시 노트20 Ultra 5G 자급제,. 금요일에 S20 울트라와 워치3 같이 주문해서 다음날인 토요일 아침에 바로 받았어요. 얼마나 좋아졌겠어 했는데 확실히 카메라도 좋고 S펜 반응속도도 빠르네요. 아직 카메라 쓰는게 어색하지만 앞으로 아깝지 않게 활용하려구요. S9+에서 노트20울트라 넘어왔는데 대만족 입니다.,https://search.shopping.naver.com/catalog/23716221490?NaPm=ct%3Dkn9vb82g%7Cci%3D5061d6102a93484ce41ff4813e80c872f86915f4%7Ctr%3Dslsl%7Csn%3D95694%7Chk%3D26c5035abb786fc4825f04b1ac289ff26330e1d5
0,187,X스크린,X Screen,5,롯데ON,a*s*****,21.02.27.,역시 노트20울트라 손에 속 감기네요,역시 노트20울트라 손에 속 감기네요맘에 드네요 대용량에 최신카메라 까지 터치가 죽임니다카드할인되서 싸게 구입해서 좋아요깔끔하게 포장되어 24시간 안되서 초고속으로 배달왔어요 감사합니디ㅡ덤으로 주신 커버는 정품보다 못하지만 강화필림 잘쓸께요 감사합니다,https://search.shopping.naver.com/catalog/23716221490?NaPm=ct%3Dkn9vb82g%7Cci%3D5061d6102a93484ce41ff4813e80c872f86915f4%7Ctr%3Dslsl%7Csn%3D95694%7Chk%3D26c5035abb786fc4825f04b1ac289ff26330e1d5
0,187,X스크린,X Screen,5,삼성모바일파트너 코잇,bito****,20.10.21.,오랜만에 바꾸니 좋네요. 노트8도 좋은 폰이지만 배터리가..너무 빨리 닳아서 바꿨어요.누가 노트8 새것 싸게 준다면 그걸 샀을지도..ㅋㅋ큰 차이는 모르겠어요.카메라  옆구리에 뭔가,오랜만에 바꾸니 좋네요. 노트8도 좋은 폰이지만 배터리가..너무 빨리 닳아서 바꿨어요.누가 노트8 새것 싸게 준다면 그걸 샀을지도..ㅋㅋ큰 차이는 모르겠어요.카메라  옆구리에 뭔가 홈이 있어서 네이버로 찾아봤네요.11월 말일에 포인트 들어오길.최신폰이라 샀는데 깔맞춤으로 좋아요,https://search.shopping.naver.com/catalog/23716221490?NaPm=ct%3Dkn9vb82g%7Cci%3D5061d6102a93484ce41ff4813e80c872f86915f4%7Ctr%3Dslsl%7Csn%3D95694%7Chk%3D26c5035abb786fc4825f04b1ac289ff26330e1d5
0,187,X스크린,X Screen,5,11번가,ha******,21.03.28.,최고예요,"우선 빠른배송이 좋구요. 포장도 아주 깔끔하고 안전하게 해서 발송됐네요.구성품은 양쪽끝 c타입 캐이블, c타입 이어폰, c타입 충전기에 젤리케이스가 박스안에 같이 있어요.화면을 보니까 필름이 붙여져있는거같아요 ㅎ크기는 큰데 부게는 아주아주 가볍더라구요",https://search.shopping.naver.com/catalog/23716221490?NaPm=ct%3Dkn9vb82g%7Cci%3D5061d6102a93484ce41ff4813e80c872f86915f4%7Ctr%3Dslsl%7Csn%3D95694%7Chk%3D26c5035abb786fc4825f04b1ac289ff26330e1d5
0,187,X스크린,X Screen,5,삼성모바일파트너 코잇,amer****,20.08.12.,하루만에 배송 받았구요.kt대리점 방문해서 일반기변 신청할거라아직 유심은 꽂지 않았어요.fhd이지만 120hz라 큰 화면이 움직임 부드럽네요.카메라 성능은 더 써봐야 알겠지만망원카,하루만에 배송 받았구요.kt대리점 방문해서 일반기변 신청할거라아직 유심은 꽂지 않았어요.fhd이지만 120hz라 큰 화면이 움직임 부드럽네요.카메라 성능은 더 써봐야 알겠지만망원카메라 사용시 어느 지점을 찍고 있는지가이드 화면이 나오는 기능이 좋네요.사전구매 이벤트도 미리 신청했네요.이제 대리점만 가면 됩니다.2년뒤엔 대리점 안가도 되기를...,https://search.shopping.naver.com/catalog/23716221490?NaPm=ct%3Dkn9vb82g%7Cci%3D5061d6102a93484ce41ff4813e80c872f86915f4%7Ctr%3Dslsl%7Csn%3D95694%7Chk%3D26c5035abb786fc4825f04b1ac289ff26330e1d5
0,187,X스크린,X Screen,5,삼성모바일파트너 코잇,ruac****,20.08.13.,만족합니다. 아내가 매우 좋아합니다. 다행이고.. 노트4를 쓰던 아내에게 미안함이 먼저 크고 이 기회에 알뜰폰으로 무제한 요금제도 넣어 놨습니다. 사전예약 자급제로 할꺼면 알뜰폰 ,만족합니다. 아내가 매우 좋아합니다. 다행이고.. 노트4를 쓰던 아내에게 미안함이 먼저 크고 이 기회에 알뜰폰으로 무제한 요금제도 넣어 놨습니다. 사전예약 자급제로 할꺼면 알뜰폰 무제한으로 해야되겠죠. 선할인 후 약정.. 뭐가 더 유리한지 계산을 해보면 전 자급제폰 추천입니다.,https://search.shopping.naver.com/catalog/23716221490?NaPm=ct%3Dkn9vb82g%7Cci%3D5061d6102a93484ce41ff4813e80c872f86915f4%7Ctr%3Dslsl%7Csn%3D95694%7Chk%3D26c5035abb786fc4825f04b1ac289ff26330e1d5
0,187,X스크린,X Screen,5,삼성모바일파트너 코잇,brya****,20.08.15.,블랙 너무 멋져요. 갤노트 2 -> 5 -> 8 -> 20 으로 4대째 사용중입니다. 그런데 크기가 점점 커져서 바지 뒷주머니에 넣기도 부담이 됩니다. 카툭튀가 거,블랙 너무 멋져요. 갤노트 2 -> 5 -> 8 -> 20 으로 4대째 사용중입니다. 그런데 크기가 점점 커져서 바지 뒷주머니에 넣기도 부담이 됩니다. 카툭튀가 거슬렸는데 기본으로 제공되는 투명커버 씌우니까 좀 낫습니다. 더 사용 해 봐야겠지만 펜 사용이 좀 더 실감나게 재미있고 반응이 빠릅니다. 갤폴더나 갤플립과 직접 비교는 불가능하지만 가성비 좋다고 생각 됩니다.,https://search.shopping.naver.com/catalog/23716221490?NaPm=ct%3Dkn9vb82g%7Cci%3D5061d6102a93484ce41ff4813e80c872f86915f4%7Ctr%3Dslsl%7Csn%3D95694%7Chk%3D26c5035abb786fc4825f04b1ac289ff26330e1d5
0,187,X스크린,X Screen,4,삼성모바일파트너 코잇,hoon****,20.08.29.,믿고쓰는 갤럭시 프리미엄 라인이라서 딘딘님 생방시작하자마자 구매했습니다. 배송도 25일에 와서 생각보다 빨리 받아서 좋았어요 근데 단말기 박스에 imei 스티커 하나 떼져서 왔더라,믿고쓰는 갤럭시 프리미엄 라인이라서 딘딘님 생방시작하자마자 구매했습니다. 배송도 25일에 와서 생각보다 빨리 받아서 좋았어요 근데 단말기 박스에 imei 스티커 하나 떼져서 왔더라구요 왜그런건지... 스티커 하나 떼진거 말고는 다 좋습니다예비신랑 결혼선물로 사준건데 엄청 좋아하고 잘쓰네요,https://search.shopping.naver.com/catalog/23716221490?NaPm=ct%3Dkn9vb82g%7Cci%3D5061d6102a93484ce41ff4813e80c872f86915f4%7Ctr%3Dslsl%7Csn%3D95694%7Chk%3D26c5035abb786fc4825f04b1ac289ff26330e1d5
0,187,X스크린,X Screen,5,아이씨이,fish****,20.12.09.,배송엄청빠르고  완전 좋네요.. 여기 상담해주는 여직원분이 엄청 친절하세요~  미개봉이라 좋아요~ 이거 잘알아보고 사야지 가격은 비슷한데 전시 상품 파는데도 있어여... 아이폰이랑,배송엄청빠르고  완전 좋네요.. 여기 상담해주는 여직원분이 엄청 친절하세요~  미개봉이라 좋아요~ 이거 잘알아보고 사야지 가격은 비슷한데 전시 상품 파는데도 있어여... 아이폰이랑 고민하다가 이번엔 왠지 노트가 끌리더라구요.~ 카메라 엄청 좋네여~,https://search.shopping.naver.com/catalog/23716221490?NaPm=ct%3Dkn9vb82g%7Cci%3D5061d6102a93484ce41ff4813e80c872f86915f4%7Ctr%3Dslsl%7Csn%3D95694%7Chk%3D26c5035abb786fc4825f04b1ac289ff26330e1d5
0,187,X스크린,X Screen,5,옥션,s*n*****,21.01.05.,"결제 후 다음 날 택배를 받았습니다. 에어켑으로 이중,...","결제 후 다음 날 택배를 받았습니다.에어켑으로 이중, 삼중 꼼꼼하게 포장이 잘 되어 있었습니다. 제가 주문한 모델과 색상에 맞게 배송 되었습니다. 제가 받은 건 제조일자가 2020년 11월로 비교적 최근 제조품이고 구성품도 빠짐 없이 다 포함돼 있었습니다. 자급제폰이라 기존에 사용 중이던 유심을 꽂으니 바로 인식되었고 지금까지 기기 의 이상 없이 잘 사용하고 있습니다.좋은 제품, 빠른 배송에 매우 만족합니다.",https://search.shopping.naver.com/catalog/23716221490?NaPm=ct%3Dkn9vb82g%7Cci%3D5061d6102a93484ce41ff4813e80c872f86915f4%7Ctr%3Dslsl%7Csn%3D95694%7Chk%3D26c5035abb786fc4825f04b1ac289ff26330e1d5
0,187,X스크린,X Screen,5,싸다이렉트,pgkh****,20.11.06.,미스틱브론즈 주문했는대 화이트로 수정되어서 받았읍니다.화이트라 깔끔합니다. 포장도 깨끗하게 되어왔고 배송도 이틀만에    왔읍니다. 신경써 주셔서 감사하구요..참 무엇보다 가격을 ,미스틱브론즈 주문했는대 화이트로 수정되어서 받았읍니다.화이트라 깔끔합니다. 포장도 깨끗하게 되어왔고 배송도 이틀만에    왔읍니다. 신경써 주셔서 감사하구요..참 무엇보다 가격을 다른곳에 배해 많~~이 저렴하게 구입하게되어 기분 좋으네요.폴드2...도 저렴한 가격에 나오길 기대해볼께요~잘 사용하겠읍니다.,https://search.shopping.naver.com/catalog/23716221490?NaPm=ct%3Dkn9vb82g%7Cci%3D5061d6102a93484ce41ff4813e80c872f86915f4%7Ctr%3Dslsl%7Csn%3D95694%7Chk%3D26c5035abb786fc4825f04b1ac289ff26330e1d5
0,187,X스크린,X Screen,5,컴퓨존,dmst****,21.02.26.,"어머니 폰이 오래돼서 바꿔드렸어요. 알아보면서 가개통 뭐 어쩌구 하면서 통신사 폰 파는 곳들이 많았는데, 여긴 완전 자급제 맞고 씰도 잘 붙어있는 새폰이었습니다. 아무래도 보급형이","어머니 폰이 오래돼서 바꿔드렸어요. 알아보면서 가개통 뭐 어쩌구 하면서 통신사 폰 파는 곳들이 많았는데, 여긴 완전 자급제 맞고 씰도 잘 붙어있는 새폰이었습니다. 아무래도 보급형이라 좀 느리고 버벅대기는 해요. 근데 그건 처음에 설정할 게 많아서 그렇지 앞으로 어머니가 일상생활에서 가볍게 사용하는 데엔 문제없을 것 같아요. 저렴한 가격에 잘 사서 만족합니다.",https://search.shopping.naver.com/catalog/22793289433?NaPm=ct%3Dkn9vb9m0%7Cci%3Df76c18c1dec7d05cd13eea1e56bbdf31ddaa2a0c%7Ctr%3Dslsl%7Csn%3D95694%7Chk%3D46374ec15fba971cb700e6cec8536ce153df4142
0,187,X스크린,X Screen,5,롯데ON,T*M*****,21.03.27.,엄마 핸폰 바꿔드렸는데요.  무엇보다,엄마 핸폰 바꿔드렸는데요.  무엇보다 화면도 크고 배터리용량도 커서 좋아요. 배송 엄청 빠르고 kt사용하는데 유심만 바꿔주면 바로 사용이 되더라구요. 유심은 오래된거라 안맞아서 대리점가서 마이크로 유심사이즈로 커팅했습니다. 아아주 잘 되네요.,https://search.shopping.naver.com/catalog/22793289433?NaPm=ct%3Dkn9vb9m0%7Cci%3Df76c18c1dec7d05cd13eea1e56bbdf31ddaa2a0c%7Ctr%3Dslsl%7Csn%3D95694%7Chk%3D46374ec15fba971cb700e6cec8536ce153df4142
0,187,X스크린,X Screen,5,삼성인증파트너 쇼마젠시,besa****,21.03.20.,알뜰폰 요금제 사용하고 있어서자급제 핸드폰을 사게 됐어요핸드폰을 크게 중시하지 않는 사람이라서 중고폰을 주로 썼었는데 이번에 따져보니수명이나 가격면에서 이걸 사는게 더 나아서선택했,알뜰폰 요금제 사용하고 있어서자급제 핸드폰을 사게 됐어요핸드폰을 크게 중시하지 않는 사람이라서 중고폰을 주로 썼었는데 이번에 따져보니수명이나 가격면에서 이걸 사는게 더 나아서선택했습니다유심 끼우니 바로 되고 사용해보니 좋아요배터리도 오래가고반응속도도 빠른것 같아요케이스가 함께 오니 별도 구매할것도 없고최신제조에 빠른배송만족합니다,https://search.shopping.naver.com/catalog/22793289433?NaPm=ct%3Dkn9vb9m0%7Cci%3Df76c18c1dec7d05cd13eea1e56bbdf31ddaa2a0c%7Ctr%3Dslsl%7Csn%3D95694%7Chk%3D46374ec15fba971cb700e6cec8536ce153df4142
0,187,X스크린,X Screen,5,삼성모바일파트너 코잇,jini****,20.06.09.,프라임on7쓰다가 전원도 꺼지고 터치조작도 잘 되지 않던초등생 딸래미 휴대폰을 바꾸려던 중에 통신사를  통해 가입하려니 요금제에 따라 구입하고자 하는 휴대폰가격이 달라지는 시스템이,프라임on7쓰다가 전원도 꺼지고 터치조작도 잘 되지 않던초등생 딸래미 휴대폰을 바꾸려던 중에 통신사를  통해 가입하려니 요금제에 따라 구입하고자 하는 휴대폰가격이 달라지는 시스템이라 굳히 비싼 요금제 주며 공짜폰 사용하기 보단 자급제폰구입해서 알뜰유심개통 해서 초등학생이 사용하기에는 딱일 듯합니다 쿼드 카메라에 대용량 배터리까지 딸애가 엄청 좋아라 하네요 어떤 기능이 있다는 것보단 새 폰자체라 더 좋아라 하네요 효도폰으로도 권해드려도 괜찮을 듯 합니다요즘처럼 경제 힘들때 자급제폰이 딱입니다,https://search.shopping.naver.com/catalog/22793289433?NaPm=ct%3Dkn9vb9m0%7Cci%3Df76c18c1dec7d05cd13eea1e56bbdf31ddaa2a0c%7Ctr%3Dslsl%7Csn%3D95694%7Chk%3D46374ec15fba971cb700e6cec8536ce153df4142
0,187,X스크린,X Screen,5,삼성인증파트너 쇼마젠시,mjsi****,20.12.12.,"일단 주문한지 하루만에 배송이 빨리 와서 너무 좋았구요 제품 상태도 결함없이 잘 도착해서 좋았어요 ! 사진찍어보니 화질도 너무 좋고, 무엇보다 배터리 양이 많아서 가장 좋았어요 !","일단 주문한지 하루만에 배송이 빨리 와서 너무 좋았구요 제품 상태도 결함없이 잘 도착해서 좋았어요 ! 사진찍어보니 화질도 너무 좋고, 무엇보다 배터리 양이 많아서 가장 좋았어요 !! 앞으로도 휴대폰 살 일 있으면 여기서 살거 같아요 !!!!!!!!!  수능 치고나서 폰 바꿨는데 성공적으로 바꿨다는 생각이 드네요 ㅎㅎ",https://search.shopping.naver.com/catalog/22793289433?NaPm=ct%3Dkn9vb9m0%7Cci%3Df76c18c1dec7d05cd13eea1e56bbdf31ddaa2a0c%7Ctr%3Dslsl%7Csn%3D95694%7Chk%3D46374ec15fba971cb700e6cec8536ce153df4142
0,187,X스크린,X Screen,5,롯데ON,k*m*****,21.04.04.,배송도 주문하자마자 당일 출고되어 빠,배송도 주문하자마자 당일 출고되어 빠르게 받았고 폰도 너무 좋네요. 보급형 모델은 처음 써보는데 써보니 아주 만족스럽습니다! 요금제가 비싼 5G모델로 바꾸기 부담스러웠는데 유심만 갈아끼고 기존 요금제 사용할 수있어 좋아요~,https://search.shopping.naver.com/catalog/22793289433?NaPm=ct%3Dkn9vb9m0%7Cci%3Df76c18c1dec7d05cd13eea1e56bbdf31ddaa2a0c%7Ctr%3Dslsl%7Csn%3D95694%7Chk%3D46374ec15fba971cb700e6cec8536ce153df4142
0,187,X스크린,X Screen,5,인터파크,d*r*****,21.02.04.,자급제폰 삼성 갤럭시 A31 (SM-A315N),"최소 4GB, 저장공간 64GB 이상 제품을 찾다가 이 제품이 가격도 괜찮고 성능도 나쁘지 않을 것 같아 구매했는데 제품에 만족합니다. 내용물은 젤리케이스, 설명서, 유심핀, 이어폰, 아답터, USB-C케이블 등이 들어있습니다. 유심끼고 한번에 통신사 망에 접속이 안 되어서 한번 재부팅하니 아주 잘 됩니다.",https://search.shopping.naver.com/catalog/22793289433?NaPm=ct%3Dkn9vb9m0%7Cci%3Df76c18c1dec7d05cd13eea1e56bbdf31ddaa2a0c%7Ctr%3Dslsl%7Csn%3D95694%7Chk%3D46374ec15fba971cb700e6cec8536ce153df4142
0,187,X스크린,X Screen,5,인터파크,j*s*****,21.01.27.,갤럭시 a31은 인터파크에서,"아빠 자급제폰 알아보니 갤럭시 a31이 가격도 무난, 사양도 무난해서 여러 사이트를 알아봤어요. 인터파크가 국민카드 할인에 갤럭시 할인까지 들어가서 제일 싸더군요. 색도 4가지 다 있어서 고민하다 블루로 주문했고 받아보니 화면도 크고 너무 이쁘네요. 정말 가격대비 핸폰 너무 잘 나왔네요! 부모님용으로 딱이네요!",https://search.shopping.naver.com/catalog/22793289433?NaPm=ct%3Dkn9vb9m0%7Cci%3Df76c18c1dec7d05cd13eea1e56bbdf31ddaa2a0c%7Ctr%3Dslsl%7Csn%3D95694%7Chk%3D46374ec15fba971cb700e6cec8536ce153df4142
0,187,X스크린,X Screen,1,컴퓨존,stgo****,20.09.06.,1. 수량 보유 당일 발송이라고 제목 적어놨으나 본문 하간 구석에 발송에 2~3일 걸릴수도 있다고함 제목에 당이루방송 써놔서 1차로 빡쳤지만 여기 까진 이해가능 - 8. 20 목요,"1. 수량 보유 당일 발송이라고 제목 적어놨으나 본문 하간 구석에 발송에 2~3일 걸릴수도 있다고함 제목에 당이루방송 써놔서 1차로 빡쳤지만 여기 까진 이해가능 - 8. 20 목요일 2. 구매는 오전 11시경 이뤄졌고 그날 저녁 송장번호 담긴 발송 메일 받음 8 20 목3. 근데 다음날 발송라고 cs 톡톡옴 8.21 금요일4. 막상 다음날 되니 업무종료 5분전 17시 55분에 수량없어서 그 다음날 발송된다고 함. (즉 24일 월요일에 발송)5. 화나서 바로 cs 전화함. 담당자 주문자명 및 스토어 확인해놓고 전화준다고 하고 상담 종료6. 21일 금요일 18시 30분 넘도록 전화 안와서 다시전화하니 업무종료 멘트 나옴 🤦 7. 24일 월요일 오전중에도 아무런 전화 없음. 다시 대표전화로 전화하여 문의함.8. 1~7까지 이야기 다시하고 왜 5번 담당자는 전화를 안주는건지, 1번에 제목은 저렇게 적었는지 문의9.  8에서 전화한 담당자에게 퀵요청하여 당일에 퀵받음. 그러나 아직도 왜 5번이 담당자가 이렇는지, 전화 설멍해준다고 했으나 2주가까이된 지금도 연락 없음 요즘에도 이렇게 응대하는 회사가 있는지, 규모에 비해 cs가 매우 형편 없음왠만하면 다른곳에서 구매하길 권유급하게 자급제폰 알아보다다 혈압으로 쓰러질뻔네이버네서 스샷은 상품평에 못남기게하여 못남기는게 한여튼 저는 제 돈주고 제 물건 산거니 최선을 다해 상품평 공유하겠음",https://search.shopping.naver.com/catalog/22793289433?NaPm=ct%3Dkn9vb9m0%7Cci%3Df76c18c1dec7d05cd13eea1e56bbdf31ddaa2a0c%7Ctr%3Dslsl%7Csn%3D95694%7Chk%3D46374ec15fba971cb700e6cec8536ce153df4142
0,187,X스크린,X Screen,5,G마켓,e*e*****,21.03.12.,우체국 택배가 아닌 한진택배라서,"좀 불안했는데 폰이 잘 작동하네요. 1주일 전 티플러스 알뜰폰에 신규가입해서 받은 유심을  보유하고 있던 공기계 3G 피처폰에 장착했는데 폰이 먹통이 되어서 새 폰을 찾던 중 갤럭시 A31을 알게 됐어요. 유심을 이 폰에 끼워넣으니, 안 되던 개통이 잘 됐네요.  알고보니 부모님께서 쓰시는 폰과 같은 기종이고 삼성 스마트폰 중 판매율이 높아서  망설임 없이 선택함.  2021년 1월 제조",https://search.shopping.naver.com/catalog/22793289433?NaPm=ct%3Dkn9vb9m0%7Cci%3Df76c18c1dec7d05cd13eea1e56bbdf31ddaa2a0c%7Ctr%3Dslsl%7Csn%3D95694%7Chk%3D46374ec15fba971cb700e6cec8536ce153df4142
0,187,X스크린,X Screen,5,롯데마트,b*b*****,20.11.27.,삼성폰을 좋아하는 저로써는 애들꺼 까,"삼성폰을 좋아하는 저로써는 애들꺼 까지도 삼성폰으로 구입해줍니다... 이전에 쓰던 lg꺼였는데애들도 삼성폰이 좋아서 삼성폰으로다가 결정~내년에 큰 딸아이가 중학생이 되는 기념으로다가 선물겸 사뒀네요~ 뜯어보지도 않고 구매확정 먼저합니다...언박싱은 딸래미가 직접하게 하려고 저는 참도록 합니다. ㅋㅋㅋ올해 이번달에 제조한 제품이고 개봉한 흔적도 없이 안전하게 포장되어 왔네요~  가격도 저렴하게 잘 산듯하네요~  가개통품의 유혹에 잠깐정신이 나갔다가 그냥 전 새상품으로다가 구입했습니다~제가 갤럭시A50을 쓰고 있는데 저보다 더 좋아보이네요~저희 가족은 갤럭시A50, A30, A31을 사용합니다~~",https://search.shopping.naver.com/catalog/22793289433?NaPm=ct%3Dkn9vb9m0%7Cci%3Df76c18c1dec7d05cd13eea1e56bbdf31ddaa2a0c%7Ctr%3Dslsl%7Csn%3D95694%7Chk%3D46374ec15fba971cb700e6cec8536ce153df4142
0,187,X스크린,X Screen,5,위메프,tnw*****,20.07.31.,위메프데이때 343000원정도 주고 구매했어요~!,위메프데이때 343000원정도 주고 구매했어요~!그 이후에 가격 조금 더 할인하는듯해서 맘아팠지만ㅠ 사용하던 폰 상태가 안좋아서 빨리 구매했어요! 색상도 블랙밖에 안남아서 블랙구매했는데 무난하니 좋네요. 배송도 빠르고 포장도 잘해주셔서 파손없이 잘 받았구요. 누가 뜯어본 흔적이 있다던지.. 그런거 하나도 없어서 좋았어요!  kt알뜰폰 통신사 칩 끼워서 사용하고있는데 작동잘돼서 좋아요! 쿼드코어카메라가 탑재돼있어서 구매했는데 사용하면서 큰 메리트를 느끼진 못했구요~ 개인적으론 카메라보다도 화면이 길고 큰게 더 좋은 것 같네요. 이어폰 연결하는 부분이랑 충전하는 부분이 따로 있어서 좋구요~ 같이 온 충전기가 정품이라 그런가 충전 진짜 빨리돼서 좋아요! 배터리도 하루는 거뜬하게 버텨줘서 넘 좋구요. 투명 젤리 케이스도 같이와서 좋네요!,https://search.shopping.naver.com/catalog/22793289433?NaPm=ct%3Dkn9vb9m0%7Cci%3Df76c18c1dec7d05cd13eea1e56bbdf31ddaa2a0c%7Ctr%3Dslsl%7Csn%3D95694%7Chk%3D46374ec15fba971cb700e6cec8536ce153df4142
0,187,X스크린,X Screen,5,삼성모바일파트너 코잇,jini****,20.07.14.,약정이 끝난 딸래미의 프라임온7  폰을 알뜰유심으로 바꾼지 2달쯤 유통기한 넘긴 휴대폰이 숨을 거드면서 메이져통신사로 가려니 요금제며 기기값도 만만치않아  쓰던 알뜰유심으로 가고 ,약정이 끝난 딸래미의 프라임온7  폰을 알뜰유심으로 바꾼지 2달쯤 유통기한 넘긴 휴대폰이 숨을 거드면서 메이져통신사로 가려니 요금제며 기기값도 만만치않아  쓰던 알뜰유심으로 가고 때마침 새로나온 A31저가형 보급되어 초등생이나 효도폰으로 쓰기에는 괜찮을듯 합니다 딸래미도 좋아라합니다 ㅡㅡ 근데 폰을 바꿔지는 데이터에 욕심을 가지네요  암튼 엄지척입니다,https://search.shopping.naver.com/catalog/22793289433?NaPm=ct%3Dkn9vb9m0%7Cci%3Df76c18c1dec7d05cd13eea1e56bbdf31ddaa2a0c%7Ctr%3Dslsl%7Csn%3D95694%7Chk%3D46374ec15fba971cb700e6cec8536ce153df4142
0,187,X스크린,X Screen,5,롯데ON,s*d*****,21.03.16.,제가 A31을 LG유플러스전용을 구매,제가 A31을 LG유플러스전용을 구매하고 남편 SKT 전용 것을 구매했어요.예상했던 시간보다 더 빨리 배송되서 감사하고필요한 것들 젤리케이스까지 여분으로 하나 더 주셔서 감사합니다유심 칩 갈수 있게 편하게 핀까지 별도로 주시고저렴하게 잘 샀습니다.,https://search.shopping.naver.com/catalog/22793289433?NaPm=ct%3Dkn9vb9m0%7Cci%3Df76c18c1dec7d05cd13eea1e56bbdf31ddaa2a0c%7Ctr%3Dslsl%7Csn%3D95694%7Chk%3D46374ec15fba971cb700e6cec8536ce153df4142
0,187,X스크린,X Screen,5,삼성모바일파트너 코잇,rlaw****,20.05.18.,일단 빠른배송 맘에듭니다~^^ 물건도 너무 이쁘고 좋아요  할아버지 스마트폰이 너무 오래되서 이리저리 검색하다가 이번에 삼성에서나온 A-31 이가격에 이스펙이면 훌륭하다고 생각됩니,일단 빠른배송 맘에듭니다~^^ 물건도 너무 이쁘고 좋아요  할아버지 스마트폰이 너무 오래되서 이리저리 검색하다가 이번에 삼성에서나온 A-31 이가격에 이스펙이면 훌륭하다고 생각됩니다 자급제폰스펙이 너무 좋게나와서 구매후에 바꿔 드렸는데 색상도 너무예쁘시다고 만족하시고  스마트폰도 터치한번하면 바로바로화면 넘어간다고빠르고 카메라사진찍는거좋아 하시는데 카메라 화소도좋고 하다고 너무 좋아 하시네요  할아버지가 좋아하셔서 기분좋습니다 ㅎ,https://search.shopping.naver.com/catalog/22793289433?NaPm=ct%3Dkn9vb9m0%7Cci%3Df76c18c1dec7d05cd13eea1e56bbdf31ddaa2a0c%7Ctr%3Dslsl%7Csn%3D95694%7Chk%3D46374ec15fba971cb700e6cec8536ce153df4142
0,187,X스크린,X Screen,5,인터파크,s*s*****,21.01.27.,크고 좋네요..,"용량이 부족하단 문구땜시..전원도 여러번 꺼지고  새로 장만했어요..쿠폰에 카드할인 받고 잘 산것 같아요. 빠른 배송 감사합니당.. 기존 쓰던거에 비하면 화면도 크고 좋아요.. 유심카드 반복해서 끼우니 통화도 잘 되고, 자료도 잘 옮겼어요..시간은 좀 걸렸지만.. 오늘 동네 대리점갔더니 확정기변은되는데 보험은 큰대리점으로 가라해서 그냥 왔어요.. 보험을 꼭 가입해야 하나요?..고민중이네요..",https://search.shopping.naver.com/catalog/22793289433?NaPm=ct%3Dkn9vb9m0%7Cci%3Df76c18c1dec7d05cd13eea1e56bbdf31ddaa2a0c%7Ctr%3Dslsl%7Csn%3D95694%7Chk%3D46374ec15fba971cb700e6cec8536ce153df4142
0,187,X스크린,X Screen,5,롯데ON,m*l*****,21.03.28.,별도로 통신사를 쓰지 않아서 KT용으,별도로 통신사를 쓰지 않아서 KT용으로 받았습니다. 알뜰통신사로 번호이동 하는 과정에선 다른 자급제 폰에 새 유심넣고 개통한 후에 A31에 유심을 옮기니 잘 작동되었습니다. 궁금한 점은 .. 시간이 얼마나 흘러야 확정기변 신청을 할 수 있게 되는건지. 아니면 이 기기는 영원히 확정기변 못하는건지 궁금하네요.,https://search.shopping.naver.com/catalog/22793289433?NaPm=ct%3Dkn9vb9m0%7Cci%3Df76c18c1dec7d05cd13eea1e56bbdf31ddaa2a0c%7Ctr%3Dslsl%7Csn%3D95694%7Chk%3D46374ec15fba971cb700e6cec8536ce153df4142
0,187,X스크린,X Screen,5,하이마트쇼핑몰,f*i*****,20.08.17.,아버지 폰 바꿔드리려고 알아보다,아버지 폰 바꿔드리려고 알아보다가 할인을 덜 받더라도 개통등이 편한게 좋겠다 싶어 자급제로 구입했는데 자급제 정말 편하고 좋네요. 설명대로 유심만 바꿔끼우니 바로 사용가능한게 편합니다. 필수적인 기능만 사용하셔서 사양도 딱이고 화면도 크고 맘에 들어하시네요. 어르신들 스마트폰이나 서브폰 사용하실분들에게 추천드리며 자급제폰 좋습니다,https://search.shopping.naver.com/catalog/22793289433?NaPm=ct%3Dkn9vb9m0%7Cci%3Df76c18c1dec7d05cd13eea1e56bbdf31ddaa2a0c%7Ctr%3Dslsl%7Csn%3D95694%7Chk%3D46374ec15fba971cb700e6cec8536ce153df4142
0,187,X스크린,X Screen,5,삼성모바일파트너 코잇,sdb1****,20.05.27.,배송은 빨랐고 경비실에 맞겨 주셔서 안전하게 받았습니다.장점은 가격이고요. 부모님 사용하시는데 다 좋아하시네요. 걱정했던 사진/ 속도는 잘 나와요. 부모님 요구사항이 삼성이랑 긴 ,"배송은 빨랐고 경비실에 맞겨 주셔서 안전하게 받았습니다.장점은 가격이고요. 부모님 사용하시는데 다 좋아하시네요. 걱정했던 사진/ 속도는 잘 나와요. 부모님 요구사항이 삼성이랑 긴 베터리, 삼성페이 였거든요.생각보다 만족은 사진입니다. 잘 나오더라구요. 그전에 s7인가 였는데 더 좋은 느낌입니다.단점은 역시 케이스 종류가 적다는 건데 하나 넣어줘서 거기에 사용해요. 아. 생각보다 크긴해요.",https://search.shopping.naver.com/catalog/22793289433?NaPm=ct%3Dkn9vb9m0%7Cci%3Df76c18c1dec7d05cd13eea1e56bbdf31ddaa2a0c%7Ctr%3Dslsl%7Csn%3D95694%7Chk%3D46374ec15fba971cb700e6cec8536ce153df4142
0,187,X스크린,X Screen,5,삼성모바일파트너 코잇,rule****,20.10.09.,자급제 폰 정말 좋아요가개통 폰은 말만 미사용이지 이미 뜯은 것은 중고나 다름 없는 걸 30000원 정도 싸게 팔면서실적 올리려고 개통한 폰을 미사용 이라고 말하면서 파는게 좀 그,자급제 폰 정말 좋아요가개통 폰은 말만 미사용이지 이미 뜯은 것은 중고나 다름 없는 걸 30000원 정도 싸게 팔면서실적 올리려고 개통한 폰을 미사용 이라고 말하면서 파는게 좀 그렇더라구요 그냥 돈 더 주고 자급제 사는게 속 편하내요 가성비 좋고 오래 쓰겠습니다 ^^,https://search.shopping.naver.com/catalog/22793289433?NaPm=ct%3Dkn9vb9m0%7Cci%3Df76c18c1dec7d05cd13eea1e56bbdf31ddaa2a0c%7Ctr%3Dslsl%7Csn%3D95694%7Chk%3D46374ec15fba971cb700e6cec8536ce153df4142
0,187,X스크린,X Screen,5,위메프,soh*****,20.11.20.,5G 상품이지만 자급제폰이라 쓰던 유심 그대로 꽂아서 쓰던 요금제로 이용 할 수 있어서 좋아요.,"5G 상품이지만 자급제폰이라 쓰던 유심 그대로 꽂아서 쓰던 요금제로 이용 할 수 있어서 좋아요.(혹시 신호를 못잡으면 비행기 모드 켰다 꺼보세용)취급주의 테이프로 안전하게 배송되었구요.6.5인치로 화면이 큰만큼 189g 무게지만 비슷한 사이즈의 다른 폰들과 큰 차이 없고 손에 잡히는 그립감이 좋았어요.베젤이 두껍다는 평이 있던데 노치 없이 디스플레이가 탁 트여서 큰 불편 없이 사용할 것 같아요!!초광각, 광각, 망원의 트리플 카메라는 테스트 해봤는데 화질과 기능 모두 만족스러웠어요. 퀄리티 높은 사진을 찍을 수 있어요. 뒷판이 플라스틱이고 무광 재질인데 빛을 받으면 홀로그램처럼 보라빛이 돌아서 예쁘구요. 플라스틱이라 가볍고 as비용도 비교적 저렴하지 않을까 생각해요.충전기, 이어폰, 분리핀 + 부착돼서 나온 필름, 젤리 케이스가 기본 구성이고이어폰 단자는 따로 없어서 c타입 이어폰이나 블루투스 이어폰 사용해야해요.스마트 스위치로 기존에 쓰던 어플, 메시지, 사진 등 기본적인 것은 모두 옮기니 편하네요.s시리즈 이름을 달고 나온만큼 완성도 있고 충분히 만족스러운 폰이에요. 배터리 용량도 크고 반응도 빨라서 좋아요:)",https://search.shopping.naver.com/catalog/24367934522?NaPm=ct%3Dkn9vbb5k%7Cci%3D8e018ab16eb42d27d904c215670ea2940e8cce5c%7Ctr%3Dslsl%7Csn%3D95694%7Chk%3D0e925b50d1e6cf68b1ac458c89d18e7bb288aead
0,187,X스크린,X Screen,5,롯데ON,t*o*****,21.03.31.,배송서비스도 빠르고 상품포장도 안전하,배송서비스도 빠르고 상품포장도 안전하게 잘 포장되어 배송됐어요. 할인쿠폰 적용하여 타사이트에비해 좀 저렴하게 자급제폰을 구매했어요. 갤럭시 S6 휴대폰 사용하다가 갤럭시 S20 FE 5G 자급제폰으로 갈아탔는데 날라가는 기분이네요. 넘 넘 좋아요. 잘 사용할께요. 모든 롯데ON 회원분들께 (주)케이원정보에서 갤럭시 S20 FE 5G 자급제폰 구매를 강력추합니다.,https://search.shopping.naver.com/catalog/24367934522?NaPm=ct%3Dkn9vbb5k%7Cci%3D8e018ab16eb42d27d904c215670ea2940e8cce5c%7Ctr%3Dslsl%7Csn%3D95694%7Chk%3D0e925b50d1e6cf68b1ac458c89d18e7bb288aead
0,187,X스크린,X Screen,5,하이마트쇼핑몰,d*a*****,21.03.25.,부모님 효도폰으로 사 드렸습니다,부모님 효도폰으로 사 드렸습니다만족 하시네요아들은 시진핑노트 7 프로 쓰는뎅..아참 박스열었더니 톱밥같은게ㅡ나와서 놀라긴 했는데개통이력도 없었고 새폰 맞았어요근데 살때 79만원 주고 샀는데 지금 왜 69만원이에요?억울하다...내 10만원..돌리도,https://search.shopping.naver.com/catalog/24367934522?NaPm=ct%3Dkn9vbb5k%7Cci%3D8e018ab16eb42d27d904c215670ea2940e8cce5c%7Ctr%3Dslsl%7Csn%3D95694%7Chk%3D0e925b50d1e6cf68b1ac458c89d18e7bb288aead
0,187,X스크린,X Screen,5,롯데ON,h*u*****,21.04.01.,이것저것 구매 전에 문의드렸는데 판매,"이것저것 구매 전에 문의드렸는데 판매자분께서 정말 친절하게 답변 주시고, 배송도 꼼꼼하게 파손된 곳 없이 다음날 왔어요! 핸드폰도 미개봉 정품 맞고, 부모님께서 정말 좋아하셨습니다^^ 사은품도 설명에 나와있는 것들 모두 챙겨주셨어요ㅎㅎ감사합니다! 화이트랑 네이비 넘 예쁨!!!",https://search.shopping.naver.com/catalog/24367934522?NaPm=ct%3Dkn9vbb5k%7Cci%3D8e018ab16eb42d27d904c215670ea2940e8cce5c%7Ctr%3Dslsl%7Csn%3D95694%7Chk%3D0e925b50d1e6cf68b1ac458c89d18e7bb288aead
0,187,X스크린,X Screen,5,롯데ON,l*t*****,21.03.31.,어떤 휴대폰 모델을 선택할까 고민하다,어떤 휴대폰 모델을 선택할까 고민하다 결국에는 갤럭시 S20 FE 5G 자급제폰을 선택하여 구매했어요. 할인쿠폰 적용하여 좋은가격에 자급제폰을 구매했어요. 갤럭시 S7 휴대폰 사용하다가 갤럭시 S20 FE 5G 자급제폰으로 갈아탔는데 여러모로 상당히 좋네요. 지금도 자급제폰 구매를 망설이는 회원들께 갤럭시 S20 FE 5G 자급제폰을 강추합니다.,https://search.shopping.naver.com/catalog/24367934522?NaPm=ct%3Dkn9vbb5k%7Cci%3D8e018ab16eb42d27d904c215670ea2940e8cce5c%7Ctr%3Dslsl%7Csn%3D95694%7Chk%3D0e925b50d1e6cf68b1ac458c89d18e7bb288aead
0,187,X스크린,X Screen,4,하이마트쇼핑몰,m*s*****,21.01.17.,부모님 폰으로 구입했습니다. S21 ,"부모님 폰으로 구입했습니다. S21 발매를 기다릴까 하다가 그냥 구입했는데, 이번에 S21사전발매가 워낙 조건이 좋게 나와서 솔직히 좀 후회되더라고요. 사은품 등을 고려하면 가격 차이가 생각 보다 크지는 않기 때문에 기왕이면 최신폰으로 사는게 나을 수도 있습니다.겉보기 스펙에 비해 원가 절감을 위해 희생된 부분들이 꽤 있습니다.플래그쉽 같지만 플래그쉽이 아닌 그 무언가...하지만 그런 면을 차치하더라도 부모님이 쓰시기에는 뭐 차고도 넘치는 스펙이구요.실제로 아주 만족하시며 사용중 이십니다.특히 120hz의 디스플레이는 기계를 잘 모르시는 부모님조차 뭔가 부드럽고 잘 움직인다고 느끼시더군요.체감효과 짱입니다.21S만 아니었으면 별5개 줬을텐데 ^^;",https://search.shopping.naver.com/catalog/24367934522?NaPm=ct%3Dkn9vbb5k%7Cci%3D8e018ab16eb42d27d904c215670ea2940e8cce5c%7Ctr%3Dslsl%7Csn%3D95694%7Chk%3D0e925b50d1e6cf68b1ac458c89d18e7bb288aead
0,187,X스크린,X Screen,5,하이마트쇼핑몰,s*n*****,21.02.26.,"우선 빠른 배송 감사합니다
상품",우선 빠른 배송 감사합니다상품도 하자없는 좋은 물건이 왔네요 중학교 입학선물로 계속보다 s20이 적합 할것같아 자급제 폰으로 했네요요금 그대로 2만5천원으로 할수 있는게 자급제 폰 밖에 없더라구요 전 기계치라 대리점 가져가서 칩 바꾸고 정보도 다 옮겼어요 친절히 잘해 주시더라고요 ㅎ하이마트에서 믿고 구매할수 있어서 너무 좋아요,https://search.shopping.naver.com/catalog/24367934522?NaPm=ct%3Dkn9vbb5k%7Cci%3D8e018ab16eb42d27d904c215670ea2940e8cce5c%7Ctr%3Dslsl%7Csn%3D95694%7Chk%3D0e925b50d1e6cf68b1ac458c89d18e7bb288aead
0,187,X스크린,X Screen,5,삼성닷컴,이*우*****,21.01.15.,최근 스마트폰이 추가로 필요하여 구매 계획을 하게 됩니다~다양한 최신 전...,"최근 스마트폰이 추가로 필요하여 구매 계획을 하게 됩니다~
다양한 최신 전자제품을 사용하는 편이라 이번에도 타사 제품과 고민은 하였지만..
 그래도 폰은 역시 너도쓰고 나도쓰며 온가족이 사용하여 검증된 신뢰성 높은 갤럭시S 고고~
그래서 이번엔 처음으로 삼성닷컴에서 자급제폰을 주문해 보았는데..
 폰 하나도 삼성전자 본사 직원분이 직접 방문 전달해 주시더라고요~
일정도 잡아주시고 시간도 맞춰서 오시는 정성에 정말 감사했습니다^^
제가 폰 전달 받는거 보더니 초딩 아들녀석도 이번엔 나온 S21 직접받아보고싶다네요~~
 공인된 제품 퀄리티에 +  
 세심한 배려 서비스에 ++ 

p.s 아이x은 온라인주문하면 일반택배로..떨렁..주고갑니다..ㅎㅎ;;
 ",https://search.shopping.naver.com/catalog/24367934522?NaPm=ct%3Dkn9vbb5k%7Cci%3D8e018ab16eb42d27d904c215670ea2940e8cce5c%7Ctr%3Dslsl%7Csn%3D95694%7Chk%3D0e925b50d1e6cf68b1ac458c89d18e7bb288aead
0,187,X스크린,X Screen,5,주식회사 리플레이,buzz****,21.03.12.,안내된대로 몇시까지 구매하면 당일배송 되는건 아니네요. 안내된거 수정해야하지 않을까요...?당일배송이라해서 26일 주문 27일 받을 수 있을까 했는데 3월 2일 송장만 뽑고 3일에,안내된대로 몇시까지 구매하면 당일배송 되는건 아니네요. 안내된거 수정해야하지 않을까요...?당일배송이라해서 26일 주문 27일 받을 수 있을까 했는데 3월 2일 송장만 뽑고 3일에 발송해주셔서 4일에야 받았어요 연휴껴서 어쩔 수 없었지만 안내된 내용이 있으니 기분이 좋지는 않았습니다. 상품은 잘 받아서 쓰고 있어요 동생이 아주아주 만족해해요,https://search.shopping.naver.com/catalog/24367934522?NaPm=ct%3Dkn9vbb5k%7Cci%3D8e018ab16eb42d27d904c215670ea2940e8cce5c%7Ctr%3Dslsl%7Csn%3D95694%7Chk%3D0e925b50d1e6cf68b1ac458c89d18e7bb288aead
0,187,X스크린,X Screen,5,하이마트쇼핑몰,x*d*****,21.03.06.,카드 청구할인까지 하니까 인터넷,"카드 청구할인까지 하니까 인터넷 최저가랑 크게 차이가 없어 믿을만한 하이마트에서 구매했습니다. 여러가지 요금할인 등을 고민하다보니 자급제가 정답이네요. 쓰던 유심 꽂아서 부팅하니 바로 인식되며 문자가 오네요. 배송 하루만에 왔으며, 중학생 아들이 너무 좋아하네요. 적극 추천합니다.",https://search.shopping.naver.com/catalog/24367934522?NaPm=ct%3Dkn9vbb5k%7Cci%3D8e018ab16eb42d27d904c215670ea2940e8cce5c%7Ctr%3Dslsl%7Csn%3D95694%7Chk%3D0e925b50d1e6cf68b1ac458c89d18e7bb288aead
0,187,X스크린,X Screen,5,11번가,hi******,21.01.24.,최고예요,"장인어른 휴대폰이 갤럭시 A3 였었는데... 너무 느려지셔서 이번 기회에 s20fe로 바꿔드리려고 생각하고 찾던 중에 다행히 좋은 상품을 저렴하게 구하게 되었네요.. 장인어른도 무척 좋아하시고 마음에 드시네요.다만 사은품이 없는 것이 좀 아쉬웠지만 성능, 작동상태, 외형 등 이상 없이 작동되어 마음이 놓입니다. 많이 파세요!!",https://search.shopping.naver.com/catalog/24367934522?NaPm=ct%3Dkn9vbb5k%7Cci%3D8e018ab16eb42d27d904c215670ea2940e8cce5c%7Ctr%3Dslsl%7Csn%3D95694%7Chk%3D0e925b50d1e6cf68b1ac458c89d18e7bb288aead
0,187,X스크린,X Screen,5,하이마트쇼핑몰,p*t*****,20.10.30.,큰맘 먹고 중학교 입학 예정인 막,"큰맘 먹고 중학교 입학 예정인 막내 아이 폰으로 구매했습니다.아이가 너무 좋아하네요.충전기, 이어폰은 물론이고 보호필름도 붙여있고 젤리케이스도 함께 포함되어 있어, 악세사리 따로 구매할 필요 없이 바로 사용가능게 구성되어 만족감이 배가되었습니다.",https://search.shopping.naver.com/catalog/24367934522?NaPm=ct%3Dkn9vbb5k%7Cci%3D8e018ab16eb42d27d904c215670ea2940e8cce5c%7Ctr%3Dslsl%7Csn%3D95694%7Chk%3D0e925b50d1e6cf68b1ac458c89d18e7bb288aead
0,187,X스크린,X Screen,5,롯데홈쇼핑,haw*****,20.10.26.,최신 휴대폰을 아버지 효도선물로 구매하였습니다. 배...,"최신 휴대폰을 아버지 효도선물로 구매하였습니다. 배송이 택배업체가 아니어서 받을 때에 적잖히 당황했지만 받는데에는 큰 문제는 없었습니다. 단지 배송이 2일씩이나 걸리고 배송 진행을 알 수 없는건 아쉽네요.제품은 나름 마음에 듭니다. 스냅드래고 865를 탑재되어 속도는 빠르지만 램이 6GB는 좀 아쉽네요. 제품에 액정필름이 부착되어 있어서 필름 값은 절약할 수 있습니다. AKG이어폰이라지만 이어팁이 굴비 묶듯이 꼽혀있는 것도 그렇고, 충전기도 25W가 아닌 15W제품이 동봉된건 아쉽네요. 그래도 본체가 가격 대비해서 나름 괜찮은 선택이 아닐까 싶습니다.",https://search.shopping.naver.com/catalog/24367934522?NaPm=ct%3Dkn9vbb5k%7Cci%3D8e018ab16eb42d27d904c215670ea2940e8cce5c%7Ctr%3Dslsl%7Csn%3D95694%7Chk%3D0e925b50d1e6cf68b1ac458c89d18e7bb288aead
0,187,X스크린,X Screen,5,옥션,u*e*****,21.01.13.,4년 쓰던 갤럭시S6에서 벗어나 드디어 새 폰을 쓰게 ...,4년 쓰던 갤럭시S6에서 벗어나 드디어 새 폰을 쓰게 되는군요. 색이 푸른 색을 띄면서 별로 불편함이 없겠다 싶습니다. 다만 기본 투명케이스 기준으로 케이스가 빼내기 어렵고 소프트웨어 업데이트를 안 하면 터치가 가끔 엇나가는 걸 감안하고 쓰셔야 합니다.,https://search.shopping.naver.com/catalog/24367934522?NaPm=ct%3Dkn9vbb5k%7Cci%3D8e018ab16eb42d27d904c215670ea2940e8cce5c%7Ctr%3Dslsl%7Csn%3D95694%7Chk%3D0e925b50d1e6cf68b1ac458c89d18e7bb288aead
0,187,X스크린,X Screen,5,하이마트쇼핑몰,n*o*****,21.01.17.,그동안 지켜보왔던 제품이였는데 ,그동안 지켜보왔던 제품이였는데 카드할인이 사은품 타 사이트보다 10만원정도 저렴히 구매하였습니다아버님 폰으로 구매하였는데 역시 삼성폰은 자료 앱 옮기기가 쉬워요 ^^어머님폰도 바꿔드려야 하는데 목 ~~~빠지게 기다리는중 ㅋ,https://search.shopping.naver.com/catalog/24367934522?NaPm=ct%3Dkn9vbb5k%7Cci%3D8e018ab16eb42d27d904c215670ea2940e8cce5c%7Ctr%3Dslsl%7Csn%3D95694%7Chk%3D0e925b50d1e6cf68b1ac458c89d18e7bb288aead
0,187,X스크린,X Screen,1,삼성닷컴,박*홍*****,21.01.05.,1월2일 결제를 했는데 1월4일 2근무일이 지나도록 제품배송 단계로 안...,"1월2일 결제를 했는데 1월4일 2근무일이 지나도록 제품배송 단계로 안넘어가서 고객센터 전화했더니 전화연결도 어렵고 한참 기다리다 겨우 전화연결 해서 물어보니 알아보고 연락준다고 해서 기다리는데 연락을 안해주네요, 기다리다 답답해서 다시 연락해보니 그때서야 재고가 없어서 2~3일 기다려야 한다고 하고 그것도 확실하지가 않아서 언제까지 기다려야 하는지 답변 못해준다고 하는데, 돈만 받고 제품 안주는 행태가 삼성전자의 서비스 정신 맞나요? 동네 구멍가게도 물건 확보하고 판매할텐데요 참실망스럽습니다",https://search.shopping.naver.com/catalog/24367934522?NaPm=ct%3Dkn9vbb5k%7Cci%3D8e018ab16eb42d27d904c215670ea2940e8cce5c%7Ctr%3Dslsl%7Csn%3D95694%7Chk%3D0e925b50d1e6cf68b1ac458c89d18e7bb288aead
0,187,X스크린,X Screen,5,하이마트쇼핑몰,k*k*****,20.11.13.,벼르고오랜고민과함께구매후이틀,벼르고오랜고민과함께구매후이틀만에왔습니다.배송도착이란문자를받는과동시에기대감을안고기다리고있었습니다.몇시간후갑자기던진듯한큰쿵소리가나더군요혹시나해서바로현관문을열고보니역시나더군요.파손걱정과물건상태를확인해야했습니다.롯데택배문제있는거갔습니다.요새비대면이던지파업등택배직원분들힘드셔서이해할려고했습니다.하지만주의는주셔야겠습니다.상품개시는안했지만휴대폰같이약한제품문제생기면어떻하려는건지..답답한맘에적어봅니다.,https://search.shopping.naver.com/catalog/24367934522?NaPm=ct%3Dkn9vbb5k%7Cci%3D8e018ab16eb42d27d904c215670ea2940e8cce5c%7Ctr%3Dslsl%7Csn%3D95694%7Chk%3D0e925b50d1e6cf68b1ac458c89d18e7bb288aead
0,187,X스크린,X Screen,4,하이마트쇼핑몰,w*g*****,20.12.23.,기본할인+청구할인 포함하여 저렴,"기본할인+청구할인 포함하여 저렴하게 구입하여 가격은 만족합니다. 다만, 배송이 너무 느려 주문하고 받는데 까지 5일 걸렸네요... 의류전용TML 이란 곳에서만 4일을 머물러 있었던... (고객센터는 통화도 힘들고...) 제품은 만족합니다. 배송시간만 빼면 포장상태나 제품 상태 모두 만족합니다. 자급제라서 이것저것 지저분한 통신사 앱 없이 빠릿하게 잘 돌아가고 전반적으로 만족합니다. 배송시간이 옥에티긴 하지만 잘 받았기도 하고 제품도 썩 만족하니 괜찮네요. ",https://search.shopping.naver.com/catalog/24367934522?NaPm=ct%3Dkn9vbb5k%7Cci%3D8e018ab16eb42d27d904c215670ea2940e8cce5c%7Ctr%3Dslsl%7Csn%3D95694%7Chk%3D0e925b50d1e6cf68b1ac458c89d18e7bb288aead
0,187,X스크린,X Screen,5,하이마트쇼핑몰,l*e*****,20.12.18.,"재고가 부족할때 주문해서인지, ","재고가 부족할때 주문해서인지, 저의 경우는 일주일이상 기다렸다가 배송되었어요..네이비 색상도 좋고, 제품도 기대한 성능이라 좋네요..마침 제가 구매할때는 쿠폰에 카드할인도 좋아서 가격도 맘에들게 구매했어요..배송이나 포장은 하이마트답게 만족스럽습니다..",https://search.shopping.naver.com/catalog/24367934522?NaPm=ct%3Dkn9vbb5k%7Cci%3D8e018ab16eb42d27d904c215670ea2940e8cce5c%7Ctr%3Dslsl%7Csn%3D95694%7Chk%3D0e925b50d1e6cf68b1ac458c89d18e7bb288aead
0,187,X스크린,X Screen,5,11번가,14******,20.12.29.,최고예요,상품상태는 굿이다. 필름도 입혀주시고 젤커버도 씌워주셨다.다만 주문이후 상품의 가격변동이 되어 입고지연이 발생한 듯하다.  이후 운이 없게도 우체국에서도 실수를 해서 배송이 지연되어 워킹데이기준  6일. 휴일포함10일걸려 받았다.불편할때마다 이 회사 전화문의는 신속.친절하게 응대해주셔서 감사하고 고마웠다,https://search.shopping.naver.com/catalog/24367934522?NaPm=ct%3Dkn9vbb5k%7Cci%3D8e018ab16eb42d27d904c215670ea2940e8cce5c%7Ctr%3Dslsl%7Csn%3D95694%7Chk%3D0e925b50d1e6cf68b1ac458c89d18e7bb288aead
0,187,X스크린,X Screen,5,인터파크,n*j*****,20.12.18.,바송빠르고 최상이예요,"기존에 노트7 fe 로 알뜰요금제 lte사용하다가 폰이 늘어지고 용량이 부족해서 노트20 구매하게 되었어요. 자급제폰으오 계속 lte요금제 사용하니 좋구요, 유심도 그대로 써도 되어서 좋구 개봉된 폰이어서 조금은 걱정 했지만 상태 최상이고 앞면이 액정스티커 붙여짐 상태여서 걱정을 크게 할 필요가 없었네요. 다만 폰 자체 이어폰 방식이 익숙치 않아서 다른 이어폰과 호환이 안되는 부분은 아쉽네요, 그래도 좋은가격에 사서 만족합니다.",https://search.shopping.naver.com/catalog/23716087490?NaPm=ct%3Dkn9vbcp4%7Cci%3Dd72e617771d686f76c4f231da0d7920ac74cef96%7Ctr%3Dslsl%7Csn%3D95694%7Chk%3D000473d2f7b40d4c69a7ec21c748ae05f87d7e28
0,187,X스크린,X Screen,4,삼성닷컴,이*현*****,20.09.12.,갤럭시 노트20 5G 자급제,"8월말 접어들때 주문해서 하루만에 배송 받았어요~ 배터리, 성능 , 다 좋지만 s펜은 정말 짱이네요~~!!! 근데 자급제 폰이라 그런건지.. 가끔 전화가 안들어올때가 있어요..ㅠ 지인들이 알려주셨거든요.. 고객의 사정으로 없는번호라고..;; 이런적 단 한번도 없었는데 이번에 자급제 폰으로 바꾸고서 그러네요.. 글고 스마트 스위치로 연결해서 파일이동시키는 도중 전화번호가 엉킨거 빼곤.. 불편함 없이 신랑이랑 잘 쓰고있어요~~ 아 사은품으로 받은 버즈가 위치찾기 할때 나는소리가 새소리던데 너무 작고, 왼쪽버튼 오른쪽 버튼을 반대로( L ,R) 인식하며, 소리가 아예 안날때도 있어요.. 왜그럴까요.. 고장난제품을 보내주신건 아니시겠죠..ㅠ 흑흑",https://search.shopping.naver.com/catalog/23716087490?NaPm=ct%3Dkn9vbcp4%7Cci%3Dd72e617771d686f76c4f231da0d7920ac74cef96%7Ctr%3Dslsl%7Csn%3D95694%7Chk%3D000473d2f7b40d4c69a7ec21c748ae05f87d7e28
0,187,X스크린,X Screen,5,인터파크,k*f*****,20.11.07.,자급제폰 좋아요,배송상태가 좋았습니다 기본적으로 포장 상태 와 갤럭시 노트 20 포장 패키지가 멋지게 되어 있네요  작은 차이지만 너무 큰 디스플레이는 부담스러워서 노트 20으로 선택했습니다 미스틱 브론즈 컬러가 실제로 더 예쁜 듯 노트20울트라 vs노트20  그리고 자급제폰이 처음이라 어디서 구매해야 하는지 고민했지만 노트20을 선택하길 잘한것같아요!  이전 톤보다 더 커졌음에도 그립감은 더 좋네요,https://search.shopping.naver.com/catalog/23716087490?NaPm=ct%3Dkn9vbcp4%7Cci%3Dd72e617771d686f76c4f231da0d7920ac74cef96%7Ctr%3Dslsl%7Csn%3D95694%7Chk%3D000473d2f7b40d4c69a7ec21c748ae05f87d7e28
0,187,X스크린,X Screen,5,인터파크,a*j*****,20.10.27.,폰 잘 받았어요,자급제 폰 처음 구입이고 전시용이라 어떨지 걱정반 기대반으로 주문했는데 깨끗한 폰이라 일단 안심이 되었네요. 폰 받고 유심 끼우고 전원 껐다켜주니 바로 인식이 되네요. 삼성 스위치? 통해 사용하던 앱이랑 정보들 가져와서 사용하니 아주 편합니다.  다만 폰 구성품에 들어있는게 다라 그동안 폰 구입하면서 서비스로 받았던 기타의 것들이 없어 살짝 실망이.. 뭐 이건 자급제폰 구입이 처음이라 그렇겠죠.,https://search.shopping.naver.com/catalog/23716087490?NaPm=ct%3Dkn9vbcp4%7Cci%3Dd72e617771d686f76c4f231da0d7920ac74cef96%7Ctr%3Dslsl%7Csn%3D95694%7Chk%3D000473d2f7b40d4c69a7ec21c748ae05f87d7e28
0,187,X스크린,X Screen,5,인터파크,w*n*****,21.01.24.,배송 품질 모두최고예오,배송빠르고(주문즉시 발송해주심) 받은 상품도 정말 좋아요. 외관상 스크래치 하나도 없이 깨끗했고 필름도 기본으로 붙어있네요. 다만 이틀 사용해보니 무려 노트5에서 넘어온건데도 키보드 입력시 좀 느리게 인식되어서 손가락을 천천히 쓰게되고 램이 그닥 빠른 느낌은 별로 없네요. 물론 원시시대에서 넘어온거라 폰 자체의 기본 기능들은 신세계나 다름없습니다.,https://search.shopping.naver.com/catalog/23716087490?NaPm=ct%3Dkn9vbcp4%7Cci%3Dd72e617771d686f76c4f231da0d7920ac74cef96%7Ctr%3Dslsl%7Csn%3D95694%7Chk%3D000473d2f7b40d4c69a7ec21c748ae05f87d7e28
0,187,X스크린,X Screen,5,옥션,h*d*****,21.01.08.,노트20울트라 배송도 엄청나게 빨리왔네요. 요즘 코로나...,"노트20울트라 배송도 엄청나게 빨리왔네요.요즘 코로나 때문에 2-3일 정도 예상했는데 하루만에 왔고요, 개인적인 일때문에 하루뒤 개통컴퓨존 홈피에서 컴퓨터 부품들을 구매해 왔던터라컴퓨존 이름이 뜨길래  믿고 이곳에서 자급제폰을 구매했네요. 개통하고 이것저것 깔고 이제야 글 남깁니다. 속도 성능 모두 만족합니다.",https://search.shopping.naver.com/catalog/23716087490?NaPm=ct%3Dkn9vbcp4%7Cci%3Dd72e617771d686f76c4f231da0d7920ac74cef96%7Ctr%3Dslsl%7Csn%3D95694%7Chk%3D000473d2f7b40d4c69a7ec21c748ae05f87d7e28
0,187,X스크린,X Screen,4,삼성인증파트너 쇼마젠시,0blu****,20.09.18.,울트라 아니고 일반 노트 입니다.사진 무쟈게 잘나와서 좋습니다.노트20으로 찍은 애완새우~! 동영상도 잘 나옵니다.별4개 준이유는 엘지 v20 사용하다가 왔는데 사용상의 불편함이 ,"울트라 아니고 일반 노트 입니다.사진 무쟈게 잘나와서 좋습니다.노트20으로 찍은 애완새우~! 동영상도 잘 나옵니다.별4개 준이유는 엘지 v20 사용하다가 왔는데 사용상의 불편함이 좀 있습니다.지문인식이 좀 느립니다. 위치도 좀 불편합니다.홈 화면 넘기는게 불편합니다.화면끄기가 불편합니다.(엘지는 화면 톡톡치면 꺼짐)휴대폰 오래 쓰신분은 빨리 바꾸세요 인터넷,게임등등 무쟈게 빠릅니다.",https://search.shopping.naver.com/catalog/23716087490?NaPm=ct%3Dkn9vbcp4%7Cci%3Dd72e617771d686f76c4f231da0d7920ac74cef96%7Ctr%3Dslsl%7Csn%3D95694%7Chk%3D000473d2f7b40d4c69a7ec21c748ae05f87d7e28
0,187,X스크린,X Screen,5,옥션,k*0*****,21.02.25.,상품은 2틀만에 도착. 배송기사님한테 경비실배송 요청했...,상품은 2틀만에 도착. 배송기사님한테 경비실배송 요청했는데 문앞에 두고 가셨네요ㅎ. 근데 유심 분리핀이 없네요. 쪼꼬만 빈 박스가 있던데...그박스인지는 모르겠으나 빈박스ㅋ. 그래서 근처 대리점 가서 유심을 새로 구매하느라 오늘 개통하였습니다. 새제품. 빠른배송. 문의에 대한 친절하고 빠른 판매자 답변. 모두 맘에 듭니다. 번창하세요~잘 쓰겠습니다~~,https://search.shopping.naver.com/catalog/23716087490?NaPm=ct%3Dkn9vbcp4%7Cci%3Dd72e617771d686f76c4f231da0d7920ac74cef96%7Ctr%3Dslsl%7Csn%3D95694%7Chk%3D000473d2f7b40d4c69a7ec21c748ae05f87d7e28
0,187,X스크린,X Screen,5,옥션,p*p*****,20.11.27.,후기가 하나도 없어서 고민하다가 이거 파는 회사평이 좋...,후기가 하나도 없어서 고민하다가 이거 파는 회사평이 좋길래 물어보고 샀습니다. 직원분들 정말 많이 친절해요 출고도 완전 빨라요. 후후에는 광고라고 위험하다고 등록되어 있는데 왜그런지는 모르겠네요. 무튼 저는 정말 만족합니다. 삼성보다는 3만원 싸게 삼성혜택 다 고스란히 받았습니다. 많이 파세요.,https://search.shopping.naver.com/catalog/23716087490?NaPm=ct%3Dkn9vbcp4%7Cci%3Dd72e617771d686f76c4f231da0d7920ac74cef96%7Ctr%3Dslsl%7Csn%3D95694%7Chk%3D000473d2f7b40d4c69a7ec21c748ae05f87d7e28
0,187,X스크린,X Screen,5,인터파크,p*n*****,20.11.29.,제품상태가 ss급이예요,"제품상태는 ss급입니다. 다만 전 후면면에 붙어 있던 필름은 제거되고 옵니다. 어짜피 강화유리필름을 붙여야하면 전면필름은 제거되어야 하고, 또 휴대폰 커버는 해야하니 상관없는 듯합니다. 참고하시기 바라고, 자급제폰으로 싸게 잘 산듯해요.",https://search.shopping.naver.com/catalog/23716087490?NaPm=ct%3Dkn9vbcp4%7Cci%3Dd72e617771d686f76c4f231da0d7920ac74cef96%7Ctr%3Dslsl%7Csn%3D95694%7Chk%3D000473d2f7b40d4c69a7ec21c748ae05f87d7e28
0,187,X스크린,X Screen,4,폰이요,book****,20.11.17.,"제품은 좋습니다 오랜만에 휴대폰 바꾸니 확실히 빠르네요. S펜을 업무할 때 워낙 잘 써서 이번에도 노트시리즈로 구입했는데 탁월한 선택이었던 것 같습니다. 다만, 옵션선택한 제품이 ","제품은 좋습니다 오랜만에 휴대폰 바꾸니 확실히 빠르네요. S펜을 업무할 때 워낙 잘 써서 이번에도 노트시리즈로 구입했는데 탁월한 선택이었던 것 같습니다. 다만, 옵션선택한 제품이 없어서 연락을 주시는게 저녁 7시 넘어서는 조금 아닌 것 같아요. 점심때라도 연락을 주셨으면 바로 변경해서 빨리 배송을  받아봤을텐데, 출장때문에 온 숙박업소에서 배송을 받아야 했기때문에 그 부분은 더욱 아쉽네요.",https://search.shopping.naver.com/catalog/23716087490?NaPm=ct%3Dkn9vbcp4%7Cci%3Dd72e617771d686f76c4f231da0d7920ac74cef96%7Ctr%3Dslsl%7Csn%3D95694%7Chk%3D000473d2f7b40d4c69a7ec21c748ae05f87d7e28
0,187,X스크린,X Screen,3,인터파크,g*g*****,20.10.28.,완전 기분좋게 깨끗한건 아니네요,휴대폰 카메라에 안쪽에 티가 하나 붙어있었네요 휴대폰 외관에는 스티커 제거 되고케이스는 여기저기 다녀온 티가나고하지만티가 있어도 사진찍는데 전혀 지장없고어차피뭐 드러워지는거니까그려려니 하고 쓰네요티하나 붙어서 여기저기 마니 거쳐온듯,https://search.shopping.naver.com/catalog/23716087490?NaPm=ct%3Dkn9vbcp4%7Cci%3Dd72e617771d686f76c4f231da0d7920ac74cef96%7Ctr%3Dslsl%7Csn%3D95694%7Chk%3D000473d2f7b40d4c69a7ec21c748ae05f87d7e28
0,187,X스크린,X Screen,5,삼성닷컴,최*철*****,20.09.27.,갤럭시 노트20 5G 자급제,"좋네요. 잘 사용 중입니다. 아이폰만 사용 해 왔는데, 노트20으로 갈아타고 느낀 점은 미래의 기술이 집약 된 폰이라는 것이었습니다. IOS 와 안드로이드 OS 둘 다 경험 해 보니 갤럭시 노트20이 사용자 UI를 더 잘 고려하고 있네요. 여튼 맘에들고 잘 사용하고 있습니다.",https://search.shopping.naver.com/catalog/23716087490?NaPm=ct%3Dkn9vbcp4%7Cci%3Dd72e617771d686f76c4f231da0d7920ac74cef96%7Ctr%3Dslsl%7Csn%3D95694%7Chk%3D000473d2f7b40d4c69a7ec21c748ae05f87d7e28
0,187,X스크린,X Screen,1,삼성닷컴,안*향*****,20.09.01.,기타,삼성닷컴에서 구매했습니다. 일단 설명서를 주지않아서 당황했습니다. 단말기가 출처가 중요한계 아니라~ 저는 구매처가 중요하다고 생각합니다. 이런식으로 판매를 하면 안된다고 생각 드네요. 저도 처음으로 구매한 소비자입니다.~ 어떻게 사용밥법도 모르는 소비자로써 안된다고 생각이 듭니다 상자 하나 전달하고 갔습니다. ㅠㅠ 달랑 상자하나~~ 뭐지!~~~ ㅠㅠ 설명서도 없죠!,https://search.shopping.naver.com/catalog/23716087490?NaPm=ct%3Dkn9vbcp4%7Cci%3Dd72e617771d686f76c4f231da0d7920ac74cef96%7Ctr%3Dslsl%7Csn%3D95694%7Chk%3D000473d2f7b40d4c69a7ec21c748ae05f87d7e28
0,187,X스크린,X Screen,5,폰이요,guse****,21.01.22.,배송 빠르고 새제품 이네여,배송 빠르고 새제품 이네여,https://search.shopping.naver.com/catalog/23716087490?NaPm=ct%3Dkn9vbcp4%7Cci%3Dd72e617771d686f76c4f231da0d7920ac74cef96%7Ctr%3Dslsl%7Csn%3D95694%7Chk%3D000473d2f7b40d4c69a7ec21c748ae05f87d7e28
0,187,X스크린,X Screen,5,폰이요,over****,21.03.28.,네이버 포인트까지 챙겨가며 저렴히 구입했어요전화했을때 바로 출고해주시고 제품도 만족합니다 ^^,네이버 포인트까지 챙겨가며 저렴히 구입했어요전화했을때 바로 출고해주시고 제품도 만족합니다 ^^,https://search.shopping.naver.com/catalog/23716087490?NaPm=ct%3Dkn9vbcp4%7Cci%3Dd72e617771d686f76c4f231da0d7920ac74cef96%7Ctr%3Dslsl%7Csn%3D95694%7Chk%3D000473d2f7b40d4c69a7ec21c748ae05f87d7e28
0,187,X스크린,X Screen,5,폰이요,jihu****,21.01.26.,배송도 안전하고 빠르게 왔어요. 자급제 신품 확인 이상없고 좋아요,배송도 안전하고 빠르게 왔어요. 자급제 신품 확인 이상없고 좋아요,https://search.shopping.naver.com/catalog/23716087490?NaPm=ct%3Dkn9vbcp4%7Cci%3Dd72e617771d686f76c4f231da0d7920ac74cef96%7Ctr%3Dslsl%7Csn%3D95694%7Chk%3D000473d2f7b40d4c69a7ec21c748ae05f87d7e28
0,187,X스크린,X Screen,5,삼성모바일파트너 코잇,kcs1****,21.03.23.,여기 좋아서 여기서 둘다 샀어요! 둘다 작동 잘되는 거 같아요 저렴하고 빠르게 잘 받았습니다,여기 좋아서 여기서 둘다 샀어요! 둘다 작동 잘되는 거 같아요 저렴하고 빠르게 잘 받았습니다,https://search.shopping.naver.com/catalog/23716087490?NaPm=ct%3Dkn9vbcp4%7Cci%3Dd72e617771d686f76c4f231da0d7920ac74cef96%7Ctr%3Dslsl%7Csn%3D95694%7Chk%3D000473d2f7b40d4c69a7ec21c748ae05f87d7e28
0,187,X스크린,X Screen,5,삼성닷컴,오*******,21.03.08.,신랑핸드폰이 넘 오래돼서 바꿔졌어요~예전부터 노트만 써서 그런...,신랑핸드폰이 넘 오래돼서 바꿔졌어요~예전부터 노트만 써서 그런지 노트만 찾네요~신상품이라 그런지 기능과 스펙이 좋습니다..아주 만족해하니 저도 기뻐요~강추천합니다~,https://search.shopping.naver.com/catalog/23716087490?NaPm=ct%3Dkn9vbcp4%7Cci%3Dd72e617771d686f76c4f231da0d7920ac74cef96%7Ctr%3Dslsl%7Csn%3D95694%7Chk%3D000473d2f7b40d4c69a7ec21c748ae05f87d7e28
0,187,X스크린,X Screen,5,컴퓨존,miso****,20.12.15.,가산점 에서 바로 방문수령했어요 좋습니다,가산점 에서 바로 방문수령했어요 좋습니다,https://search.shopping.naver.com/catalog/23716087490?NaPm=ct%3Dkn9vbcp4%7Cci%3Dd72e617771d686f76c4f231da0d7920ac74cef96%7Ctr%3Dslsl%7Csn%3D95694%7Chk%3D000473d2f7b40d4c69a7ec21c748ae05f87d7e28
0,,,,,,,,,,
0,188,넥서스 5x,Nexus 5x,5,옥션,auu*****,15.11.16.,강추에요!, 기본 구성 사진입니다. 추가 사은품은 따로 보내주신다고 하셨구여~ 다른곳 보다 기본사은품 구성도 좋아서 여기서 구매하게 되었습니다.겔럭시 쓰다 바꿨는데.. 속도도 빠르고 디자인도 너무 마음에 듭니다.넥서스 5x 강추에요! ,https://search.shopping.naver.com/catalog/8979235645?NaPm=ct%3Dkn9vbe8o%7Cci%3Da0c38544c141c20ca735c445eb39ff2db3e599a2%7Ctr%3Dslsl%7Csn%3D95694%7Chk%3Dafdcdd0775b4194a0e7a7264251852a05123ab21
0,,,,,,,,,,
0,,,,,,,,,,
0,,,,,,,,,,
0,,,,,,,,,,
0,,,,,,,,,,
0,,,,,,,,,,
0,,,,,,,,,,
0,,,,,,,,,,
0,,,,,,,,,,
0,,,,,,,,,,
0,,,,,,,,,,
0,,,,,,,,,,
0,,,,,,,,,,
0,,,,,,,,,,
0,,,,,,,,,,
0,,,,,,,,,,
0,,,,,,,,,,
0,,,,,,,,,,
0,,,,,,,,,,
0,,,,,,,,,,
0,,,,,,,,,,
0,,,,,,,,,,
0,,,,,,,,,,
