,pl_model_code,pl_name,star,market,write_id,upload_date,title,content,URL,pr_valid
0,A2221,아이폰11,5,11번가,sdhs****,2021-05-03,,"

                                    
                                        너무너무 만족합니다.배터리 성능 100%기스 찾아보려고 기를 써도 못찾았어요여전히 비싸지만 진짜 너무 만족스러워요필요한 악세사리 사은품으로 다 주셔서  너무 백프로 만족이요
                                    
                                
",https://catalog.11st.co.kr/catalogs/19845697?trTypeCd=PW08&trCtgrNo=585021,
0,A2221,아이폰11,5,11번가,dent****,2021-06-23,,"

                                    
                                        드디어 받았어요 완전 좋아요 골드 선택했으나 품절 실버토 괜찮네요
                                    
                                
",https://catalog.11st.co.kr/catalogs/19845697?trTypeCd=PW08&trCtgrNo=585021,
0,A2221,아이폰11,5,11번가,bjh3***,2021-06-25,,"

                                    
                                        너무친절하시고배송도빨라요!!
                                    
                                
",https://catalog.11st.co.kr/catalogs/19845697?trTypeCd=PW08&trCtgrNo=585021,
0,A2221,아이폰11,5,11번가,yuwo***,2021-03-27,,"

                                    
                                        초6딸 제가 사용하던 6플러스 사용하다 11로 바꿔줬어요~너무 좋아해요~^^늘 매장에서사봐서 데이터전송 유심교체어려울까봐 구입망설였는데~~너무 쉬워요~~~^^리퍼지만 새거이니 상태 굿굿이에요~전체적으로 맘에 듭니다~~
                                    
                                
",https://catalog.11st.co.kr/catalogs/19845697?trTypeCd=PW08&trCtgrNo=585021,
0,A2221,아이폰11,5,11번가,suga*****,2020-12-29,,"

                                    
                                        완전 무결점. 엄마생일선물로 화면큰걸로. 핑크가없어서 그린이예요. 어차피 다이어리케이스쓰셔서 괜찮아요. 조금이라도 저렴하게 잘샀어요. 어른들은 두꺼운커버쓰셔서 폰수명다할때까지 같은 새거라 리퍼도 나쁘지않아요. 아이폰에 잘 적응하셔야할텐디.
                                    
                                
",https://catalog.11st.co.kr/catalogs/19845697?trTypeCd=PW08&trCtgrNo=585021,
0,A2221,아이폰11,5,11번가,than******************,2017-12-16,,"

                                    
                                        제품은 아주 좋습니다.
작년에 'ㅈ' 쇼핑몰에서 홍콩 직구로 구입했는데 고장이 나서 리퍼 보냈는데
며칠 째 소식이 없습니다. 문제가 아니다고 판명되면 배송료 10만원도
물어내야 합니다. 
이번에 산 정식 리퍼 상품폰 가격이 저렴한 것도 맘에 들고
통신사 유이자 24개월 할부를 안내고 되고, 무이자를 길게 할 수 있다는 것도 좋았습니다.
제품을 합리적인 가격에 살 수 있어서 좋고요.
유심을 바꿨는데 당장 인식이 안된건 이상했습니다. (KT 사용)
대리점에 가보니 바로 되네요. 선택약정 25% 할인 받는 중이었습니다.
 
애플 정식 보증 기간이 3개월 미만 남은 건 아쉽습니다.
사진 찍을 때 '찰칵' 소리 안나고 부드러운 벨 소리가 나는데,
애당초 국내향으로 제작된게 맞나 싶습니다만 이건 장점인 거 같습니다.
 
추가 상품으로 구매한 건 많이 별로 입니다.
이어폰은 정품인 거 같은데 중국 스티거가 붙어있고
아답터, 케이블은 정품은 아니고 애플 인증 문구도 안 보입니다.
추가 상품은 매우 후회되네요. 2개나 샀는데,
 
본품이 아주 맘에 들어 별 5개 드립니다.
 하나머니를 통해 현금화 시킬 수 있는 ok 캐시백도 1만원 좀 넘게 주네요.
                                    
                                
",https://catalog.11st.co.kr/catalogs/19845697?trTypeCd=PW08&trCtgrNo=585021,
0,A2221,아이폰11,5,11번가,thdn********,2020-01-16,,"

                                    
                                        아이폰 6s 2년 반 사용하다 배터리 때문에 xs로 바꿨어용~~~ 90만원이라 비싸긴 하지만 큼마음 먹고 질렀어용 ㅋㅋㅋ60일 보증기간이 있어 믿음도 같구요!리퍼폰이라 제품은 새거네요^^ 배터리 성능도 100% 이고요!아직 유심 끼워 사용은 안했지만 제품은 하자 없는거 같고 강화유리 붙쳐서 왔네요이어폰 꽂은 자리가 따로 있는줄 알았는데 충전하는 곳과 같아 살짝쿵 당황스^^;사은품 이어폰 보내주실거죠~~~?ㅋ아이폰xs 실버 후기였어요^^
                                    
                                
",https://catalog.11st.co.kr/catalogs/19845697?trTypeCd=PW08&trCtgrNo=585021,
0,A2221,아이폰11,5,11번가,hen0*************,2020-06-09,,"

                                    
                                        실사용 후기를 쓰려고 후기가 늦어졌습니다 지금 일주일 넘게 쓰고 있는데 완전 만족해요 배송도 빨리 해주시고 뽁뽁이로 안전하게 포장도 해주셨네요 xs 박스에 넣어져서 보호필름까지 붙어있으니까 완전 새폰인거 같아서 좋았습니다 기능 모두 정상 작동하고 메인폰으로 쓰고 있는데 너무 좋아요 후기가 많아서 믿고 구매했는데 역시입니다 리퍼폰이어도 60일 무상보증기간이 있어서 문제없이 쓸거 같네요 좋은 물건 판매해주셔서 감사합니다 번창하세요~
                                    
                                
",https://catalog.11st.co.kr/catalogs/19845697?trTypeCd=PW08&trCtgrNo=585021,
0,A2221,아이폰11,5,11번가,a030****,2020-06-29,,"

                                    
                                        정말 고민끝에 여러 후기를 보고 저의 느낌 그리고 정식리퍼제품이란 확신 믿고 주문한번 해보자 하고 작은 돈이라면 작고 큰돈이라면 큰돈을 실물확인은 물건을 받아봐야 알수 있는 폰을 구입했어요 구입한지 일주일이 다되어 가는 시점에 후기를 남겨보자면 와.. 만족 진짜 만족이에여 겉상태 새것처럼 깨끗하며 보증기간은 폰설정 확인상으론 구입시점으로 한달로 남아잇구요 배터리 성능은 당연히 100프로입니다 첨으로 오프라인이 아닌 온라인으로 기기구입인지라 걱정을 안했다면 거짓말이겠죠 그치만 현재까지 만족하며 너무 잘 사용하고 있어요 조금 ? 아쉬운건?기분 탓인지는 모르겟으나 그전폰(아이폰8+)에 비해 배터리가 조금 빨리 닳는듯한 기분과 충전속도가 조금 늦는듯한 기분이지만 폰자체는 큰문제 없이 잘 사용중입니다 8+ 같은 경우도 출시일때 구입하여 그땐 대리점에서 약정으루 ㅋㅋ 최근까지 사용하며 액정이 깨지구 지겨워(다른 큰문제는 없었지만ㅋㅋ) 스그사용 이번엔 실버로 햇더니 볼때마다 이뻐죽겠어요 시간날때 서비스센터도 한번 들려보려 합니다 혹시나 리퍼기간이 좀더 남아잇나 싶어 길이 좀 길었네요 아무튼 저처럼 구입 고민 많으시다면 후기들 많이 읽어보시고 느낌대로 확 질러보세요 !! 후회없지 싶어요 구입 고민이신 분들 구입하신다면 좋은 제품 받으시길 바라며 아주 만족하며 사용중인 구매자 후기였어요 ㅎㅎ
                                    
                                
",https://catalog.11st.co.kr/catalogs/19845697?trTypeCd=PW08&trCtgrNo=585021,
0,A2221,아이폰11,5,11번가,nomi*************,2020-07-17,,"

                                    
                                        화요일 오후에 구매해서 목요일 정오쯤 받았어요.택배 기사님이 연락도 없이 문 앞에 놓고 가셔서 하마터면 밤 늦게 확인할 뻔 했어요ㅠㅠ박스 안 뽁뽁이, 박스에도 뽁뽁이에 안전하게 포장돼서 잘 왔구요.제조년월 2020년 1월이라고 떠서 감동받았어요ㅠㅠ 외관도 멀쩡하고 리퍼니까 모델번호 당연히 F로 시작하겠거니 했는데 N으로 시작해서 더 감동!배터리 효율 100퍼센트구요, 3utools로 확인해보니 다 클리어에 100점떠서 너무 행복했어요 히히오늘 SK대리점 가서 확정기변까지 받았습니다. (SK 확정 기변이 인터넷으로 되는 줄 알았는데 안되더라구요. 오늘 나간 김에 대리점가서 후딱 하고 왔어요.)근데 보증이 만료됐다고 떠서... 리퍼기간이 끝난 것 같은데 ㅠㅠ 애플에 확인해보니까 보증이 만료된 기기가 맞다고 하더라구요. 그게 조금 마음에 걸리기는 한데...! 문의 남겼고 답변 받았으니 믿고 잘 쓰도록 하겠습니다!그 부분 빼면 너무 너무 너어어어무 만족해요!정말 새 폰이나 다름 없는 기기를 받아서 주변에 홍보하고 다니는 중입니다!같이 보내주신 케이스, 강화유리, 무선충전기, 충전기 다 잘 쓰겠습니다. 감사합니다=]
                                    
                                
",https://catalog.11st.co.kr/catalogs/19845697?trTypeCd=PW08&trCtgrNo=585021,
0,A2221,아이폰11,5,11번가,coff********,2020-01-08,,"

                                    
                                        일단 하루라도 빨리 출고해주셔서 진심 감사드립니다.  11번가에서 다른 리퍼폰업체는 연락도 잘 안되고 시간이 3일이나 지나도 답도 없었거든요 전화 연결도 힘들고.,  여기는 전화연결도 잘 되구요 최대한 맞춰준다는 느낌? 중고폰 많이 사보지만 리퍼폰.. 특히나 아이폰은 첨인지라 좀 신경이 쓰였거든요  배송도 꼼꼼히 보내주셨구요 박스안에서 소리가 나서 머지 했는데 사은품 소리 였어요  제짝은 아니지만 아이폰 박스에 주셔서 더 감사합니다.  어제 오늘 풀로 쓰는데 배터리도 오래가구요 리퍼 두달 남았지만 큰 문제 없을것 같구요  사은품 무선충전기도 벌열없이 잘 되구요 필름도 좋은거 주신것 같아요  너무 감사합니다. 많이 파세요..
                                    
                                
",https://catalog.11st.co.kr/catalogs/19845697?trTypeCd=PW08&trCtgrNo=585021,
0,A2221,아이폰11,5,11번가,csn0***,2020-03-25,,"

                                    
                                        배송은 발송 후 이틀 넘어서 받았습니다!(로젠택배 너무 느려요 ㅠㅠ)다른 사이트에 올라온 타업체들 모두 실버 색상이 없으면서 그냥 올려놓고는 취소요청을 해서 짜증났었는데, 이 업체는 모든 색상 다 바로 발송 가능하다고 해서 바로 구매했습니다. 가개통폰이라서 개봉이력은 있는 상품입니다 (미개봉 상품은 아님) 그래도 새 제품이고 저렴한 가격에 바로 구매할 수 있어서 만족스럽습니다~ 다음에도 이용할게요:)
                                    
                                
",https://catalog.11st.co.kr/catalogs/19845697?trTypeCd=PW08&trCtgrNo=585021,
0,A2221,아이폰11,5,11번가,chun*****************,2017-08-14,,"

                                    
                                        정말 거짓말 안보태고 친절하심 시원한 물과 아이스 주면서 쉬게 해주고 다 해주려고 하시는데 괜찮다고 제가 하겠다고 왔습니다 그리고 소비자를 잘 배려해줍니다 기기 완전 새거 받았어요 사실 S급 이라 해도 조금 안보이는곳 까지 제가 다 확인했는데 그냥 박스랑 그런것만 없는 새것임 완전 대만족 ㅋㅋㅋㅋㅋ 11번가 사용하며 이렇게 만족 두번째 되는것 같네요   번창하십쇼!
                                    
                                
",https://catalog.11st.co.kr/catalogs/19845697?trTypeCd=PW08&trCtgrNo=585021,
0,A2221,아이폰11,4,11번가,bror**,2019-10-02,,"

                                    
                                        리퍼폰이라 그런지 새폰같네요 ^^아이폰7쓰다가 xs로 넘어오니 신세계가 따로 없네요 ^^적응하는데는 좀 걸릴꺼 같지만 ...아이폰을 계속 사용해서 그런지 어려움이 없네요 ~조금 아쉬운점은 8월에 리퍼해서 출고한 폰이라 그런지 보증기간이 11월 만료라 한달 밖에 안남았네요 ;;;뭐 그래도 국내 언락폰이다 보니 대리점 가서  등록할 필요없이 기존 유심꽃아서 재부팅 몇번 하니 자동으로 통신사 전산에 등록되네요 ㅎㅎㅎ당분간 폰 바꿀일없이 오래쓸껏 같네요  ~ 그럼 많이 파세여 ~ !!
                                    
                                
",https://catalog.11st.co.kr/catalogs/19845697?trTypeCd=PW08&trCtgrNo=585021,
0,A2221,아이폰11,5,11번가,qbxl****,2019-12-23,,"

                                    
                                        리퍼폰이라서 솔직히 성능이 의심스러웠지만정가의 반 가격에 외관상 문제없는 공기계가 흔치 않아서 주문했습니다. 중고거래 중에 사기를 당한 적이 있어서 불안했으나 11번가에 정식등록 된 업체이기 때문에 믿고 구매했습니다. 배송은 다음날 바로 출고 되었으며, 로젠택배지만 빠른 수령 했습니다. 사은품 중 무선충전기는 되었다 안되었다가 하는 불량이었지만 본품 외에는 큰 기대를 하지 않았기에 그냥 넘어갑니다. 다들 리퍼폰 사서 약정노예에서 벗어나시길 바랍니다! 추천합니다.
                                    
                                
",https://catalog.11st.co.kr/catalogs/19845697?trTypeCd=PW08&trCtgrNo=585021,
0,A2221,아이폰11,5,11번가,chri*****,2017-08-14,,"

                                    
                                        아이폰5에 대한 애정이 있어서 4인치 마지막샷으로 구매해서 현재 서브폰으로 사용중입니다.정식 샵에서 32기가 57만원에 사려고 결제 직전에동료가 알려줘서 64기가에 새폰 구했네요.포장은 좀 구리지만 제품은 안구려요. 만족!!
                                    
                                
",https://catalog.11st.co.kr/catalogs/19845697?trTypeCd=PW08&trCtgrNo=585021,
0,A2221,아이폰11,5,11번가,junc******,2020-07-22,,"

                                    
                                        원래 일주일 넘게 걸린다고 하셨는데 취소건이 생겨서 이틀만에 왔어요! 처음에는 배터리도 빨리 닳는 것 같고 뜨거워지는 것 같아서 공식서비스센터 가서 점검을 받아봤는데 7/14일에 리퍼된 완전 새폰이더라구요 서비스센터에 여쭤보니 리퍼 후 90일은 무상리퍼라고 하셨어용 안심하고 써도 될듯 ㅎ ㅎ 박스는 그냥 검정박스에 왔지만 ㅠㅠ 투명케이스는 아무래도 좀 얇아서 미리 사뒀던 두꺼운 투명케이스로 꼈어용~ 좋은제품 보내주셔서 감사합니다
                                    
                                
",https://catalog.11st.co.kr/catalogs/19845697?trTypeCd=PW08&trCtgrNo=585021,
0,A2221,아이폰11,5,11번가,n_an***,2020-01-30,,"

                                    
                                        전에 쓰던 폰이 점점 맛가기 시작해서한달여간 살지말지 고민하다가 결국 질렀습니다 >.<설날에 주문했는데, 워낙 주문이 밀려서 좀 걸린다고 하더라구요!근데 웬열! 주문하고 다다음날 출고되어서 빠르게 받았네요ㅎㅎㅎ 상태도 너무 좋아요만든낭짜?! 는 2019. 08로 되있네요배터리도 100퍼구요 완전 새폰 같아요만족 만족!! 번창하세요
                                    
                                
",https://catalog.11st.co.kr/catalogs/19845697?trTypeCd=PW08&trCtgrNo=585021,
0,A2221,아이폰11,5,11번가,ohmy****,2020-10-26,,"

                                    
                                        16시에 주문했는데 다음날 오전중에 도착했어요. 배송 엄청 빨랐고 상품도 완전 새상품이에요. 호기심에 제조일자 찾아봤더니 3주전에 만들어진 제품이라네요. 액정보호필름 서비스 신청했는데 기포나 들뜬 부분 없이 깔끔하게 부착해주셨고 다 마음에 듭니다. 제품 상자 안에 있던 먼지같은 게 제품에 묻어있어서 조금 아쉬웠지만 털어내면 상관없는거고 제품 자체는 대만족입니다. 아이폰6s 쓰다가 넘어왔는데 신세계네요. 추천합니다
                                    
                                
",https://catalog.11st.co.kr/catalogs/19845697?trTypeCd=PW08&trCtgrNo=585021,
0,A2221,아이폰11,5,11번가,tjwl***,2020-10-20,,"

                                    
                                        솔직히 11번가 이런데서 핸드폰첨사바서 너무 불안했는데 카톡으로 연락했더니 성의있게 답변해주셔서 믿음직했습니다 성능 100퍼최대치고 기스난것도확인？L는데 없어요! 모든 마켓다 확인했는데 여기가 젤 싸고 후기가 좋았어요 이참에 공기계구입해서 알뜰폰으로 바꿨더니 요금도싸고 아주 만족합니다!! 할부가 없어서 젤 만족 ㅠ 담부턴 공기계류 사야겠어용
                                    
                                
",https://catalog.11st.co.kr/catalogs/19845697?trTypeCd=PW08&trCtgrNo=585021,
0,A2221,아이폰11,5,11번가,stee*******,2021-06-02,,"

                                    
                                        사랑하는 조카(여자.중1임)가 아이폰 사돌라고해서 생일 선물로 구매하게 대었는데 (전에 노트10+사줬었는데 ㅜ.ㅜ 친구들이 아이폰쓴다고 자기도...) 요리 조리 알아본 결과 아이폰12보단 학생들에겐 아이폰11이 좋다고해서 구매하게 대었습니다.전 안드로이만 사용해봐서 솔직... 저한테는 좋은지 모르겠어요.ㅋ 조카가 좋다고하니 좋겠죠. 디자인은 제가 골랐습니다.하 하.조카는 화이트로 사돌라고 했지만 노란색이 예쁜것같아서 그냥 제 마음대로 했습니다.ㅋ 폰은 잘대고 고장은 없어요~
                                    
                                
",https://catalog.11st.co.kr/catalogs/19761027?trTypeCd=PW08&trCtgrNo=585021,
0,A2221,아이폰11,5,11번가,reun****,2021-04-23,,"

                                    
                                        갑자기 폰을 분실해서 ㅠㅠ처음으로 중고폰 사봤는데 일단 배송 진짜 빠르네요. 로켓배송인줄 ㅋ실물을 보고 구입하는게 아니라 좀 불안했는데 다행히 새폰처럼 깨끗하고 아직까지는 기능에도 이상 없는거 같아요. 필름이랑 충전기 케이스도 챙겨주시고~중고폰 살일이 또 있다면 다시 이용할 의향 있습니다!
                                    
                                
",https://catalog.11st.co.kr/catalogs/19761027?trTypeCd=PW08&trCtgrNo=585021,
0,A2221,아이폰11,5,11번가,S|92*************,2021-04-24,,"

                                    
                                        중고폰을 첨 구매해봐서 걱정반 기대반이었는데 진짜 만족합니다!!ㅎㅎ생각보다 깨끗하고 좋아서 앞으로 폰 사게되면 중고폰으로 살거같아요~ 잘구매했습니다~
                                    
                                
",https://catalog.11st.co.kr/catalogs/19761027?trTypeCd=PW08&trCtgrNo=585021,
0,A2221,아이폰11,2,11번가,miha*****,2021-04-24,,"

                                    
                                        선물용으로 사려고 특s급을 구매한건데 물건을 받았더니 카메라 테두리 부분에 다 기스가 나있었습니다.. 이럴거면 특s급 안샀을 겁니다. 꼼꼼하게 검수 부탁드렸었는데..
                                    
                                
",https://catalog.11st.co.kr/catalogs/19761027?trTypeCd=PW08&trCtgrNo=585021,
0,A2221,아이폰11,5,11번가,y2k4***,2021-05-24,,"

                                    
                                        주문 다음날 배송되어 배송이 빠르고 리퍼라 걱정했는데 외관도 깨끗하고 배터리 효율도 100%라 좋았습니다만족스러운 제품입니디
                                    
                                
",https://catalog.11st.co.kr/catalogs/19761027?trTypeCd=PW08&trCtgrNo=585021,
0,A2221,아이폰11,5,11번가,dhle****,2021-05-11,,"

                                    
                                        원하던 색상이 없었는데 전화까지 주셔서 잘 해결했고 이틀만에 받아서 아들이 너무 좋아합니다.
                                    
                                
",https://catalog.11st.co.kr/catalogs/19761027?trTypeCd=PW08&trCtgrNo=585021,
0,A2221,아이폰11,5,11번가,naru********,2021-05-07,,"

                                    
                                        예전에도 한번 구입했었는데 그때도 만족하고 잘 사용했습니다.이번 제품도 하자없이 잘 도착했습니다.제품이 기대 이상입니다.
                                    
                                
",https://catalog.11st.co.kr/catalogs/19761027?trTypeCd=PW08&trCtgrNo=585021,
0,A2221,아이폰11,5,11번가,lony***,2021-06-02,,"

                                    
                                        몇 개월 째 무리 없이 잘 쓰고있습니다~! 다만 색상 품절은 미리 표시해주시면 좋겠어요ㅠㅠ
                                    
                                
",https://catalog.11st.co.kr/catalogs/19761027?trTypeCd=PW08&trCtgrNo=585021,
0,A2221,아이폰11,5,11번가,ysli*****,2021-05-29,,"

                                    
                                        중학생 아이가 디자인 고른거라 만족해 하고  성능도 좋다고 기분 좋아해요..감사해요.
                                    
                                
",https://catalog.11st.co.kr/catalogs/19761027?trTypeCd=PW08&trCtgrNo=585021,
0,A2221,아이폰11,5,11번가,yuns******,2021-04-26,,"

                                    
                                        너무 좋아요 리퍼폰이라 걱정했는데 전혀 ,, 너무 멀쩡하고 몇 달이 지난 지금도 잘 사용하고 있어요!
                                    
                                
",https://catalog.11st.co.kr/catalogs/19761027?trTypeCd=PW08&trCtgrNo=585021,
0,A2221,아이폰11,5,11번가,yuns******,2021-04-26,,"

                                    
                                        너무 좋아요 리퍼폰이라 걱정했는데 ,, 너무 멀쩡하고 몇 달이 지난 지금도 잘 사용하고 있어요!
                                    
                                
",https://catalog.11st.co.kr/catalogs/19761027?trTypeCd=PW08&trCtgrNo=585021,
0,A2221,아이폰11,5,11번가,dlaw*******,2021-05-22,,"

                                    
                                        너무너무 잘받았어요 좋아요 만족해요 재구매 의사 백퍼
                                    
                                
",https://catalog.11st.co.kr/catalogs/19761027?trTypeCd=PW08&trCtgrNo=585021,
0,A2221,아이폰11,5,11번가,coco****,2021-07-06,,"

                                    
                                        저렴하게 잘사서 현재까지도 잘 쓰고 잇습니다~!
                                    
                                
",https://catalog.11st.co.kr/catalogs/19761027?trTypeCd=PW08&trCtgrNo=585021,
0,A2221,아이폰11,5,11번가,jij9****,2021-05-01,,"

                                    
                                        빠르고 좋아요 저렴해서 잘쓰고 있어용 ？？ㅊ
                                    
                                
",https://catalog.11st.co.kr/catalogs/19761027?trTypeCd=PW08&trCtgrNo=585021,
0,A2221,아이폰11,4,11번가,1375***************,2021-04-28,,"

                                    
                                        좋아하는색상이고조금 무게는있는듯 해요
                                    
                                
",https://catalog.11st.co.kr/catalogs/19761027?trTypeCd=PW08&trCtgrNo=585021,
0,A2221,아이폰11,5,11번가,pyj0***,2021-02-05,,"

                                    
                                        생각보다 너무 좋아서 사길 잘 할것 같아요ㅎㅎ 현재폰 액정이 깨저서 나중에 갤럭시로 바꾸기전에 급하게 쓸 폰이 필요해서 구매했는데 외관상에 기스가 제 눈에 보이지 않았어요
                                    
                                
",https://catalog.11st.co.kr/catalogs/19761027?trTypeCd=PW08&trCtgrNo=585021,
0,A2221,아이폰11,5,11번가,chos***,2021-03-14,,"

                                    
                                        새제품과 비교하여도 차이가 별로 없는 진정한 S급 제품을 받아서 매우 만족합니다. 덤으로 배터리는 100프로라는 사실!
                                    
                                
",https://catalog.11st.co.kr/catalogs/19761027?trTypeCd=PW08&trCtgrNo=585021,
0,A2221,아이폰11,3,11번가,free**,2020-06-04,,"

                                    
                                        음 가개통 새제품이란 제품박스 오프하여 사용한 제품이란걸 이번에 처음 알았습니다. 판매자 분께서는 후대폰 몇만대 팔면서 그걸 모르는건 제가 처음이라면 흥분하시더라구요. ㅠㅜ 반품하려다 휴대폰 급히 써야해서 일단 그냥 쓰려구요. 몇만명 중에 한분 저같은 분을 위해 리뷰 남깁니다. 새재품은 아닙니다. 기스도 좀 있습니다.
                                    
                                
",https://catalog.11st.co.kr/catalogs/19761027?trTypeCd=PW08&trCtgrNo=585021,
0,A2221,아이폰11,5,11번가,josh*****,2020-07-16,,"

                                    
                                        4시 전에 주문하니 담날 받았어요. 1년도 안되서 6s 배터리 불편하기 시작해서 올해 se2만 기다렸는데 막상 출시한 후 보니 배터리용량이 작고 이래저래 내가 원하는 조건이 아니라 11 노란색 눈독들이다 가격 때문에 xr코랄로.. 어차피 사용하는데 저한텐 별차이가 없어서ㅋㅋ 64g 주문했는데 주문한색은 품절이라는 연락받고 이왕이면 코랄색이 하고싶어 추가금 더 내고 128 코랄로 받았어요. 배터리 100%, 외관도 깨끗, 새제품이네요. 리퍼제품이라해서 예민했던지 이런저런 현상에 깜놀하기도 했지만 검색해가며 해결했구요. 지금 일주일 지난것 같은데 만족하며 쓰고 있어요. 사진앱 사용후에도 1~2%만 떨어지는게 신기하네요. 넘 오랫동안 광탈현상에 익숙해져 있어서ㅡ.ㅡ할부 이런거 싫어해서 완납하고 쓰니 좋네요. 담에도 구매하게 되면 여기서 구매할까합니다.
                                    
                                
",https://catalog.11st.co.kr/catalogs/19761027?trTypeCd=PW08&trCtgrNo=585021,
0,A2221,아이폰11,5,11번가,myss**,2020-11-30,,"

                                    
                                        대리점 구매시 카드할인, 요금제 강요,약정 등등 불편한 내용이 생겨서 처음으로 자급제폰 구매하였습니다.정품보다 리퍼폰이라 가격은 저렴하고중고폰 보다는 안전하고 누군가 개통하지 않은 폰이라 기대가 되더라고요.우선 폰 박스는 제가 주문한 제품 아이폰 11 박스는 아니였어요.그래도 제품은 밧데리 최대용량 100프로인 새 것 같은 핸드폰이 왔네요.주문하고 바로 배송왔구요.전날 확인 문자도 왔어요.혹시나 사기는 아닐까 하는 고민이 날아 가더라고요.딸이 원하는 아이폰을 몇십만원 저렴하게 구매하서 좋고요.제 핸드폰 바꿀때도 다시 방문 해보려 합니다.감사합니다~
                                    
                                
",https://catalog.11st.co.kr/catalogs/19761027?trTypeCd=PW08&trCtgrNo=585021,
0,A2221,아이폰11,4,11번가,sej2**,2020-11-18,,"

                                    
                                        딸아이 선물로 아이폰 11 화이트를 구매하였습니다. 요즘 수급이 않좋은지 좀 기다려서 받았습니다. 중간에 지체될 것을 전화로 친절히 알려주셔서 수긍할 수 있었습니다. 상태는 S급으로 샀는데, 1~2개정도의 흠은 있을 거라고 하셔서 그런가 보다 했습니다. 받고 보니 1개 정도 긁힘 자국이 있는데 크게 보이지는 않았습니다. 그리고 케이스도 정품으로 주셨는데 품질이 좋은 것 같습니다. 딸아이도 만족하고 잘 쓰고 있습니다. 배터리는 90%라고 하네요! 깨끗한 제푸 잘 받았습니다. 
                                    
                                
",https://catalog.11st.co.kr/catalogs/19761038?trTypeCd=PW08&trCtgrNo=585021,
0,A2221,아이폰11,5,11번가,mali**************,2020-10-18,,"

                                    
                                        사장님이 상황에 대해 설명도해 주시고 좋은 정보로 만족스러운 가격에 원하는 제품 산것 같아요.
                                    
                                
",https://catalog.11st.co.kr/catalogs/19761038?trTypeCd=PW08&trCtgrNo=585021,
0,A2221,아이폰11,5,11번가,back****,2020-09-10,,"

                                    
                                        감사합니다 이건 미사용품이예요~득탬입니다
                                    
                                
",https://catalog.11st.co.kr/catalogs/19761038?trTypeCd=PW08&trCtgrNo=585021,
0,A2221,아이폰11,5,11번가,fors****,2020-11-22,,"

                                    
                                        사장님이  친절하게  상담해주시고  성능좋은폰으로 보내주셨네요.
감사합니다. 
                                    
                                
",https://catalog.11st.co.kr/catalogs/19761038?trTypeCd=PW08&trCtgrNo=585021,
0,A2221,아이폰11,5,11번가,syna**,2020-12-01,,"

                                    
                                        가격도
물건 상태도
배송도
모두 별5개 만점 주고 싶어요
감사합니다. 
                                    
                                
",https://catalog.11st.co.kr/catalogs/19761038?trTypeCd=PW08&trCtgrNo=585021,
0,A2221,아이폰11,4,11번가,mana******,2020-07-30,,"


",https://catalog.11st.co.kr/catalogs/19761038?trTypeCd=PW08&trCtgrNo=585021,
0,A2215,아이폰11 Pro,5,11번가,sdhs****,2021-05-03,,"

                                    
                                        너무너무 만족합니다.배터리 성능 100%기스 찾아보려고 기를 써도 못찾았어요여전히 비싸지만 진짜 너무 만족스러워요필요한 악세사리 사은품으로 다 주셔서  너무 백프로 만족이요
                                    
                                
",https://catalog.11st.co.kr/catalogs/19845697?trTypeCd=PW08&trCtgrNo=585021,
0,A2215,아이폰11 Pro,5,11번가,dent****,2021-06-23,,"

                                    
                                        드디어 받았어요 완전 좋아요 골드 선택했으나 품절 실버토 괜찮네요
                                    
                                
",https://catalog.11st.co.kr/catalogs/19845697?trTypeCd=PW08&trCtgrNo=585021,
0,A2215,아이폰11 Pro,5,11번가,bjh3***,2021-06-25,,"

                                    
                                        너무친절하시고배송도빨라요!!
                                    
                                
",https://catalog.11st.co.kr/catalogs/19845697?trTypeCd=PW08&trCtgrNo=585021,
0,A2215,아이폰11 Pro,5,11번가,yuwo***,2021-03-27,,"

                                    
                                        초6딸 제가 사용하던 6플러스 사용하다 11로 바꿔줬어요~너무 좋아해요~^^늘 매장에서사봐서 데이터전송 유심교체어려울까봐 구입망설였는데~~너무 쉬워요~~~^^리퍼지만 새거이니 상태 굿굿이에요~전체적으로 맘에 듭니다~~
                                    
                                
",https://catalog.11st.co.kr/catalogs/19845697?trTypeCd=PW08&trCtgrNo=585021,
0,A2215,아이폰11 Pro,5,11번가,suga*****,2020-12-29,,"

                                    
                                        완전 무결점. 엄마생일선물로 화면큰걸로. 핑크가없어서 그린이예요. 어차피 다이어리케이스쓰셔서 괜찮아요. 조금이라도 저렴하게 잘샀어요. 어른들은 두꺼운커버쓰셔서 폰수명다할때까지 같은 새거라 리퍼도 나쁘지않아요. 아이폰에 잘 적응하셔야할텐디.
                                    
                                
",https://catalog.11st.co.kr/catalogs/19845697?trTypeCd=PW08&trCtgrNo=585021,
0,A2215,아이폰11 Pro,5,11번가,than******************,2017-12-16,,"

                                    
                                        제품은 아주 좋습니다.
작년에 'ㅈ' 쇼핑몰에서 홍콩 직구로 구입했는데 고장이 나서 리퍼 보냈는데
며칠 째 소식이 없습니다. 문제가 아니다고 판명되면 배송료 10만원도
물어내야 합니다. 
이번에 산 정식 리퍼 상품폰 가격이 저렴한 것도 맘에 들고
통신사 유이자 24개월 할부를 안내고 되고, 무이자를 길게 할 수 있다는 것도 좋았습니다.
제품을 합리적인 가격에 살 수 있어서 좋고요.
유심을 바꿨는데 당장 인식이 안된건 이상했습니다. (KT 사용)
대리점에 가보니 바로 되네요. 선택약정 25% 할인 받는 중이었습니다.
 
애플 정식 보증 기간이 3개월 미만 남은 건 아쉽습니다.
사진 찍을 때 '찰칵' 소리 안나고 부드러운 벨 소리가 나는데,
애당초 국내향으로 제작된게 맞나 싶습니다만 이건 장점인 거 같습니다.
 
추가 상품으로 구매한 건 많이 별로 입니다.
이어폰은 정품인 거 같은데 중국 스티거가 붙어있고
아답터, 케이블은 정품은 아니고 애플 인증 문구도 안 보입니다.
추가 상품은 매우 후회되네요. 2개나 샀는데,
 
본품이 아주 맘에 들어 별 5개 드립니다.
 하나머니를 통해 현금화 시킬 수 있는 ok 캐시백도 1만원 좀 넘게 주네요.
                                    
                                
",https://catalog.11st.co.kr/catalogs/19845697?trTypeCd=PW08&trCtgrNo=585021,
0,A2215,아이폰11 Pro,5,11번가,thdn********,2020-01-16,,"

                                    
                                        아이폰 6s 2년 반 사용하다 배터리 때문에 xs로 바꿨어용~~~ 90만원이라 비싸긴 하지만 큼마음 먹고 질렀어용 ㅋㅋㅋ60일 보증기간이 있어 믿음도 같구요!리퍼폰이라 제품은 새거네요^^ 배터리 성능도 100% 이고요!아직 유심 끼워 사용은 안했지만 제품은 하자 없는거 같고 강화유리 붙쳐서 왔네요이어폰 꽂은 자리가 따로 있는줄 알았는데 충전하는 곳과 같아 살짝쿵 당황스^^;사은품 이어폰 보내주실거죠~~~?ㅋ아이폰xs 실버 후기였어요^^
                                    
                                
",https://catalog.11st.co.kr/catalogs/19845697?trTypeCd=PW08&trCtgrNo=585021,
0,A2215,아이폰11 Pro,5,11번가,hen0*************,2020-06-09,,"

                                    
                                        실사용 후기를 쓰려고 후기가 늦어졌습니다 지금 일주일 넘게 쓰고 있는데 완전 만족해요 배송도 빨리 해주시고 뽁뽁이로 안전하게 포장도 해주셨네요 xs 박스에 넣어져서 보호필름까지 붙어있으니까 완전 새폰인거 같아서 좋았습니다 기능 모두 정상 작동하고 메인폰으로 쓰고 있는데 너무 좋아요 후기가 많아서 믿고 구매했는데 역시입니다 리퍼폰이어도 60일 무상보증기간이 있어서 문제없이 쓸거 같네요 좋은 물건 판매해주셔서 감사합니다 번창하세요~
                                    
                                
",https://catalog.11st.co.kr/catalogs/19845697?trTypeCd=PW08&trCtgrNo=585021,
0,A2215,아이폰11 Pro,5,11번가,a030****,2020-06-29,,"

                                    
                                        정말 고민끝에 여러 후기를 보고 저의 느낌 그리고 정식리퍼제품이란 확신 믿고 주문한번 해보자 하고 작은 돈이라면 작고 큰돈이라면 큰돈을 실물확인은 물건을 받아봐야 알수 있는 폰을 구입했어요 구입한지 일주일이 다되어 가는 시점에 후기를 남겨보자면 와.. 만족 진짜 만족이에여 겉상태 새것처럼 깨끗하며 보증기간은 폰설정 확인상으론 구입시점으로 한달로 남아잇구요 배터리 성능은 당연히 100프로입니다 첨으로 오프라인이 아닌 온라인으로 기기구입인지라 걱정을 안했다면 거짓말이겠죠 그치만 현재까지 만족하며 너무 잘 사용하고 있어요 조금 ? 아쉬운건?기분 탓인지는 모르겟으나 그전폰(아이폰8+)에 비해 배터리가 조금 빨리 닳는듯한 기분과 충전속도가 조금 늦는듯한 기분이지만 폰자체는 큰문제 없이 잘 사용중입니다 8+ 같은 경우도 출시일때 구입하여 그땐 대리점에서 약정으루 ㅋㅋ 최근까지 사용하며 액정이 깨지구 지겨워(다른 큰문제는 없었지만ㅋㅋ) 스그사용 이번엔 실버로 햇더니 볼때마다 이뻐죽겠어요 시간날때 서비스센터도 한번 들려보려 합니다 혹시나 리퍼기간이 좀더 남아잇나 싶어 길이 좀 길었네요 아무튼 저처럼 구입 고민 많으시다면 후기들 많이 읽어보시고 느낌대로 확 질러보세요 !! 후회없지 싶어요 구입 고민이신 분들 구입하신다면 좋은 제품 받으시길 바라며 아주 만족하며 사용중인 구매자 후기였어요 ㅎㅎ
                                    
                                
",https://catalog.11st.co.kr/catalogs/19845697?trTypeCd=PW08&trCtgrNo=585021,
0,A2215,아이폰11 Pro,5,11번가,nomi*************,2020-07-17,,"

                                    
                                        화요일 오후에 구매해서 목요일 정오쯤 받았어요.택배 기사님이 연락도 없이 문 앞에 놓고 가셔서 하마터면 밤 늦게 확인할 뻔 했어요ㅠㅠ박스 안 뽁뽁이, 박스에도 뽁뽁이에 안전하게 포장돼서 잘 왔구요.제조년월 2020년 1월이라고 떠서 감동받았어요ㅠㅠ 외관도 멀쩡하고 리퍼니까 모델번호 당연히 F로 시작하겠거니 했는데 N으로 시작해서 더 감동!배터리 효율 100퍼센트구요, 3utools로 확인해보니 다 클리어에 100점떠서 너무 행복했어요 히히오늘 SK대리점 가서 확정기변까지 받았습니다. (SK 확정 기변이 인터넷으로 되는 줄 알았는데 안되더라구요. 오늘 나간 김에 대리점가서 후딱 하고 왔어요.)근데 보증이 만료됐다고 떠서... 리퍼기간이 끝난 것 같은데 ㅠㅠ 애플에 확인해보니까 보증이 만료된 기기가 맞다고 하더라구요. 그게 조금 마음에 걸리기는 한데...! 문의 남겼고 답변 받았으니 믿고 잘 쓰도록 하겠습니다!그 부분 빼면 너무 너무 너어어어무 만족해요!정말 새 폰이나 다름 없는 기기를 받아서 주변에 홍보하고 다니는 중입니다!같이 보내주신 케이스, 강화유리, 무선충전기, 충전기 다 잘 쓰겠습니다. 감사합니다=]
                                    
                                
",https://catalog.11st.co.kr/catalogs/19845697?trTypeCd=PW08&trCtgrNo=585021,
0,A2215,아이폰11 Pro,5,11번가,coff********,2020-01-08,,"

                                    
                                        일단 하루라도 빨리 출고해주셔서 진심 감사드립니다.  11번가에서 다른 리퍼폰업체는 연락도 잘 안되고 시간이 3일이나 지나도 답도 없었거든요 전화 연결도 힘들고.,  여기는 전화연결도 잘 되구요 최대한 맞춰준다는 느낌? 중고폰 많이 사보지만 리퍼폰.. 특히나 아이폰은 첨인지라 좀 신경이 쓰였거든요  배송도 꼼꼼히 보내주셨구요 박스안에서 소리가 나서 머지 했는데 사은품 소리 였어요  제짝은 아니지만 아이폰 박스에 주셔서 더 감사합니다.  어제 오늘 풀로 쓰는데 배터리도 오래가구요 리퍼 두달 남았지만 큰 문제 없을것 같구요  사은품 무선충전기도 벌열없이 잘 되구요 필름도 좋은거 주신것 같아요  너무 감사합니다. 많이 파세요..
                                    
                                
",https://catalog.11st.co.kr/catalogs/19845697?trTypeCd=PW08&trCtgrNo=585021,
0,A2215,아이폰11 Pro,5,11번가,csn0***,2020-03-25,,"

                                    
                                        배송은 발송 후 이틀 넘어서 받았습니다!(로젠택배 너무 느려요 ㅠㅠ)다른 사이트에 올라온 타업체들 모두 실버 색상이 없으면서 그냥 올려놓고는 취소요청을 해서 짜증났었는데, 이 업체는 모든 색상 다 바로 발송 가능하다고 해서 바로 구매했습니다. 가개통폰이라서 개봉이력은 있는 상품입니다 (미개봉 상품은 아님) 그래도 새 제품이고 저렴한 가격에 바로 구매할 수 있어서 만족스럽습니다~ 다음에도 이용할게요:)
                                    
                                
",https://catalog.11st.co.kr/catalogs/19845697?trTypeCd=PW08&trCtgrNo=585021,
0,A2215,아이폰11 Pro,5,11번가,chun*****************,2017-08-14,,"

                                    
                                        정말 거짓말 안보태고 친절하심 시원한 물과 아이스 주면서 쉬게 해주고 다 해주려고 하시는데 괜찮다고 제가 하겠다고 왔습니다 그리고 소비자를 잘 배려해줍니다 기기 완전 새거 받았어요 사실 S급 이라 해도 조금 안보이는곳 까지 제가 다 확인했는데 그냥 박스랑 그런것만 없는 새것임 완전 대만족 ㅋㅋㅋㅋㅋ 11번가 사용하며 이렇게 만족 두번째 되는것 같네요   번창하십쇼!
                                    
                                
",https://catalog.11st.co.kr/catalogs/19845697?trTypeCd=PW08&trCtgrNo=585021,
0,A2215,아이폰11 Pro,4,11번가,bror**,2019-10-02,,"

                                    
                                        리퍼폰이라 그런지 새폰같네요 ^^아이폰7쓰다가 xs로 넘어오니 신세계가 따로 없네요 ^^적응하는데는 좀 걸릴꺼 같지만 ...아이폰을 계속 사용해서 그런지 어려움이 없네요 ~조금 아쉬운점은 8월에 리퍼해서 출고한 폰이라 그런지 보증기간이 11월 만료라 한달 밖에 안남았네요 ;;;뭐 그래도 국내 언락폰이다 보니 대리점 가서  등록할 필요없이 기존 유심꽃아서 재부팅 몇번 하니 자동으로 통신사 전산에 등록되네요 ㅎㅎㅎ당분간 폰 바꿀일없이 오래쓸껏 같네요  ~ 그럼 많이 파세여 ~ !!
                                    
                                
",https://catalog.11st.co.kr/catalogs/19845697?trTypeCd=PW08&trCtgrNo=585021,
0,A2215,아이폰11 Pro,5,11번가,qbxl****,2019-12-23,,"

                                    
                                        리퍼폰이라서 솔직히 성능이 의심스러웠지만정가의 반 가격에 외관상 문제없는 공기계가 흔치 않아서 주문했습니다. 중고거래 중에 사기를 당한 적이 있어서 불안했으나 11번가에 정식등록 된 업체이기 때문에 믿고 구매했습니다. 배송은 다음날 바로 출고 되었으며, 로젠택배지만 빠른 수령 했습니다. 사은품 중 무선충전기는 되었다 안되었다가 하는 불량이었지만 본품 외에는 큰 기대를 하지 않았기에 그냥 넘어갑니다. 다들 리퍼폰 사서 약정노예에서 벗어나시길 바랍니다! 추천합니다.
                                    
                                
",https://catalog.11st.co.kr/catalogs/19845697?trTypeCd=PW08&trCtgrNo=585021,
0,A2215,아이폰11 Pro,5,11번가,chri*****,2017-08-14,,"

                                    
                                        아이폰5에 대한 애정이 있어서 4인치 마지막샷으로 구매해서 현재 서브폰으로 사용중입니다.정식 샵에서 32기가 57만원에 사려고 결제 직전에동료가 알려줘서 64기가에 새폰 구했네요.포장은 좀 구리지만 제품은 안구려요. 만족!!
                                    
                                
",https://catalog.11st.co.kr/catalogs/19845697?trTypeCd=PW08&trCtgrNo=585021,
0,A2215,아이폰11 Pro,5,11번가,junc******,2020-07-22,,"

                                    
                                        원래 일주일 넘게 걸린다고 하셨는데 취소건이 생겨서 이틀만에 왔어요! 처음에는 배터리도 빨리 닳는 것 같고 뜨거워지는 것 같아서 공식서비스센터 가서 점검을 받아봤는데 7/14일에 리퍼된 완전 새폰이더라구요 서비스센터에 여쭤보니 리퍼 후 90일은 무상리퍼라고 하셨어용 안심하고 써도 될듯 ㅎ ㅎ 박스는 그냥 검정박스에 왔지만 ㅠㅠ 투명케이스는 아무래도 좀 얇아서 미리 사뒀던 두꺼운 투명케이스로 꼈어용~ 좋은제품 보내주셔서 감사합니다
                                    
                                
",https://catalog.11st.co.kr/catalogs/19845697?trTypeCd=PW08&trCtgrNo=585021,
0,A2215,아이폰11 Pro,5,11번가,n_an***,2020-01-30,,"

                                    
                                        전에 쓰던 폰이 점점 맛가기 시작해서한달여간 살지말지 고민하다가 결국 질렀습니다 >.<설날에 주문했는데, 워낙 주문이 밀려서 좀 걸린다고 하더라구요!근데 웬열! 주문하고 다다음날 출고되어서 빠르게 받았네요ㅎㅎㅎ 상태도 너무 좋아요만든낭짜?! 는 2019. 08로 되있네요배터리도 100퍼구요 완전 새폰 같아요만족 만족!! 번창하세요
                                    
                                
",https://catalog.11st.co.kr/catalogs/19845697?trTypeCd=PW08&trCtgrNo=585021,
0,A2215,아이폰11 Pro,5,11번가,ohmy****,2020-10-26,,"

                                    
                                        16시에 주문했는데 다음날 오전중에 도착했어요. 배송 엄청 빨랐고 상품도 완전 새상품이에요. 호기심에 제조일자 찾아봤더니 3주전에 만들어진 제품이라네요. 액정보호필름 서비스 신청했는데 기포나 들뜬 부분 없이 깔끔하게 부착해주셨고 다 마음에 듭니다. 제품 상자 안에 있던 먼지같은 게 제품에 묻어있어서 조금 아쉬웠지만 털어내면 상관없는거고 제품 자체는 대만족입니다. 아이폰6s 쓰다가 넘어왔는데 신세계네요. 추천합니다
                                    
                                
",https://catalog.11st.co.kr/catalogs/19845697?trTypeCd=PW08&trCtgrNo=585021,
0,A2215,아이폰11 Pro,5,11번가,tjwl***,2020-10-20,,"

                                    
                                        솔직히 11번가 이런데서 핸드폰첨사바서 너무 불안했는데 카톡으로 연락했더니 성의있게 답변해주셔서 믿음직했습니다 성능 100퍼최대치고 기스난것도확인？L는데 없어요! 모든 마켓다 확인했는데 여기가 젤 싸고 후기가 좋았어요 이참에 공기계구입해서 알뜰폰으로 바꿨더니 요금도싸고 아주 만족합니다!! 할부가 없어서 젤 만족 ㅠ 담부턴 공기계류 사야겠어용
                                    
                                
",https://catalog.11st.co.kr/catalogs/19845697?trTypeCd=PW08&trCtgrNo=585021,
0,A2215,아이폰11 Pro,4,11번가,k619****,2020-08-23,,"

                                    
                                        재고가 없다고 해서 오래 기다렸어요.
                                    
                                
",https://catalog.11st.co.kr/catalogs/19761105?trTypeCd=PW08&trCtgrNo=585021,
0,A2215,아이폰11 Pro,5,11번가,1621***************,2021-05-03,,"

                                    
                                        기대치 이상입니다 넘 만족했어요
                                    
                                
",https://catalog.11st.co.kr/catalogs/19845713?trTypeCd=PW08&trCtgrNo=585021,
0,A2215,아이폰11 Pro,5,11번가,sang******,2020-03-28,,"

                                    
                                        중고단말기 처음 구매하는데,상담원분도 친절하시고,생각보다 새제품과 별반차이 없고,좋네요!전 유심칩 SKT대리점에서 기존 유침칩 커팅해서 무료로 재사용 했습니다.담에도 와이프,초등학생 딸들이 필요할때,재구매 의사 있습니다! 무엇보다 다른곳보다 좋은건,통신사 옵션으로 선택할수 있어 좋네요!교통카드등 통신사에서 제공하는것들이 있어서요!사업 번창하세요.
                                    
                                
",https://catalog.11st.co.kr/catalogs/19845713?trTypeCd=PW08&trCtgrNo=585021,
0,A2215,아이폰11 Pro,5,11번가,seog****,2020-11-26,,"

                                    
                                        s급으로 주문 했는데 확실히 폰의 상태는 기스 없는 상태로 와서 좋았습니다.배터리도 96% 상태로 와서 나름 만족이였네요.개인중고가격도 정말 양심 없는 가격이 많아서찾아보다가 그냥 마음 편하게 여기서 구매했네요.또 같이 배송 온 케이블은 정말 싼 제품인것 같네요.충전 조금 하다가 줄이 뜨거워지더니 충전이 아예 안되네요.전에 쓰던 케이블이 있어서 다행히 충전을 했는데이점은 조금 아쉽네요
                                    
                                
",https://catalog.11st.co.kr/catalogs/19845713?trTypeCd=PW08&trCtgrNo=585021,
0,A2215,아이폰11 Pro,5,11번가,dool******,2018-06-19,,"

                                    
                                        무척 빠르고 좋은 상품 배송이 만족스럽습니다.
게임용으로 쓸거라 외관 신경안쓰고 산건데 저렴하게 잘샀네요.
찍힘이 많으면 그만큼 핸드폰이 충격을 많이 받았을거라 생각해 걱정했었는데 게임도 버벅거리지않고 잘 돌아갑니다.
                                    
                                
",https://catalog.11st.co.kr/catalogs/19845713?trTypeCd=PW08&trCtgrNo=585021,
0,A2215,아이폰11 Pro,5,11번가,kane****,2020-09-10,,"

                                    
                                        우선 먼저 고객센터에서 친절하게 물건이 현재 어떤 상태이고 시간이 어느정도 걸릴 수 있다고 자세히 설명해주셔서 너무 좋았습니다. 물건도 상태가 너무 좋아서 완전 새것 같이 느껴졌습니다. 오늘 받아서 어플도 깔아보고 해봤는데 문제는 없는 것 같습니다. 좋은 물건 보내주셔서 다시 한번 감사드립니다^^
                                    
                                
",https://catalog.11st.co.kr/catalogs/19845713?trTypeCd=PW08&trCtgrNo=585021,
0,A2215,아이폰11 Pro,5,11번가,cadl**,2019-05-31,,"

                                    
                                        기기상태(S급) 만족합니다.
기대를 저버리지 않기에 다른 분들께도 추천드립니다.
가족용으로 한개 더 구매할 생각이 있습니다.
 
다만, 이어폰이랑, 충전기 등 악세사리는  제공되지 않습니다.
(USB 충전케이블은 있습니다.)
악세사리는 별도로 구입하려 합니다.
                                    
                                
",https://catalog.11st.co.kr/catalogs/19845713?trTypeCd=PW08&trCtgrNo=585021,
0,A2215,아이폰11 Pro,3,11번가,slmw**,2021-01-18,,"

                                    
                                        배송은 무척 빨랐구요.기계는 가개통... 그런 말은 삭제 하셔야 할 듯합니다.아무리 중고 기기라 할 지라도 내부 박스도 없이그냥 뽁뽁이만 감아 두셨네요.그래도 90만원 정도이면 고가인데.. 포장은 아닙니다.배터리 효율도 84% 입니다.참고하시고 구매 하세요.
                                    
                                
",https://catalog.11st.co.kr/catalogs/19845713?trTypeCd=PW08&trCtgrNo=585021,
0,A2215,아이폰11 Pro,5,11번가,tv98***,2018-05-21,,"

                                    
                                        홈버튼에 기스가 좀 많긴 한데 b급이니 뭐...사용하는덴 지장없습니다
핸드폰 속도가 빨라서 좋네요
그 전에 쓰던 폰은 너무 느려서 답답했었어요ㅜㅜ
잘 쓸게요~
                                    
                                
",https://catalog.11st.co.kr/catalogs/19845713?trTypeCd=PW08&trCtgrNo=585021,
0,A2215,아이폰11 Pro,5,11번가,ssik****,2020-12-23,,"

                                    
                                        중고폰은 처음구매해봤는데,너무 만족스러워서 이 업체에서만 이번에 식구별로 하나씩.아이폰.4대 구매했어요..사은품에 카메라 보호케이스도 주시믄 너므 좋을거 같아용.ㅋ
                                    
                                
",https://catalog.11st.co.kr/catalogs/19845713?trTypeCd=PW08&trCtgrNo=585021,
0,A2215,아이폰11 Pro,5,11번가,choi*******,2018-12-19,,"

                                    
                                        며칠전에 구매한것도 괜찮았는데 B급이 아닌 금방 새제품 뜯은것처럼 깨끗해요  아들 알뜰폰 요금제가 워낙 저렴해서 이렇게 중고폰 구매해서 쓰면 경제적이네요
                                    
                                
",https://catalog.11st.co.kr/catalogs/19845713?trTypeCd=PW08&trCtgrNo=585021,
0,A2215,아이폰11 Pro,3,11번가,qkde******,2019-09-25,,"

                                    
                                        화이트를 시켰는데 실버? 가 왔네요...그래도 그냥 써야죠... 실버도 괜찮네요...너무 좋아요.... 상태가 새거같고 좋은데필름이 조금 작더라구요 그래도 괜찮아요....충전기도 있어서 좋네요...
                                    
                                
",https://catalog.11st.co.kr/catalogs/19845713?trTypeCd=PW08&trCtgrNo=585021,
0,A2215,아이폰11 Pro,5,11번가,hoho****,2018-05-21,,"

                                    
                                        첨에 불량와서 당황했지만 판매자님이 빨리 교환처리 해주셔서 정상폰으로 잘 받았습니다~  아주 잘 쓰고있어요 번창하세요~~
                                    
                                
",https://catalog.11st.co.kr/catalogs/19845713?trTypeCd=PW08&trCtgrNo=585021,
0,A2215,아이폰11 Pro,4,11번가,choi*******,2018-12-07,,"

                                    
                                        배송은 많이 늦었지만 생각보다 제품이 괜찮네요  중고라고 생각해서  기스 많을거라 생각했는데  그런데 액정보호 필름이 작은듯
                                    
                                
",https://catalog.11st.co.kr/catalogs/19845713?trTypeCd=PW08&trCtgrNo=585021,
0,A2215,아이폰11 Pro,5,11번가,scha*****,2020-07-09,,"

                                    
                                        빠른 배송에 감사 드립니다.사용중 문제가 있으면 연락드리겠습니다.잘 쓰겠습니다.
                                    
                                
",https://catalog.11st.co.kr/catalogs/19845713?trTypeCd=PW08&trCtgrNo=585021,
0,A2215,아이폰11 Pro,5,11번가,goha***,2020-12-07,,"

                                    
                                        물건이 맘에 들지않아 2번정도 교품 했지만 판매자님 피드백이 너무 좋아서 대만족합니다. 추천합니다!
                                    
                                
",https://catalog.11st.co.kr/catalogs/19845713?trTypeCd=PW08&trCtgrNo=585021,
0,A2215,아이폰11 Pro,5,11번가,hyej****************,2018-06-20,,"

                                    
                                        완전 새폰같고 좋아요!! 어제 대리점가서 개통하고 왔는데 너무 잘 되네요ㅎㅎㅎ
                                    
                                
",https://catalog.11st.co.kr/catalogs/19845713?trTypeCd=PW08&trCtgrNo=585021,
0,A2215,아이폰11 Pro,5,11번가,jtki*****,2020-08-05,,"

                                    
                                        배송빠르고 좋아요~유심만 꽂아 lte 스몰요금제 그대로 사용할 수 있어서 좋네요~자급제폰이라 요금 부담없어 좋음...
                                    
                                
",https://catalog.11st.co.kr/catalogs/19845713?trTypeCd=PW08&trCtgrNo=585021,
0,A2215,아이폰11 Pro,5,11번가,god4***,2020-07-27,,"

                                    
                                        지난번에도 두대 구입하고 이번에도 필요해서 하나 더 구입했는데 마블폰 완전 굿입니다
                                    
                                
",https://catalog.11st.co.kr/catalogs/19845713?trTypeCd=PW08&trCtgrNo=585021,
0,A2215,아이폰11 Pro,5,11번가,choi****,2018-05-18,,"

                                    
                                        갤럭시s7 구매했습니다
구성품 알차네요 맘에 듭니다
많이 파세요
                                    
                                
",https://catalog.11st.co.kr/catalogs/19845713?trTypeCd=PW08&trCtgrNo=585021,
0,A2215,아이폰11 Pro,5,11번가,emma*********,2018-11-22,,"

                                    
                                         
핑크색 여자친구 줄려고 전화해서 상담했는데 진짜 친절하심ㅋㅋ
 
 
                                    
                                
",https://catalog.11st.co.kr/catalogs/19845713?trTypeCd=PW08&trCtgrNo=585021,
0,A2221,아이폰11,5,하이마트쇼핑몰,z*o*****,21.02.13.,토요일 배송 될거라 생각했는데 ,토요일 배송 될거라 생각했는데 월요일 배송되었네요.아이 졸업 선물로 카메라 좋은 거 해줄려고 아이폰으로 선택했습니다. 가격은 학생한테 비싸지만 4년 쓰면 된다는마음으로 구매했어요. 역시 아이폰이라 사진 찍을 때가 제일 좋네요.,https://search.shopping.naver.com/catalog/20858389068?NaPm=ct%3Dkqu6aeig%7Cci%3D922b50855714e306a91aaac1b2817af48bec3c41%7Ctr%3Dslsl%7Csn%3D95694%7Chk%3Da3ea9cc6c76ada2fb824030d648b46a50d632fc5,
0,A2221,아이폰11,4,스마트베이비,ciao****,21.01.10.,"실버없어서 골드로 주문했는데, 기존 가지고있는거랑 비슷하지만 맘에 들어요~ 통신사 대리점에서는 64기가만 있어서 온라인 구매한거라 만족합니다. 다만 택배배송과정에서 물량이 많아서인","실버없어서 골드로 주문했는데, 기존 가지고있는거랑 비슷하지만 맘에 들어요~ 통신사 대리점에서는 64기가만 있어서 온라인 구매한거라 만족합니다. 다만 택배배송과정에서 물량이 많아서인지 생각보다 늦게와서 기다리느라 힘들었음요. 기사님들 추운데 고생하셨구, 잘 쓸게요^^",https://search.shopping.naver.com/catalog/20858389068?NaPm=ct%3Dkqu6aeig%7Cci%3D922b50855714e306a91aaac1b2817af48bec3c41%7Ctr%3Dslsl%7Csn%3D95694%7Chk%3Da3ea9cc6c76ada2fb824030d648b46a50d632fc5,
0,A2221,아이폰11,4,11번가,lo******,20.08.09.,좋아요,"배송빠르고 좋았어요.단, 아이폰이 스크래치있는 초기불량제품이어서 뽑기를 잘못한듯.매우귀찮게 AS센터를 이틀에걸쳐 세번이나 방문함.초기불량 스크래치로 방문익일 제품받으러 재방문OS업데이트 중 벽돌되서 또 방문우여곡절끝에 제품을 받았는데 여튼뭐 애플공홈보다저렴한가격에 잘샀다고 생각함(아쉬운건 골드색깔이 별로...)",https://search.shopping.naver.com/catalog/20858389068?NaPm=ct%3Dkqu6aeig%7Cci%3D922b50855714e306a91aaac1b2817af48bec3c41%7Ctr%3Dslsl%7Csn%3D95694%7Chk%3Da3ea9cc6c76ada2fb824030d648b46a50d632fc5,
0,A2221,아이폰11,5,애플 공식 브랜드스토어,1004****,20.10.04.,"구매 후 2틀만에 도착했습니다. 출고가와 많이 차이나진 않지만, 일반 휴대폰 매장에서 사고 싶지 않아 인터넷으로 구매했습니다. 실버와 고민했지만, 골드도 예쁘네요. 배송도 빠르고 ","구매 후 2틀만에 도착했습니다. 출고가와 많이 차이나진 않지만, 일반 휴대폰 매장에서 사고 싶지 않아 인터넷으로 구매했습니다. 실버와 고민했지만, 골드도 예쁘네요. 배송도 빠르고 만족합니다. 같이 보내주신 보호필름과 케이스도 잘 쓰겠습니다.",https://search.shopping.naver.com/catalog/20858389068?NaPm=ct%3Dkqu6aeig%7Cci%3D922b50855714e306a91aaac1b2817af48bec3c41%7Ctr%3Dslsl%7Csn%3D95694%7Chk%3Da3ea9cc6c76ada2fb824030d648b46a50d632fc5,
0,A2221,아이폰11,5,프렌드가젯,flow****,20.11.29.,여러군데 알아보고 어렵게 샀는데요 궁금한 점도 빠른 답변으로 응대해주시고 상품도 정말 꼼꼼하게 잘 보내주셨고 빠른 배송으로 정말 다 좋았습니다~리뷰 한번도 쓴적 없는데 여기는 너무,여러군데 알아보고 어렵게 샀는데요 궁금한 점도 빠른 답변으로 응대해주시고 상품도 정말 꼼꼼하게 잘 보내주셨고 빠른 배송으로 정말 다 좋았습니다~리뷰 한번도 쓴적 없는데 여기는 너무너무 좋아서 도움이 되길 바라며 한번 써봅니다..다음에도 또 구매하겠습니다^^,https://search.shopping.naver.com/catalog/20858389068?NaPm=ct%3Dkqu6aeig%7Cci%3D922b50855714e306a91aaac1b2817af48bec3c41%7Ctr%3Dslsl%7Csn%3D95694%7Chk%3Da3ea9cc6c76ada2fb824030d648b46a50d632fc5,
0,A2221,아이폰11,3,하이마트쇼핑몰,k*n*****,20.07.08.,"아.. 진짜 딥빡이네요
스마트픽 하","아.. 진짜 딥빡이네요스마트픽 하지마세요.개인간 택배거래해도 물건 뽁뽁이에 싸주는게 예의인데,대기업에서 박스 종이로 싸서 배송 말인지..ㅋ제일 화나는건 폰 뒷면 기스가있고...진심 짜증나요.물건 원해서 산거 맞지만, 다른 업체에서 안사고 롯데라는 대기업이니까 더 서비스 좋을 줄 알고 샀는데 배송 상태도 꽝 진심 짜증납니다.엄마 아이디로 산거라 후기 안쓰려 했는데 화나서 쓰게 만드네요.",https://search.shopping.naver.com/catalog/20858389068?NaPm=ct%3Dkqu6aeig%7Cci%3D922b50855714e306a91aaac1b2817af48bec3c41%7Ctr%3Dslsl%7Csn%3D95694%7Chk%3Da3ea9cc6c76ada2fb824030d648b46a50d632fc5,
0,A2221,아이폰11,5,SSG닷컴,lo******,20.02.07.,테두리: 지문 묻는 실버  뒷면: ,테두리: 지문 묻는 실버 뒷면: 지문 묻지 않는 화이트 크기: 손에 착 감기는 맛용량: 64는 작고 128이 없어서 아쉬움배송: 일반적인 배송보다 느려서 목이 빠질 뻔페이스아이디: 지문인식에 길들여져 있어서 어색하지만 생각보다 인식이 잘 됨.. 안경을 껴도 잘 되고 어두워도 잘 되고 안 될 것 같은데도 인식이 잘 돼서 불안할 때가 있음...카메라: 어두운 곳에서 잘 찍혀서 감동받아 기절기타: 아이폰이다,https://search.shopping.naver.com/catalog/20858389068?NaPm=ct%3Dkqu6aeig%7Cci%3D922b50855714e306a91aaac1b2817af48bec3c41%7Ctr%3Dslsl%7Csn%3D95694%7Chk%3Da3ea9cc6c76ada2fb824030d648b46a50d632fc5,
0,A2221,아이폰11,4,위메프,pik*****,20.07.28.,아이폰 12살까하다가,아이폰 12살까하다가11pro 구매했습니다 ㅎㅎ 이쁩니다알뜰폰으로 같이 사용하려고 했는데유심이 누락되어 왔네요 ㅠ.ㅠ판매자 문의드렸더니 바로 재발송 해주셨습니다 :)https://wpay.wemakeprice.com/fs/share/1if135g7pgh80위 링크타고 동일 제품 위메프페이로 구매하시면5% 포인트 적립으로더 저렴하게 구매해보세요 :)♡,https://search.shopping.naver.com/catalog/20858389068?NaPm=ct%3Dkqu6aeig%7Cci%3D922b50855714e306a91aaac1b2817af48bec3c41%7Ctr%3Dslsl%7Csn%3D95694%7Chk%3Da3ea9cc6c76ada2fb824030d648b46a50d632fc5,
0,A2221,아이폰11,5,SSG닷컴,lj******,19.12.27.,카드 할인으로 15만원 할인 받고,카드 할인으로 15만원 할인 받고 제가 원하는 색상과 용량을 구매해서 너무 만족합니다!!!!! 빨간날이 겹쳐서 많이 기다려야 할줄 알았는데 4일만에 와서 만족합니다. 폰을 알아보는 중에 하우디몰을 알게되서 너무 득템했습니다!!!!! 이쁜 폰 이쁘게 잘쓸게용^^,https://search.shopping.naver.com/catalog/20858389068?NaPm=ct%3Dkqu6aeig%7Cci%3D922b50855714e306a91aaac1b2817af48bec3c41%7Ctr%3Dslsl%7Csn%3D95694%7Chk%3Da3ea9cc6c76ada2fb824030d648b46a50d632fc5,
0,A2221,아이폰11,5,러블리가전,eunj****,21.06.27.,배송 잘 받았습니다.스페이스 그린 인데 색감도 이쁘고 좋습니다 만족합니다,배송 잘 받았습니다.스페이스 그린 인데 색감도 이쁘고 좋습니다 만족합니다,https://search.shopping.naver.com/catalog/20858389068?NaPm=ct%3Dkqu6aeig%7Cci%3D922b50855714e306a91aaac1b2817af48bec3c41%7Ctr%3Dslsl%7Csn%3D95694%7Chk%3Da3ea9cc6c76ada2fb824030d648b46a50d632fc5,
0,A2221,아이폰11,5,하이마트쇼핑몰,k*m*****,21.03.15.,이제 아이폰은 하이마트에서 사야,이제 아이폰은 하이마트에서 사야겠어요.통신사끼고 사는것보다 훨씬 하네요.아이폰8에서 옮겼습니다.,https://search.shopping.naver.com/catalog/20858389068?NaPm=ct%3Dkqu6aeig%7Cci%3D922b50855714e306a91aaac1b2817af48bec3c41%7Ctr%3Dslsl%7Csn%3D95694%7Chk%3Da3ea9cc6c76ada2fb824030d648b46a50d632fc5,
0,A2221,아이폰11,5,스마트베이비,soup****,21.06.17.,잘받았어요 이쁘네요,잘받았어요 이쁘네요,https://search.shopping.naver.com/catalog/20858389068?NaPm=ct%3Dkqu6aeig%7Cci%3D922b50855714e306a91aaac1b2817af48bec3c41%7Ctr%3Dslsl%7Csn%3D95694%7Chk%3Da3ea9cc6c76ada2fb824030d648b46a50d632fc5,
0,A2221,아이폰11,5,하이마트쇼핑몰,l*m*****,21.05.16.,핸드폰 빠르고 좋아요!!,핸드폰 빠르고 좋아요!!,https://search.shopping.naver.com/catalog/20858389068?NaPm=ct%3Dkqu6aeig%7Cci%3D922b50855714e306a91aaac1b2817af48bec3c41%7Ctr%3Dslsl%7Csn%3D95694%7Chk%3Da3ea9cc6c76ada2fb824030d648b46a50d632fc5,
0,A2221,아이폰11,5,스마트베이비,turb****,20.12.28.,삼성만 쓰다가 애플쓰려니 등록하기가 힘드네요.그래도 등록하고나니 뿌듯하네요.,삼성만 쓰다가 애플쓰려니 등록하기가 힘드네요.그래도 등록하고나니 뿌듯하네요.,https://search.shopping.naver.com/catalog/20858389068?NaPm=ct%3Dkqu6aeig%7Cci%3D922b50855714e306a91aaac1b2817af48bec3c41%7Ctr%3Dslsl%7Csn%3D95694%7Chk%3Da3ea9cc6c76ada2fb824030d648b46a50d632fc5,
0,A2221,아이폰11,5,프렌드가젯,pahy****,20.11.25.,고객대응만족하고 배송빠르고 좋은 품질입니다 만족합니다,고객대응만족하고 배송빠르고 좋은 품질입니다 만족합니다,https://search.shopping.naver.com/catalog/20858389068?NaPm=ct%3Dkqu6aeig%7Cci%3D922b50855714e306a91aaac1b2817af48bec3c41%7Ctr%3Dslsl%7Csn%3D95694%7Chk%3Da3ea9cc6c76ada2fb824030d648b46a50d632fc5,
0,A2221,아이폰11,5,인터파크,j*p*****,21.06.08.,구매후기,상품 일부 불량이 있었는데 넘나 친절하고 빠르게 교환해주셔서 불편없이 잘 사용하고 있습니다!,https://search.shopping.naver.com/catalog/20858389068?NaPm=ct%3Dkqu6aeig%7Cci%3D922b50855714e306a91aaac1b2817af48bec3c41%7Ctr%3Dslsl%7Csn%3D95694%7Chk%3Da3ea9cc6c76ada2fb824030d648b46a50d632fc5,
0,A2221,아이폰11,5,하이마트쇼핑몰,x*s*****,21.05.24.,저렴하게 샀습니다ㅎㅎ,저렴하게 샀습니다ㅎㅎ,https://search.shopping.naver.com/catalog/20858389068?NaPm=ct%3Dkqu6aeig%7Cci%3D922b50855714e306a91aaac1b2817af48bec3c41%7Ctr%3Dslsl%7Csn%3D95694%7Chk%3Da3ea9cc6c76ada2fb824030d648b46a50d632fc5,
0,A2221,아이폰11,5,Monkeys,fkan****,21.02.14.,배송 빨라요~~!!,배송 빨라요~~!!,https://search.shopping.naver.com/catalog/20858389068?NaPm=ct%3Dkqu6aeig%7Cci%3D922b50855714e306a91aaac1b2817af48bec3c41%7Ctr%3Dslsl%7Csn%3D95694%7Chk%3Da3ea9cc6c76ada2fb824030d648b46a50d632fc5,
0,A2221,아이폰11,5,하이마트쇼핑몰,s*s*****,21.05.17.,배송이 빨랐어요! 충전기 이어폰,배송이 빨랐어요! 충전기 이어폰까지 다 들어있어서 좋아요!,https://search.shopping.naver.com/catalog/20858389068?NaPm=ct%3Dkqu6aeig%7Cci%3D922b50855714e306a91aaac1b2817af48bec3c41%7Ctr%3Dslsl%7Csn%3D95694%7Chk%3Da3ea9cc6c76ada2fb824030d648b46a50d632fc5,
0,A2221,아이폰11,5,하이마트쇼핑몰,s*o*****,21.05.13.,요금제 약정없고 적당한 가격 좋,요금제 약정없고 적당한 가격 좋아요^^,https://search.shopping.naver.com/catalog/20858389068?NaPm=ct%3Dkqu6aeig%7Cci%3D922b50855714e306a91aaac1b2817af48bec3c41%7Ctr%3Dslsl%7Csn%3D95694%7Chk%3Da3ea9cc6c76ada2fb824030d648b46a50d632fc5,
0,A2221,아이폰11,5,인터파크,j*a*****,21.05.15.,만족합니다.,"배송도 빠르고, 상담해 주시는 분도 너무 친절하시고, 가격도 좋구~ 잘 쓰겠습니다.",https://search.shopping.naver.com/catalog/20858388549?NaPm=ct%3Dkqu6ag20%7Cci%3D3722bf1a5745fed1287a91b2796ae38933a6a727%7Ctr%3Dslsl%7Csn%3D95694%7Chk%3D610dd4d9b05cc64fece00b9432b12945be60e2c1,
0,A2221,아이폰11,5,인터파크,j*s*****,20.09.25.,빠륻 배송,구매하여 빠르게 배송받았습니다,https://search.shopping.naver.com/catalog/20858388549?NaPm=ct%3Dkqu6ag20%7Cci%3D3722bf1a5745fed1287a91b2796ae38933a6a727%7Ctr%3Dslsl%7Csn%3D95694%7Chk%3D610dd4d9b05cc64fece00b9432b12945be60e2c1,
0,A2221,아이폰11,5,위메프,big*****,20.04.21.,저렴하게 잘 샀는데요 배송은 한달 걸리고 개통은 일주일 걸렸어요,저렴하게 잘 샀는데요 배송은 한달 걸리고 개통은 일주일 걸렸어요혈압올라서 죽기직전에 받았습니다그래도 새 폰 사니 기분이 좋아여~~근데 케이스는 증정용 주신다더니 안주셨네요 ....^^,https://search.shopping.naver.com/catalog/20858388549?NaPm=ct%3Dkqu6ag20%7Cci%3D3722bf1a5745fed1287a91b2796ae38933a6a727%7Ctr%3Dslsl%7Csn%3D95694%7Chk%3D610dd4d9b05cc64fece00b9432b12945be60e2c1,
0,A2221,아이폰11,5,인터파크,j*j*****,19.12.07.,짱이예용 ㅎ,자주애용할께용 너무저아용ㅎㅎ,https://search.shopping.naver.com/catalog/20858388549?NaPm=ct%3Dkqu6ag20%7Cci%3D3722bf1a5745fed1287a91b2796ae38933a6a727%7Ctr%3Dslsl%7Csn%3D95694%7Chk%3D610dd4d9b05cc64fece00b9432b12945be60e2c1,
0,A2221,아이폰11,1,인터파크,q*w*****,19.11.23.,최악,9월사전예약해서11월중순에받고 비싸게사고 사은품은쓰레기4종이제서야 받고 이상입니다,https://search.shopping.naver.com/catalog/20858388549?NaPm=ct%3Dkqu6ag20%7Cci%3D3722bf1a5745fed1287a91b2796ae38933a6a727%7Ctr%3Dslsl%7Csn%3D95694%7Chk%3D610dd4d9b05cc64fece00b9432b12945be60e2c1,
0,A2221,아이폰11,5,인터파크,s*e*****,21.03.13.,아이폰11 128GB 블랙색상,잘 받았습니다. 별다른 귀찮은 제휴조건 같은 것 없이 구매할 수 있는 상품 중에 거의 가장 싸게 산 것 같아요 .제품도 아무 이상 없는 거 같고 잘 쓰겠습니다~ 다만 화이트 색상이 있는 줄 알고 결제했는데 없어서 블랙으로 받게 되어 약간 아쉽기는 했어요 ㅜㅜ 그래도 잘쓸게요. 감사합니다!,https://search.shopping.naver.com/catalog/20858274127?NaPm=ct%3Dkqu6agts%7Cci%3D24583efcdd1ca6142a59722fbe6cefa470ed5613%7Ctr%3Dslsl%7Csn%3D95694%7Chk%3D3c09bb4f1e2c6fb5c5b78572c150a53348384766,
0,A2221,아이폰11,5,인터파크,i*t*****,20.05.11.,좋네요,"목욜날 결제해서 기계는 토욜날 우체국택배로 받고, 개통은 월욜날 신청해서 월욜날 개통완료 됐네요. 레드 색깔 이뿌네요. 단말기 수급에 좀 어려움이 있던 거 같던데 여기저기 알아보고 재고 찾아서 보내주셨네요. 아이폰 7도 레드인데 11도 레드 구해서 갠적으로 만족합니다. 선약 33요금이 품절이라 좀 아쉽긴하지만 그래도 전반적으로 괜찮게 구매했다고 생각합니다. 흥하세요!",https://search.shopping.naver.com/catalog/20858274127?NaPm=ct%3Dkqu6agts%7Cci%3D24583efcdd1ca6142a59722fbe6cefa470ed5613%7Ctr%3Dslsl%7Csn%3D95694%7Chk%3D3c09bb4f1e2c6fb5c5b78572c150a53348384766,
0,A2221,아이폰11,5,인터파크,f*r*****,20.04.23.,배송은 조금 느렸지만 개통은 너무나도 빨랐어요.,타이밍이 맞지 않아 목요일 낮에 주문하고 화요일 오후에 받았습니다. 받은 후 연락 드리니 개통 신청하신다고 하셨고...일주일 정도 걸린다고 하셔서 ㅎㅎ 마음 놓고 새 폰 두고 헌 폰을 가지고 나왔는데 ㅎㅎㅎ 그 날 저녁에 바로 되어 버려 헌 폰이 먹통이 되었네요 ㅎㅎ 생각보다 빠른 개통에 기분 좋게 당황(?) 했네요 ㅎ  좋은 가격으로 빠르게 사용할 수 있게 되어서 좋았구요. 문의 사항에 친절히 답해 주셔서 좋았습니다.,https://search.shopping.naver.com/catalog/20858274127?NaPm=ct%3Dkqu6agts%7Cci%3D24583efcdd1ca6142a59722fbe6cefa470ed5613%7Ctr%3Dslsl%7Csn%3D95694%7Chk%3D3c09bb4f1e2c6fb5c5b78572c150a53348384766,
0,A2221,아이폰11,5,인터파크,s*9*****,20.05.13.,덕분에 잘 구매했습니다,구매 전부터 문의에 친절하게 답변해주시고 구매할 때에도 상담 잘 해주셨어요  구매한 당일날 출고하셨고 다음날 배송왔습니다 개통도 배송받은 날 바로 신청해주셨어요  다만 개통하는 데에 제 문제로 조금 지체 됐었지만 판매자분께서 다시 처리해주셔서 해결된 당일 오후에 개통됐습니다 다른 분들은 별 문제 없는 한 빨리 개통될 것 같네요 폰 설정마치고 가입확인했는데 문제 없습니다 후기가 좋아서 여기서 산건데 잘 샀네요,https://search.shopping.naver.com/catalog/20858274127?NaPm=ct%3Dkqu6agts%7Cci%3D24583efcdd1ca6142a59722fbe6cefa470ed5613%7Ctr%3Dslsl%7Csn%3D95694%7Chk%3D3c09bb4f1e2c6fb5c5b78572c150a53348384766,
0,A2221,아이폰11,5,인터파크,k*r*****,20.05.07.,아이폰짱짱맨,제가 예전에 외국에 머물고 있어서 핸드폰을 어머니 명의로 사용 하고 있었는데 핸드폰 바꿀때 마다  여간 귀찮은 일이 아니였고 본인인증도 신용카드랑 범용 밖에 안되서  당황 그자체였는데 친절하게 설명 해주시고 답변도 잘해주시고 너무 편하게 핸드폰 번호이동 개통 할 수 있었네요 정말 최고예요 ㅠㅠ  다음에 약정 끝나면 여기서 바꾸게 계속 핸드폰 팔아주세요 ㅋㅋㅋ  친절짱짱맨이예요 ㅠㅠ,https://search.shopping.naver.com/catalog/20858274127?NaPm=ct%3Dkqu6agts%7Cci%3D24583efcdd1ca6142a59722fbe6cefa470ed5613%7Ctr%3Dslsl%7Csn%3D95694%7Chk%3D3c09bb4f1e2c6fb5c5b78572c150a53348384766,
0,A2221,아이폰11,5,인터파크,r*k*****,21.05.07.,완전좋아요,완전좋아요 너무좋아요,https://search.shopping.naver.com/catalog/20858274127?NaPm=ct%3Dkqu6agts%7Cci%3D24583efcdd1ca6142a59722fbe6cefa470ed5613%7Ctr%3Dslsl%7Csn%3D95694%7Chk%3D3c09bb4f1e2c6fb5c5b78572c150a53348384766,
0,A2221,아이폰11,5,인터파크,d*c*****,21.05.05.,굳!!,이리 저리 둘러봐도 가장 적당하네요.,https://search.shopping.naver.com/catalog/20858274127?NaPm=ct%3Dkqu6agts%7Cci%3D24583efcdd1ca6142a59722fbe6cefa470ed5613%7Ctr%3Dslsl%7Csn%3D95694%7Chk%3D3c09bb4f1e2c6fb5c5b78572c150a53348384766,
0,A2221,아이폰11,5,인터파크,k*o*****,21.04.04.,잘사용할께요,원하는 색상이 품절이었는데 빨리 입고후 배송해주셔서 빨리받고 개통도 빨리  잘 되었습니다,https://search.shopping.naver.com/catalog/20858274127?NaPm=ct%3Dkqu6agts%7Cci%3D24583efcdd1ca6142a59722fbe6cefa470ed5613%7Ctr%3Dslsl%7Csn%3D95694%7Chk%3D3c09bb4f1e2c6fb5c5b78572c150a53348384766,
0,A2221,아이폰11,5,인터파크,d*r*****,20.05.26.,잘 받았어요 배송이 빠르네요,배송이 빨리 오네요 잘 쓰겠슴니다.,https://search.shopping.naver.com/catalog/20858274127?NaPm=ct%3Dkqu6agts%7Cci%3D24583efcdd1ca6142a59722fbe6cefa470ed5613%7Ctr%3Dslsl%7Csn%3D95694%7Chk%3D3c09bb4f1e2c6fb5c5b78572c150a53348384766,
0,A2221,아이폰11,5,인터파크,k*m*****,20.04.21.,후기,폰받고 개통좀오래걸렷는데 문의답변 잘해주셧습니다 감사합니다.,https://search.shopping.naver.com/catalog/20858274127?NaPm=ct%3Dkqu6agts%7Cci%3D24583efcdd1ca6142a59722fbe6cefa470ed5613%7Ctr%3Dslsl%7Csn%3D95694%7Chk%3D3c09bb4f1e2c6fb5c5b78572c150a53348384766,
0,A2221,아이폰11,5,인터파크,d*d*****,20.06.19.,너무너무너무너무 좋아요,바빠서 못쓰다가 이제서야쓰네요 죄송해요ㅠㅠ핸드폰 너무 잘 쓰고 있어요!너무너무 좋아요><,https://search.shopping.naver.com/catalog/20858274127?NaPm=ct%3Dkqu6agts%7Cci%3D24583efcdd1ca6142a59722fbe6cefa470ed5613%7Ctr%3Dslsl%7Csn%3D95694%7Chk%3D3c09bb4f1e2c6fb5c5b78572c150a53348384766,
0,A2221,아이폰11,5,인터파크,w*1*****,20.05.30.,잘 샀습니다~감사합니다~,외국인이라서 처음 주문했는데 좀 당황스럽네요ㅠㅠ  그런데 판매자님 너무 친절해서 만족합니다~ 가성비도 좋습니다~ 문의했을때도 항상 친절하게 대답해주셔서  많이 감사합니다~,https://search.shopping.naver.com/catalog/20858274127?NaPm=ct%3Dkqu6agts%7Cci%3D24583efcdd1ca6142a59722fbe6cefa470ed5613%7Ctr%3Dslsl%7Csn%3D95694%7Chk%3D3c09bb4f1e2c6fb5c5b78572c150a53348384766,
0,A2221,아이폰11,5,인터파크,r*a*****,20.06.07.,화이트128,기기문제 없고 화이트색상이라 좀늦게받았네요. 개통까지 1주일정도?? 다른곳은 약정2년해야하는데 여기는12개월만해도 돼서 메리트가있어요. 12개월쓰고 알뜰요금제로 넘어가면 더 이득입니다.,https://search.shopping.naver.com/catalog/20858274127?NaPm=ct%3Dkqu6agts%7Cci%3D24583efcdd1ca6142a59722fbe6cefa470ed5613%7Ctr%3Dslsl%7Csn%3D95694%7Chk%3D3c09bb4f1e2c6fb5c5b78572c150a53348384766,
0,A2221,아이폰11,5,인터파크,c*k*****,20.06.07.,만조쿠,아주아주만족해요 구매하고만족해서엄마도구매하셨어요-,https://search.shopping.naver.com/catalog/20858274127?NaPm=ct%3Dkqu6agts%7Cci%3D24583efcdd1ca6142a59722fbe6cefa470ed5613%7Ctr%3Dslsl%7Csn%3D95694%7Chk%3D3c09bb4f1e2c6fb5c5b78572c150a53348384766,
0,A2221,아이폰11,5,인터파크,k*j*****,20.05.25.,감사합니다,괜찮은조건에 번호이동 했네요. 개통은 개통신청 접수일 포함 8영업일만에 되긴 했는데 매번 전화 문의시 친절하게 응대해주셔서 기분이 좋았습니다. 기회가 된다면 또 개통하러 오겠습니다~^^,https://search.shopping.naver.com/catalog/20858274127?NaPm=ct%3Dkqu6agts%7Cci%3D24583efcdd1ca6142a59722fbe6cefa470ed5613%7Ctr%3Dslsl%7Csn%3D95694%7Chk%3D3c09bb4f1e2c6fb5c5b78572c150a53348384766,
0,A2221,아이폰11,5,인터파크,h*n*****,20.05.12.,아이폰 11,가성비 아주 좋아요 싸게 잘샀어요,https://search.shopping.naver.com/catalog/20858274127?NaPm=ct%3Dkqu6agts%7Cci%3D24583efcdd1ca6142a59722fbe6cefa470ed5613%7Ctr%3Dslsl%7Csn%3D95694%7Chk%3D3c09bb4f1e2c6fb5c5b78572c150a53348384766,
0,A2221,아이폰11,5,인터파크,w*r*****,20.05.18.,만족합니다,만족합니다. 배송도 빠르고요..,https://search.shopping.naver.com/catalog/20858274127?NaPm=ct%3Dkqu6agts%7Cci%3D24583efcdd1ca6142a59722fbe6cefa470ed5613%7Ctr%3Dslsl%7Csn%3D95694%7Chk%3D3c09bb4f1e2c6fb5c5b78572c150a53348384766,
0,A2221,아이폰11,5,인터파크,l*v*****,20.05.22.,저렴하게 구매한거 같습니다.,"마침 퍼플이 품절되서, 배송기간은 살짝 오버 됐지만  판매자님이 빠르게 구해주셔서 5일만에 받아봤습니다. 개통은 밀려서 좀걸린다고 하셨는데, 아직 이틀째 기다리고 있네요. 빨리개통됐으면 좋겠습니다~^^",https://search.shopping.naver.com/catalog/20858274127?NaPm=ct%3Dkqu6agts%7Cci%3D24583efcdd1ca6142a59722fbe6cefa470ed5613%7Ctr%3Dslsl%7Csn%3D95694%7Chk%3D3c09bb4f1e2c6fb5c5b78572c150a53348384766,
0,A2221,아이폰11,5,인터파크,l*c*****,20.05.25.,좋아요,인터넷으로 핸드폰 처음 사보는건데 좋은 조건으로 싸게 구매했네요! 친절하고 배송도 빨랐어요. 개통도 꽤 걸린다고 했는데 이틀?만에 됐어요. 좋아요,https://search.shopping.naver.com/catalog/20858274127?NaPm=ct%3Dkqu6agts%7Cci%3D24583efcdd1ca6142a59722fbe6cefa470ed5613%7Ctr%3Dslsl%7Csn%3D95694%7Chk%3D3c09bb4f1e2c6fb5c5b78572c150a53348384766,
0,A2221,아이폰11,5,인터파크,h*n*****,20.05.06.,잘받았습니다,좋은가격에 개통 잘 했네요.,https://search.shopping.naver.com/catalog/20858274127?NaPm=ct%3Dkqu6agts%7Cci%3D24583efcdd1ca6142a59722fbe6cefa470ed5613%7Ctr%3Dslsl%7Csn%3D95694%7Chk%3D3c09bb4f1e2c6fb5c5b78572c150a53348384766,
0,A2221,아이폰11,5,애플 공식 브랜드스토어,dpdn****,21.01.07.,한달동안 사용해 보면서 너무 너무 만족하면서 사용하고 있어요!!!! 아이폰은 흔히 뽑기라고 하죠... 그래서 더 신뢰가 가는 애플 정식 온라인 스토어에서 구매한 것인데 흔히 있다는,한달동안 사용해 보면서 너무 너무 만족하면서 사용하고 있어요!!!! 아이폰은 흔히 뽑기라고 하죠... 그래서 더 신뢰가 가는 애플 정식 온라인 스토어에서 구매한 것인데 흔히 있다는 화면 깨짐..? 색이 다르게 보이는 부분 이런 것도 없었고 배터리도 상태 좋아요!! 어제 3시경 완충하고 현재 약 22시간 정도 사용 했는데 배터리가 59%나 남아 있어요!! 배터리 하나는 정말 빵빵한 듯 하네요 ㅎㅎ 그리고 같이 배송해주신 강화유리도 정말 좋아요! 제가 폰을 좀 자주 떨어뜨리는 편인데 깨지지도 않고 기스도 잘 안 나서 화면이 아주 깨끗하게 보여요,https://search.shopping.naver.com/catalog/20858385976?NaPm=ct%3Dkqu6aidc%7Cci%3D2ad7acc25efc2c4467afddbefa6b3e094a313bcc%7Ctr%3Dslsl%7Csn%3D95694%7Chk%3Da64edbaa813022d02a83aa852d432393815c1191,
0,A2221,아이폰11,1,애플 공식 브랜드스토어,redt****,20.10.22.,새상품인데  기스가 나있었어요 모서리 부분에요상품 교환하려면 직접가서 검사받아보라더군요제가 직접 박스 채로 들고거서 검사하고 그럴 시간이 없어서요일부러 공식에서 산건데 많이 아쉽네,새상품인데  기스가 나있었어요 모서리 부분에요상품 교환하려면 직접가서 검사받아보라더군요제가 직접 박스 채로 들고거서 검사하고 그럴 시간이 없어서요일부러 공식에서 산건데 많이 아쉽네요그래도 저한테 선택된 폰이니 길들여서 잘 쓰겠습니다그리고 뽁뽁이에만 몇겹 싸여 있는  포장이 좀  아쉅습니다  다들 뽑기  잘하셔야할듯!,https://search.shopping.naver.com/catalog/20858385976?NaPm=ct%3Dkqu6aidc%7Cci%3D2ad7acc25efc2c4467afddbefa6b3e094a313bcc%7Ctr%3Dslsl%7Csn%3D95694%7Chk%3Da64edbaa813022d02a83aa852d432393815c1191,
0,A2221,아이폰11,4,애플 공식 브랜드스토어,plum****,20.09.26.,"추석연휴 전 주라 배송이 좀 느리긴했네요 - 그래도 콜센터에서 전화와서 기분좋게 기다렸구요, 취급주의 상품인데 뽁뽁이 봉지로 한겹 쌓여져있는게 전부라 (상자안에 충전제를 넣는 등)","추석연휴 전 주라 배송이 좀 느리긴했네요 - 그래도 콜센터에서 전화와서 기분좋게 기다렸구요, 취급주의 상품인데 뽁뽁이 봉지로 한겹 쌓여져있는게 전부라 (상자안에 충전제를 넣는 등) 조금 더 신경써주시면 좋을것 같아요 - 제품은 19년 10월 제조라고 설명되있지만 20년에 나온 제품으로 받았구요, 처음에 소프트웨어 안되서 하루 애먹었지만 다행히 잘 해결되었습니다 - 같이 보내주신 코끼리 강화필름 셀프로 잘 붙였고, 막 사용하기 시작해서 발열은 어쩔 수 없는것 같아요 ㅎㅎ 아이폰7에서 바꾼거라 홈버튼 없고 화면 커진거랑 캡쳐 등 바뀐부분에 조금 익숙해져야 할 것들은 차차 나아지겠죠 ^^;; 아이폰11pro 늦은 막차 탔지만 너무 만족합니다 -",https://search.shopping.naver.com/catalog/20858385976?NaPm=ct%3Dkqu6aidc%7Cci%3D2ad7acc25efc2c4467afddbefa6b3e094a313bcc%7Ctr%3Dslsl%7Csn%3D95694%7Chk%3Da64edbaa813022d02a83aa852d432393815c1191,
0,A2221,아이폰11,4,애플 공식 브랜드스토어,gkh0****,20.08.28.,너무 예뻐요!! 근데 배송이 좀 아쉬워요 24일 저녁에 결제하고 25일에 바로 보내주셨는데 버뮤다 지대에서 이틀 머물고 28일 오후에 받았어요ㅠㅠ이건 배송업체 문제라 어쩔 수 없죠,"너무 예뻐요!! 근데 배송이 좀 아쉬워요 24일 저녁에 결제하고 25일에 바로 보내주셨는데 버뮤다 지대에서 이틀 머물고 28일 오후에 받았어요ㅠㅠ이건 배송업체 문제라 어쩔 수 없죠 뭐,,제품은 아주 만족합니다!포장도 안전하게 돼있었어요:)",https://search.shopping.naver.com/catalog/20858385976?NaPm=ct%3Dkqu6aidc%7Cci%3D2ad7acc25efc2c4467afddbefa6b3e094a313bcc%7Ctr%3Dslsl%7Csn%3D95694%7Chk%3Da64edbaa813022d02a83aa852d432393815c1191,
0,A2221,아이폰11,5,하이마트쇼핑몰,n*v*****,19.12.26.,생각보다 많이 무겁습니다. 범퍼,생각보다 많이 무겁습니다. 범퍼케이스까지 끼우고 쓸 자신이 없어서 그냥 알맹이로 들고다니기로..예쁘기는 엄청 예쁩니다. 미드나잇그린이 인기가 많나요 다른 색상들은 엘포인트 1만점 주는데 얘만 안주네요 아쉽.. 대신 색상이 맘에 쏙 들어서 좋습니다.+뭔 이삼일 사이로 가격이 떨어져요 빡치게,https://search.shopping.naver.com/catalog/20858385976?NaPm=ct%3Dkqu6aidc%7Cci%3D2ad7acc25efc2c4467afddbefa6b3e094a313bcc%7Ctr%3Dslsl%7Csn%3D95694%7Chk%3Da64edbaa813022d02a83aa852d432393815c1191,
0,A2221,아이폰11,4,하이마트쇼핑몰,d*d*****,20.08.19.,"물건 잘받았구요 배송도 빠르요.

",물건 잘받았구요 배송도 빠르요.새제품인거같긴한데 제조년월이 19년 12월인건 좀 의문스러워요.그리구 배송조회를 해도 배송중이라고만 뜨길래 혹시나 해서 문앞에 가보니까 이미 두고 가셨더라고요.. 몇푼하는 물건도 아니고 분실위험도 있고 벨이라도 눌러주시지  이런 부분은 아쉽네요,https://search.shopping.naver.com/catalog/20858385976?NaPm=ct%3Dkqu6aidc%7Cci%3D2ad7acc25efc2c4467afddbefa6b3e094a313bcc%7Ctr%3Dslsl%7Csn%3D95694%7Chk%3Da64edbaa813022d02a83aa852d432393815c1191,
0,A2221,아이폰11,5,위메프,sbs*****,20.08.04.,배송도 바로 다음날 받아볼 수 있고 아이폰11pro를 염두해두셨다면 여기서 구입하시는게 가장 저렴하네요.,배송도 바로 다음날 받아볼 수 있고 아이폰11pro를 염두해두셨다면 여기서 구입하시는게 가장 저렴하네요.색상도 미드나잇그린 너무 이쁘고 좋아요.판매자분이 답변도 바로바로 체크해주시니 더 좋았습니다.전 추천코드가 없어서 싸게 사지못했지만 링크 남겨드릴테니 할인 더 받고 구매하세요. 우리모두 앱등이가 되자구요 ㅋㅋhttps://wpay.wemakeprice.com/fs/share/qe4dkp2rd7c6,https://search.shopping.naver.com/catalog/20858385976?NaPm=ct%3Dkqu6aidc%7Cci%3D2ad7acc25efc2c4467afddbefa6b3e094a313bcc%7Ctr%3Dslsl%7Csn%3D95694%7Chk%3Da64edbaa813022d02a83aa852d432393815c1191,
0,A2221,아이폰11,5,하이마트쇼핑몰,w*5*****,19.12.01.,아이폰11 프로 미드나잇그린 색깔,아이폰11 프로 미드나잇그린 색깔로 구매했습니다.생폰으로는 실버가 최고인데 옆면 스뎅이 엄청 기스가 많이 난디고 하네여.폰은 당연히 감성과 성능에서는 최고의 폰입니다.카메라는 갤럭시텐 급과 큰 차이는 없습니다. 잘찍혀여~사진은 dbrand에서 스킨으로 마무리해보았습니다.,https://search.shopping.naver.com/catalog/20858385976?NaPm=ct%3Dkqu6aidc%7Cci%3D2ad7acc25efc2c4467afddbefa6b3e094a313bcc%7Ctr%3Dslsl%7Csn%3D95694%7Chk%3Da64edbaa813022d02a83aa852d432393815c1191,
0,A2221,아이폰11,5,하이마트쇼핑몰,n*v*****,19.12.26.,생각보다 많이 무겁습니다. 범퍼,생각보다 많이 무겁습니다. 범퍼케이스까지 끼우고 쓸 자신이 없어서 그냥 알맹이로 들고다니기로..예쁘기는 엄청 예쁩니다. 미드나잇그린이 인기가 많나요 다른 색상들은 엘포인트 1만점 주는데 얘만 안주네요 아쉽.. 대신 색상이 맘에 쏙 들어서 좋습니다.+ 사흘사이로 가격이 떨어졌네요 빡치게,https://search.shopping.naver.com/catalog/20858385976?NaPm=ct%3Dkqu6aidc%7Cci%3D2ad7acc25efc2c4467afddbefa6b3e094a313bcc%7Ctr%3Dslsl%7Csn%3D95694%7Chk%3Da64edbaa813022d02a83aa852d432393815c1191,
0,A2221,아이폰11,1,하이마트쇼핑몰,wo******,19.11.15.,상품은 굳인데 꼭 롯데택배 진짜 ,"상품은 굳인데 꼭 롯데택배 진짜 최악입니다 112호인데 110호에 확인도 안하고 던져놓고 배달완료로 갑자기 바뀌어있더군요 두시간정도 있다가 완료뜬거보고 전화해보니 갖다놨다는 말만.. 배달완료되었으면 전화는 아니더라도 문자로라도 배달완료표시 떴으면 좋았을텐데 배달하시는분 전화번호도 안뜨고, 택배사에 직접전화해서 한참기다린뒤 통화한뒤에 겨우 택배기사분 번호 알아내고 겨우 어디다 놨는지 찾았네요 한두푼도 아니고 암튼 배송때문에 기분 팍 상해부럿으",https://search.shopping.naver.com/catalog/20858385976?NaPm=ct%3Dkqu6aidc%7Cci%3D2ad7acc25efc2c4467afddbefa6b3e094a313bcc%7Ctr%3Dslsl%7Csn%3D95694%7Chk%3Da64edbaa813022d02a83aa852d432393815c1191,
0,A2221,아이폰11,4,하이마트쇼핑몰,b*a*****,19.11.07.,상품은 특별히 문제는 없을것 같,"상품은 특별히 문제는 없을것 같은데요배송할때 문제가 좀 있네요제품 배송기간이 2,3일 걸리니 기다려달라고 하는건 제 입장에서 충분히 괜찮은데요.실제 화요일 배송된다고 해놓고 수요일 배송해주고 나서 택배 배송 기록에는 화요일 밤에 배송됐다고 택배회사에서 기록하네요. 늦게 오는건 큰 상관 없는데 거짓으로 실적 기록하시는거 같아서 좀 불편합니다",https://search.shopping.naver.com/catalog/20858385976?NaPm=ct%3Dkqu6aidc%7Cci%3D2ad7acc25efc2c4467afddbefa6b3e094a313bcc%7Ctr%3Dslsl%7Csn%3D95694%7Chk%3Da64edbaa813022d02a83aa852d432393815c1191,
0,A2221,아이폰11,5,하이마트쇼핑몰,h*o*****,21.02.21.,나온지 1년도 넘게 지났는데도 불,나온지 1년도 넘게 지났는데도 불구하고 아이폰12 못지않게 각종 성능이나 디자인 등 상당히 만족스런 부분이 많네요~,https://search.shopping.naver.com/catalog/20858385976?NaPm=ct%3Dkqu6aidc%7Cci%3D2ad7acc25efc2c4467afddbefa6b3e094a313bcc%7Ctr%3Dslsl%7Csn%3D95694%7Chk%3Da64edbaa813022d02a83aa852d432393815c1191,
0,A2221,아이폰11,5,애플 공식 브랜드스토어,rain****,21.05.07.,골드예쁘네요고민고민했는데 선택잘했네요,골드예쁘네요고민고민했는데 선택잘했네요,https://search.shopping.naver.com/catalog/20858385976?NaPm=ct%3Dkqu6aidc%7Cci%3D2ad7acc25efc2c4467afddbefa6b3e094a313bcc%7Ctr%3Dslsl%7Csn%3D95694%7Chk%3Da64edbaa813022d02a83aa852d432393815c1191,
0,A2221,아이폰11,5,애플 공식 브랜드스토어,song****,21.04.30.,아이폰 11 프로 좋네요~ 사진 화질도 좋고 너무 맘에 들어요 ~^^,아이폰 11 프로 좋네요~ 사진 화질도 좋고 너무 맘에 들어요 ~^^,https://search.shopping.naver.com/catalog/20858385976?NaPm=ct%3Dkqu6aidc%7Cci%3D2ad7acc25efc2c4467afddbefa6b3e094a313bcc%7Ctr%3Dslsl%7Csn%3D95694%7Chk%3Da64edbaa813022d02a83aa852d432393815c1191,
0,A2221,아이폰11,5,하이마트쇼핑몰,c*s*****,21.04.13.,아이폰만 사용하는 아이라서 이번,아이폰만 사용하는 아이라서 이번 행사때 사주게 되었어요 맘에 들어하네요,https://search.shopping.naver.com/catalog/20858385976?NaPm=ct%3Dkqu6aidc%7Cci%3D2ad7acc25efc2c4467afddbefa6b3e094a313bcc%7Ctr%3Dslsl%7Csn%3D95694%7Chk%3Da64edbaa813022d02a83aa852d432393815c1191,
0,A2221,아이폰11,5,하이마트쇼핑몰,s*0*****,21.03.23.,좋은제품 빠르게 잘받았어요,좋은제품 빠르게 잘받았어요,https://search.shopping.naver.com/catalog/20858385976?NaPm=ct%3Dkqu6aidc%7Cci%3D2ad7acc25efc2c4467afddbefa6b3e094a313bcc%7Ctr%3Dslsl%7Csn%3D95694%7Chk%3Da64edbaa813022d02a83aa852d432393815c1191,
0,A2221,아이폰11,5,Monkeys,shlo****,21.02.26.,배송 아주아주 빠르고 상품도 만족합니다!!,배송 아주아주 빠르고 상품도 만족합니다!!,https://search.shopping.naver.com/catalog/20858385976?NaPm=ct%3Dkqu6aidc%7Cci%3D2ad7acc25efc2c4467afddbefa6b3e094a313bcc%7Ctr%3Dslsl%7Csn%3D95694%7Chk%3Da64edbaa813022d02a83aa852d432393815c1191,
0,A2221,아이폰11,5,하이마트쇼핑몰,s*o*****,21.02.12.,"
가격 저렴 배송 빨라서 좋았어요.",가격 저렴 배송 빨라서 좋았어요. ,https://search.shopping.naver.com/catalog/20858385976?NaPm=ct%3Dkqu6aidc%7Cci%3D2ad7acc25efc2c4467afddbefa6b3e094a313bcc%7Ctr%3Dslsl%7Csn%3D95694%7Chk%3Da64edbaa813022d02a83aa852d432393815c1191,
0,A2221,아이폰11,5,하이마트쇼핑몰,K*8*****,21.01.21.,택배가 늦게왔지만 상품은 만족해,택배가 늦게왔지만 상품은 만족해요,https://search.shopping.naver.com/catalog/20858385976?NaPm=ct%3Dkqu6aidc%7Cci%3D2ad7acc25efc2c4467afddbefa6b3e094a313bcc%7Ctr%3Dslsl%7Csn%3D95694%7Chk%3Da64edbaa813022d02a83aa852d432393815c1191,
0,A2221,아이폰11,2,하이마트쇼핑몰,h*h*****,21.05.13.,아들이 너무 좋아하네요,아들이 너무 좋아하네요,https://search.shopping.naver.com/catalog/20858385976?NaPm=ct%3Dkqu6aidc%7Cci%3D2ad7acc25efc2c4467afddbefa6b3e094a313bcc%7Ctr%3Dslsl%7Csn%3D95694%7Chk%3Da64edbaa813022d02a83aa852d432393815c1191,
0,A2221,아이폰11,5,인터파크,r*f*****,21.04.20.,퍼플 이뻐용,이제와서 아이폰 11 퍼플 넘 갖고싶어서 인터넷 다 뒤지고 찾기 넘어려웠는데 ㅠㅠ 다른곳 다 품절이라구 없다고해서 10번 물어본중에 요기 있다고 해서 어제 바로 결제하고 해피콜 문의받고 오늘 받았어요 넘 이뻐요 !!!!! 배송도 빠르고 친절해요 !! 퍼플사고싶으면 바로 구입하세오 !!,https://search.shopping.naver.com/catalog/20858301696?NaPm=ct%3Dkqu6aj54%7Cci%3Df972dd17069bf06f169045d1877e07797bc5fb3d%7Ctr%3Dslsl%7Csn%3D95694%7Chk%3D1d1c81bf5c72d8dc852b8771f4299e2fc4f244a7,
0,A2221,아이폰11,4,위메프,sm7*****,19.11.24.,바로 개통되는 색상이라 다음날 바로 수령했어요~,바로 개통되는 색상이라 다음날 바로 수령했어요~택배기사님이 아무 연락도 없이 회사 문앞에 그냥 두고간걸 나중에 발견하고 좀 화가나서 배송 별하나 드려요~근데 유심끼고 백업하고 다 잘 되었는데 나중에 설정에서 apple ID 로긴하라며 제 아이디가 아닌 다른 아이디가 한 세번정도 팝업이 뜨더군요.. 이거 새폰 맞나싶은 기분이 드는게... apple 서비스센터를 가바야하는지 좀 고민이 되는군요~,https://search.shopping.naver.com/catalog/20858301696?NaPm=ct%3Dkqu6aj54%7Cci%3Df972dd17069bf06f169045d1877e07797bc5fb3d%7Ctr%3Dslsl%7Csn%3D95694%7Chk%3D1d1c81bf5c72d8dc852b8771f4299e2fc4f244a7,
0,A2221,아이폰11,5,위메프,cje*****,19.11.18.,10월 18일에 구매해서 11월 15일 발송 16일에 수령했어요,10월 18일에 구매해서 11월 15일 발송 16일에 수령했어요ㅠㅠ전국적으로 재고가 부족하단 소리를 들어서취소하려고 고민할때 연락을 받았어요실물은 본적이 없었는데 파스텔톤으로 예쁘네요 ㅎㅎ오래 기다렸지만 저렴한 가격에 잘 샀습니다예전에 사기당한적이 있어서 문의 많이 했는데 다행히 잘 받았습니다 ㅎㅎㅎ배송은 느렷지만 재고 확보하시는대로 바로 보내주시는듯 해요,https://search.shopping.naver.com/catalog/20858301696?NaPm=ct%3Dkqu6aj54%7Cci%3Df972dd17069bf06f169045d1877e07797bc5fb3d%7Ctr%3Dslsl%7Csn%3D95694%7Chk%3D1d1c81bf5c72d8dc852b8771f4299e2fc4f244a7,
0,A2221,아이폰11,5,인터파크,p*w*****,21.05.05.,아이폰11 퍼플 구매,갖고싶었던 아이폰11 퍼플 구매완료 생각했던만큼 색상도 예쁘고 크기도 무게도 맘에 들어요 주문후 다음날 바로 택배받았고 개통도 되어있어 편리했어요,https://search.shopping.naver.com/catalog/20858301696?NaPm=ct%3Dkqu6aj54%7Cci%3Df972dd17069bf06f169045d1877e07797bc5fb3d%7Ctr%3Dslsl%7Csn%3D95694%7Chk%3D1d1c81bf5c72d8dc852b8771f4299e2fc4f244a7,
0,A2221,아이폰11,5,인터파크,w*l*****,21.04.18.,주문하고 다음날 바로 받았습니다~,온라인 주문은 처음이라 걱정했는데 잘 도착했습니다~,https://search.shopping.naver.com/catalog/20858301696?NaPm=ct%3Dkqu6aj54%7Cci%3Df972dd17069bf06f169045d1877e07797bc5fb3d%7Ctr%3Dslsl%7Csn%3D95694%7Chk%3D1d1c81bf5c72d8dc852b8771f4299e2fc4f244a7,
0,A2221,아이폰11,5,인터파크,b*d*****,21.04.15.,빠른 배송 최고,감사합니다 바로 다음날 도착했네요,https://search.shopping.naver.com/catalog/20858301696?NaPm=ct%3Dkqu6aj54%7Cci%3Df972dd17069bf06f169045d1877e07797bc5fb3d%7Ctr%3Dslsl%7Csn%3D95694%7Chk%3D1d1c81bf5c72d8dc852b8771f4299e2fc4f244a7,
0,A2221,아이폰11,5,인터파크,l*e*****,21.04.16.,좋습니다~,배송 빠르고 친절합니다  추천!!,https://search.shopping.naver.com/catalog/20858301696?NaPm=ct%3Dkqu6aj54%7Cci%3Df972dd17069bf06f169045d1877e07797bc5fb3d%7Ctr%3Dslsl%7Csn%3D95694%7Chk%3D1d1c81bf5c72d8dc852b8771f4299e2fc4f244a7,
0,A2221,아이폰11,5,인터파크,c*9*****,21.02.04.,받았습니다,받는데 시간이 좀 걸렸어여 그치만 이쁘네요 감사합니다,https://search.shopping.naver.com/catalog/20858301696?NaPm=ct%3Dkqu6aj54%7Cci%3Df972dd17069bf06f169045d1877e07797bc5fb3d%7Ctr%3Dslsl%7Csn%3D95694%7Chk%3D1d1c81bf5c72d8dc852b8771f4299e2fc4f244a7,
0,A2221,아이폰11,5,위메프,nkf*****,20.10.23.,1년간 잘썼습니다 ㅎㅎ,1년간 잘썼습니다 ㅎㅎ,https://search.shopping.naver.com/catalog/20858301696?NaPm=ct%3Dkqu6aj54%7Cci%3Df972dd17069bf06f169045d1877e07797bc5fb3d%7Ctr%3Dslsl%7Csn%3D95694%7Chk%3D1d1c81bf5c72d8dc852b8771f4299e2fc4f244a7,
0,A2221,아이폰11,5,인터파크,r*i*****,20.09.30.,저렴한 가격에,저렴한 가격에 물건 받아서 좋습니다 ㅎㅎ,https://search.shopping.naver.com/catalog/20858301696?NaPm=ct%3Dkqu6aj54%7Cci%3Df972dd17069bf06f169045d1877e07797bc5fb3d%7Ctr%3Dslsl%7Csn%3D95694%7Chk%3D1d1c81bf5c72d8dc852b8771f4299e2fc4f244a7,
0,A2221,아이폰11,5,위메프,wnl*****,20.03.28.,주문하고 3일만에 전부처리해주시고 궁금한것도 다 자세하게 알려주셔서 도움많이됐어요! 상품도 잘밀봉해서 주시고 좋습니다~~,주문하고 3일만에 전부처리해주시고 궁금한것도 다 자세하게 알려주셔서 도움많이됐어요! 상품도 잘밀봉해서 주시고 좋습니다~~,https://search.shopping.naver.com/catalog/20858301696?NaPm=ct%3Dkqu6aj54%7Cci%3Df972dd17069bf06f169045d1877e07797bc5fb3d%7Ctr%3Dslsl%7Csn%3D95694%7Chk%3D1d1c81bf5c72d8dc852b8771f4299e2fc4f244a7,
0,A2221,아이폰11,5,위메프,nar*****,19.11.15.,한달을 기다렸네요,한달을 기다렸네요그래도 재고가 들어오자마자바로 보내신것 같아 감사합니다.덕분에 저렴하게 잘 샀어요,https://search.shopping.naver.com/catalog/20858301696?NaPm=ct%3Dkqu6aj54%7Cci%3Df972dd17069bf06f169045d1877e07797bc5fb3d%7Ctr%3Dslsl%7Csn%3D95694%7Chk%3D1d1c81bf5c72d8dc852b8771f4299e2fc4f244a7,
0,A2221,아이폰11,5,위메프,sda*****,19.11.02.,츌시일에 맞춰 배송받았습니다,츌시일에 맞춰 배송받았습니다정말 좋네요,https://search.shopping.naver.com/catalog/20858301696?NaPm=ct%3Dkqu6aj54%7Cci%3Df972dd17069bf06f169045d1877e07797bc5fb3d%7Ctr%3Dslsl%7Csn%3D95694%7Chk%3D1d1c81bf5c72d8dc852b8771f4299e2fc4f244a7,
0,A2221,아이폰11,5,위메프,jih*****,19.10.29.,꺄오 두개중에,꺄오 두개중에검정만 받았어여 늦는다길래 회사로 배송했는데저번주 토요일에와서 회사가서 수령했습니닼ㅋㅋ감사합니다!,https://search.shopping.naver.com/catalog/20858301696?NaPm=ct%3Dkqu6aj54%7Cci%3Df972dd17069bf06f169045d1877e07797bc5fb3d%7Ctr%3Dslsl%7Csn%3D95694%7Chk%3D1d1c81bf5c72d8dc852b8771f4299e2fc4f244a7,
0,A2215,아이폰11 Pro,5,하이마트쇼핑몰,z*o*****,21.02.13.,토요일 배송 될거라 생각했는데 ,토요일 배송 될거라 생각했는데 월요일 배송되었네요.아이 졸업 선물로 카메라 좋은 거 해줄려고 아이폰으로 선택했습니다. 가격은 학생한테 비싸지만 4년 쓰면 된다는마음으로 구매했어요. 역시 아이폰이라 사진 찍을 때가 제일 좋네요.,https://search.shopping.naver.com/catalog/20858389068?NaPm=ct%3Dkqu6akoo%7Cci%3D06e1197e5eb57f7120454ecf42b9bf960c76bd1b%7Ctr%3Dslsl%7Csn%3D95694%7Chk%3D60725195ef9e7fd34f494b764a368633f1350136,
0,A2215,아이폰11 Pro,4,스마트베이비,ciao****,21.01.10.,"실버없어서 골드로 주문했는데, 기존 가지고있는거랑 비슷하지만 맘에 들어요~ 통신사 대리점에서는 64기가만 있어서 온라인 구매한거라 만족합니다. 다만 택배배송과정에서 물량이 많아서인","실버없어서 골드로 주문했는데, 기존 가지고있는거랑 비슷하지만 맘에 들어요~ 통신사 대리점에서는 64기가만 있어서 온라인 구매한거라 만족합니다. 다만 택배배송과정에서 물량이 많아서인지 생각보다 늦게와서 기다리느라 힘들었음요. 기사님들 추운데 고생하셨구, 잘 쓸게요^^",https://search.shopping.naver.com/catalog/20858389068?NaPm=ct%3Dkqu6akoo%7Cci%3D06e1197e5eb57f7120454ecf42b9bf960c76bd1b%7Ctr%3Dslsl%7Csn%3D95694%7Chk%3D60725195ef9e7fd34f494b764a368633f1350136,
0,A2215,아이폰11 Pro,4,11번가,lo******,20.08.09.,좋아요,"배송빠르고 좋았어요.단, 아이폰이 스크래치있는 초기불량제품이어서 뽑기를 잘못한듯.매우귀찮게 AS센터를 이틀에걸쳐 세번이나 방문함.초기불량 스크래치로 방문익일 제품받으러 재방문OS업데이트 중 벽돌되서 또 방문우여곡절끝에 제품을 받았는데 여튼뭐 애플공홈보다저렴한가격에 잘샀다고 생각함(아쉬운건 골드색깔이 별로...)",https://search.shopping.naver.com/catalog/20858389068?NaPm=ct%3Dkqu6akoo%7Cci%3D06e1197e5eb57f7120454ecf42b9bf960c76bd1b%7Ctr%3Dslsl%7Csn%3D95694%7Chk%3D60725195ef9e7fd34f494b764a368633f1350136,
0,A2215,아이폰11 Pro,5,애플 공식 브랜드스토어,1004****,20.10.04.,"구매 후 2틀만에 도착했습니다. 출고가와 많이 차이나진 않지만, 일반 휴대폰 매장에서 사고 싶지 않아 인터넷으로 구매했습니다. 실버와 고민했지만, 골드도 예쁘네요. 배송도 빠르고 ","구매 후 2틀만에 도착했습니다. 출고가와 많이 차이나진 않지만, 일반 휴대폰 매장에서 사고 싶지 않아 인터넷으로 구매했습니다. 실버와 고민했지만, 골드도 예쁘네요. 배송도 빠르고 만족합니다. 같이 보내주신 보호필름과 케이스도 잘 쓰겠습니다.",https://search.shopping.naver.com/catalog/20858389068?NaPm=ct%3Dkqu6akoo%7Cci%3D06e1197e5eb57f7120454ecf42b9bf960c76bd1b%7Ctr%3Dslsl%7Csn%3D95694%7Chk%3D60725195ef9e7fd34f494b764a368633f1350136,
0,A2215,아이폰11 Pro,5,프렌드가젯,flow****,20.11.29.,여러군데 알아보고 어렵게 샀는데요 궁금한 점도 빠른 답변으로 응대해주시고 상품도 정말 꼼꼼하게 잘 보내주셨고 빠른 배송으로 정말 다 좋았습니다~리뷰 한번도 쓴적 없는데 여기는 너무,여러군데 알아보고 어렵게 샀는데요 궁금한 점도 빠른 답변으로 응대해주시고 상품도 정말 꼼꼼하게 잘 보내주셨고 빠른 배송으로 정말 다 좋았습니다~리뷰 한번도 쓴적 없는데 여기는 너무너무 좋아서 도움이 되길 바라며 한번 써봅니다..다음에도 또 구매하겠습니다^^,https://search.shopping.naver.com/catalog/20858389068?NaPm=ct%3Dkqu6akoo%7Cci%3D06e1197e5eb57f7120454ecf42b9bf960c76bd1b%7Ctr%3Dslsl%7Csn%3D95694%7Chk%3D60725195ef9e7fd34f494b764a368633f1350136,
0,A2215,아이폰11 Pro,3,하이마트쇼핑몰,k*n*****,20.07.08.,"아.. 진짜 딥빡이네요
스마트픽 하","아.. 진짜 딥빡이네요스마트픽 하지마세요.개인간 택배거래해도 물건 뽁뽁이에 싸주는게 예의인데,대기업에서 박스 종이로 싸서 배송 말인지..ㅋ제일 화나는건 폰 뒷면 기스가있고...진심 짜증나요.물건 원해서 산거 맞지만, 다른 업체에서 안사고 롯데라는 대기업이니까 더 서비스 좋을 줄 알고 샀는데 배송 상태도 꽝 진심 짜증납니다.엄마 아이디로 산거라 후기 안쓰려 했는데 화나서 쓰게 만드네요.",https://search.shopping.naver.com/catalog/20858389068?NaPm=ct%3Dkqu6akoo%7Cci%3D06e1197e5eb57f7120454ecf42b9bf960c76bd1b%7Ctr%3Dslsl%7Csn%3D95694%7Chk%3D60725195ef9e7fd34f494b764a368633f1350136,
0,A2215,아이폰11 Pro,5,SSG닷컴,lo******,20.02.07.,테두리: 지문 묻는 실버  뒷면: ,테두리: 지문 묻는 실버 뒷면: 지문 묻지 않는 화이트 크기: 손에 착 감기는 맛용량: 64는 작고 128이 없어서 아쉬움배송: 일반적인 배송보다 느려서 목이 빠질 뻔페이스아이디: 지문인식에 길들여져 있어서 어색하지만 생각보다 인식이 잘 됨.. 안경을 껴도 잘 되고 어두워도 잘 되고 안 될 것 같은데도 인식이 잘 돼서 불안할 때가 있음...카메라: 어두운 곳에서 잘 찍혀서 감동받아 기절기타: 아이폰이다,https://search.shopping.naver.com/catalog/20858389068?NaPm=ct%3Dkqu6akoo%7Cci%3D06e1197e5eb57f7120454ecf42b9bf960c76bd1b%7Ctr%3Dslsl%7Csn%3D95694%7Chk%3D60725195ef9e7fd34f494b764a368633f1350136,
0,A2215,아이폰11 Pro,4,위메프,pik*****,20.07.28.,아이폰 12살까하다가,아이폰 12살까하다가11pro 구매했습니다 ㅎㅎ 이쁩니다알뜰폰으로 같이 사용하려고 했는데유심이 누락되어 왔네요 ㅠ.ㅠ판매자 문의드렸더니 바로 재발송 해주셨습니다 :)https://wpay.wemakeprice.com/fs/share/1if135g7pgh80위 링크타고 동일 제품 위메프페이로 구매하시면5% 포인트 적립으로더 저렴하게 구매해보세요 :)♡,https://search.shopping.naver.com/catalog/20858389068?NaPm=ct%3Dkqu6akoo%7Cci%3D06e1197e5eb57f7120454ecf42b9bf960c76bd1b%7Ctr%3Dslsl%7Csn%3D95694%7Chk%3D60725195ef9e7fd34f494b764a368633f1350136,
0,A2215,아이폰11 Pro,5,SSG닷컴,lj******,19.12.27.,카드 할인으로 15만원 할인 받고,카드 할인으로 15만원 할인 받고 제가 원하는 색상과 용량을 구매해서 너무 만족합니다!!!!! 빨간날이 겹쳐서 많이 기다려야 할줄 알았는데 4일만에 와서 만족합니다. 폰을 알아보는 중에 하우디몰을 알게되서 너무 득템했습니다!!!!! 이쁜 폰 이쁘게 잘쓸게용^^,https://search.shopping.naver.com/catalog/20858389068?NaPm=ct%3Dkqu6akoo%7Cci%3D06e1197e5eb57f7120454ecf42b9bf960c76bd1b%7Ctr%3Dslsl%7Csn%3D95694%7Chk%3D60725195ef9e7fd34f494b764a368633f1350136,
0,A2215,아이폰11 Pro,5,러블리가전,eunj****,21.06.27.,배송 잘 받았습니다.스페이스 그린 인데 색감도 이쁘고 좋습니다 만족합니다,배송 잘 받았습니다.스페이스 그린 인데 색감도 이쁘고 좋습니다 만족합니다,https://search.shopping.naver.com/catalog/20858389068?NaPm=ct%3Dkqu6akoo%7Cci%3D06e1197e5eb57f7120454ecf42b9bf960c76bd1b%7Ctr%3Dslsl%7Csn%3D95694%7Chk%3D60725195ef9e7fd34f494b764a368633f1350136,
0,A2215,아이폰11 Pro,5,하이마트쇼핑몰,k*m*****,21.03.15.,이제 아이폰은 하이마트에서 사야,이제 아이폰은 하이마트에서 사야겠어요.통신사끼고 사는것보다 훨씬 하네요.아이폰8에서 옮겼습니다.,https://search.shopping.naver.com/catalog/20858389068?NaPm=ct%3Dkqu6akoo%7Cci%3D06e1197e5eb57f7120454ecf42b9bf960c76bd1b%7Ctr%3Dslsl%7Csn%3D95694%7Chk%3D60725195ef9e7fd34f494b764a368633f1350136,
0,A2215,아이폰11 Pro,5,스마트베이비,soup****,21.06.17.,잘받았어요 이쁘네요,잘받았어요 이쁘네요,https://search.shopping.naver.com/catalog/20858389068?NaPm=ct%3Dkqu6akoo%7Cci%3D06e1197e5eb57f7120454ecf42b9bf960c76bd1b%7Ctr%3Dslsl%7Csn%3D95694%7Chk%3D60725195ef9e7fd34f494b764a368633f1350136,
0,A2215,아이폰11 Pro,5,하이마트쇼핑몰,l*m*****,21.05.16.,핸드폰 빠르고 좋아요!!,핸드폰 빠르고 좋아요!!,https://search.shopping.naver.com/catalog/20858389068?NaPm=ct%3Dkqu6akoo%7Cci%3D06e1197e5eb57f7120454ecf42b9bf960c76bd1b%7Ctr%3Dslsl%7Csn%3D95694%7Chk%3D60725195ef9e7fd34f494b764a368633f1350136,
0,A2215,아이폰11 Pro,5,스마트베이비,turb****,20.12.28.,삼성만 쓰다가 애플쓰려니 등록하기가 힘드네요.그래도 등록하고나니 뿌듯하네요.,삼성만 쓰다가 애플쓰려니 등록하기가 힘드네요.그래도 등록하고나니 뿌듯하네요.,https://search.shopping.naver.com/catalog/20858389068?NaPm=ct%3Dkqu6akoo%7Cci%3D06e1197e5eb57f7120454ecf42b9bf960c76bd1b%7Ctr%3Dslsl%7Csn%3D95694%7Chk%3D60725195ef9e7fd34f494b764a368633f1350136,
0,A2215,아이폰11 Pro,5,프렌드가젯,pahy****,20.11.25.,고객대응만족하고 배송빠르고 좋은 품질입니다 만족합니다,고객대응만족하고 배송빠르고 좋은 품질입니다 만족합니다,https://search.shopping.naver.com/catalog/20858389068?NaPm=ct%3Dkqu6akoo%7Cci%3D06e1197e5eb57f7120454ecf42b9bf960c76bd1b%7Ctr%3Dslsl%7Csn%3D95694%7Chk%3D60725195ef9e7fd34f494b764a368633f1350136,
0,A2215,아이폰11 Pro,5,인터파크,j*p*****,21.06.08.,구매후기,상품 일부 불량이 있었는데 넘나 친절하고 빠르게 교환해주셔서 불편없이 잘 사용하고 있습니다!,https://search.shopping.naver.com/catalog/20858389068?NaPm=ct%3Dkqu6akoo%7Cci%3D06e1197e5eb57f7120454ecf42b9bf960c76bd1b%7Ctr%3Dslsl%7Csn%3D95694%7Chk%3D60725195ef9e7fd34f494b764a368633f1350136,
0,A2215,아이폰11 Pro,5,하이마트쇼핑몰,x*s*****,21.05.24.,저렴하게 샀습니다ㅎㅎ,저렴하게 샀습니다ㅎㅎ,https://search.shopping.naver.com/catalog/20858389068?NaPm=ct%3Dkqu6akoo%7Cci%3D06e1197e5eb57f7120454ecf42b9bf960c76bd1b%7Ctr%3Dslsl%7Csn%3D95694%7Chk%3D60725195ef9e7fd34f494b764a368633f1350136,
0,A2215,아이폰11 Pro,5,Monkeys,fkan****,21.02.14.,배송 빨라요~~!!,배송 빨라요~~!!,https://search.shopping.naver.com/catalog/20858389068?NaPm=ct%3Dkqu6akoo%7Cci%3D06e1197e5eb57f7120454ecf42b9bf960c76bd1b%7Ctr%3Dslsl%7Csn%3D95694%7Chk%3D60725195ef9e7fd34f494b764a368633f1350136,
0,A2215,아이폰11 Pro,5,하이마트쇼핑몰,s*s*****,21.05.17.,배송이 빨랐어요! 충전기 이어폰,배송이 빨랐어요! 충전기 이어폰까지 다 들어있어서 좋아요!,https://search.shopping.naver.com/catalog/20858389068?NaPm=ct%3Dkqu6akoo%7Cci%3D06e1197e5eb57f7120454ecf42b9bf960c76bd1b%7Ctr%3Dslsl%7Csn%3D95694%7Chk%3D60725195ef9e7fd34f494b764a368633f1350136,
0,A2215,아이폰11 Pro,5,하이마트쇼핑몰,s*o*****,21.05.13.,요금제 약정없고 적당한 가격 좋,요금제 약정없고 적당한 가격 좋아요^^,https://search.shopping.naver.com/catalog/20858389068?NaPm=ct%3Dkqu6akoo%7Cci%3D06e1197e5eb57f7120454ecf42b9bf960c76bd1b%7Ctr%3Dslsl%7Csn%3D95694%7Chk%3D60725195ef9e7fd34f494b764a368633f1350136,
0,A2215,아이폰11 Pro,5,인터파크,j*a*****,21.05.15.,만족합니다.,"배송도 빠르고, 상담해 주시는 분도 너무 친절하시고, 가격도 좋구~ 잘 쓰겠습니다.",https://search.shopping.naver.com/catalog/20858388549?NaPm=ct%3Dkqu6am88%7Cci%3Dc882eb544b8e3f9d3d430da366ad1c992b7eb689%7Ctr%3Dslsl%7Csn%3D95694%7Chk%3D78591770c32a9eafc2cf66dc128da6fec14a78e7,
0,A2215,아이폰11 Pro,5,인터파크,j*s*****,20.09.25.,빠륻 배송,구매하여 빠르게 배송받았습니다,https://search.shopping.naver.com/catalog/20858388549?NaPm=ct%3Dkqu6am88%7Cci%3Dc882eb544b8e3f9d3d430da366ad1c992b7eb689%7Ctr%3Dslsl%7Csn%3D95694%7Chk%3D78591770c32a9eafc2cf66dc128da6fec14a78e7,
0,A2215,아이폰11 Pro,5,위메프,big*****,20.04.21.,저렴하게 잘 샀는데요 배송은 한달 걸리고 개통은 일주일 걸렸어요,저렴하게 잘 샀는데요 배송은 한달 걸리고 개통은 일주일 걸렸어요혈압올라서 죽기직전에 받았습니다그래도 새 폰 사니 기분이 좋아여~~근데 케이스는 증정용 주신다더니 안주셨네요 ....^^,https://search.shopping.naver.com/catalog/20858388549?NaPm=ct%3Dkqu6am88%7Cci%3Dc882eb544b8e3f9d3d430da366ad1c992b7eb689%7Ctr%3Dslsl%7Csn%3D95694%7Chk%3D78591770c32a9eafc2cf66dc128da6fec14a78e7,
0,A2215,아이폰11 Pro,5,인터파크,j*j*****,19.12.07.,짱이예용 ㅎ,자주애용할께용 너무저아용ㅎㅎ,https://search.shopping.naver.com/catalog/20858388549?NaPm=ct%3Dkqu6am88%7Cci%3Dc882eb544b8e3f9d3d430da366ad1c992b7eb689%7Ctr%3Dslsl%7Csn%3D95694%7Chk%3D78591770c32a9eafc2cf66dc128da6fec14a78e7,
0,A2215,아이폰11 Pro,1,인터파크,q*w*****,19.11.23.,최악,9월사전예약해서11월중순에받고 비싸게사고 사은품은쓰레기4종이제서야 받고 이상입니다,https://search.shopping.naver.com/catalog/20858388549?NaPm=ct%3Dkqu6am88%7Cci%3Dc882eb544b8e3f9d3d430da366ad1c992b7eb689%7Ctr%3Dslsl%7Csn%3D95694%7Chk%3D78591770c32a9eafc2cf66dc128da6fec14a78e7,
0,A2215,아이폰11 Pro,5,애플 공식 브랜드스토어,dpdn****,21.01.07.,한달동안 사용해 보면서 너무 너무 만족하면서 사용하고 있어요!!!! 아이폰은 흔히 뽑기라고 하죠... 그래서 더 신뢰가 가는 애플 정식 온라인 스토어에서 구매한 것인데 흔히 있다는,한달동안 사용해 보면서 너무 너무 만족하면서 사용하고 있어요!!!! 아이폰은 흔히 뽑기라고 하죠... 그래서 더 신뢰가 가는 애플 정식 온라인 스토어에서 구매한 것인데 흔히 있다는 화면 깨짐..? 색이 다르게 보이는 부분 이런 것도 없었고 배터리도 상태 좋아요!! 어제 3시경 완충하고 현재 약 22시간 정도 사용 했는데 배터리가 59%나 남아 있어요!! 배터리 하나는 정말 빵빵한 듯 하네요 ㅎㅎ 그리고 같이 배송해주신 강화유리도 정말 좋아요! 제가 폰을 좀 자주 떨어뜨리는 편인데 깨지지도 않고 기스도 잘 안 나서 화면이 아주 깨끗하게 보여요,https://search.shopping.naver.com/catalog/20858385976?NaPm=ct%3Dkqu6an00%7Cci%3D038a8d30d5c98d8d0dd738d245613c7dd9669ba9%7Ctr%3Dslsl%7Csn%3D95694%7Chk%3D34cb84fea707a193f799c484599d4a2dd3c042c4,
0,A2215,아이폰11 Pro,1,애플 공식 브랜드스토어,redt****,20.10.22.,새상품인데  기스가 나있었어요 모서리 부분에요상품 교환하려면 직접가서 검사받아보라더군요제가 직접 박스 채로 들고거서 검사하고 그럴 시간이 없어서요일부러 공식에서 산건데 많이 아쉽네,새상품인데  기스가 나있었어요 모서리 부분에요상품 교환하려면 직접가서 검사받아보라더군요제가 직접 박스 채로 들고거서 검사하고 그럴 시간이 없어서요일부러 공식에서 산건데 많이 아쉽네요그래도 저한테 선택된 폰이니 길들여서 잘 쓰겠습니다그리고 뽁뽁이에만 몇겹 싸여 있는  포장이 좀  아쉅습니다  다들 뽑기  잘하셔야할듯!,https://search.shopping.naver.com/catalog/20858385976?NaPm=ct%3Dkqu6an00%7Cci%3D038a8d30d5c98d8d0dd738d245613c7dd9669ba9%7Ctr%3Dslsl%7Csn%3D95694%7Chk%3D34cb84fea707a193f799c484599d4a2dd3c042c4,
0,A2215,아이폰11 Pro,4,애플 공식 브랜드스토어,plum****,20.09.26.,"추석연휴 전 주라 배송이 좀 느리긴했네요 - 그래도 콜센터에서 전화와서 기분좋게 기다렸구요, 취급주의 상품인데 뽁뽁이 봉지로 한겹 쌓여져있는게 전부라 (상자안에 충전제를 넣는 등)","추석연휴 전 주라 배송이 좀 느리긴했네요 - 그래도 콜센터에서 전화와서 기분좋게 기다렸구요, 취급주의 상품인데 뽁뽁이 봉지로 한겹 쌓여져있는게 전부라 (상자안에 충전제를 넣는 등) 조금 더 신경써주시면 좋을것 같아요 - 제품은 19년 10월 제조라고 설명되있지만 20년에 나온 제품으로 받았구요, 처음에 소프트웨어 안되서 하루 애먹었지만 다행히 잘 해결되었습니다 - 같이 보내주신 코끼리 강화필름 셀프로 잘 붙였고, 막 사용하기 시작해서 발열은 어쩔 수 없는것 같아요 ㅎㅎ 아이폰7에서 바꾼거라 홈버튼 없고 화면 커진거랑 캡쳐 등 바뀐부분에 조금 익숙해져야 할 것들은 차차 나아지겠죠 ^^;; 아이폰11pro 늦은 막차 탔지만 너무 만족합니다 -",https://search.shopping.naver.com/catalog/20858385976?NaPm=ct%3Dkqu6an00%7Cci%3D038a8d30d5c98d8d0dd738d245613c7dd9669ba9%7Ctr%3Dslsl%7Csn%3D95694%7Chk%3D34cb84fea707a193f799c484599d4a2dd3c042c4,
0,A2215,아이폰11 Pro,4,애플 공식 브랜드스토어,gkh0****,20.08.28.,너무 예뻐요!! 근데 배송이 좀 아쉬워요 24일 저녁에 결제하고 25일에 바로 보내주셨는데 버뮤다 지대에서 이틀 머물고 28일 오후에 받았어요ㅠㅠ이건 배송업체 문제라 어쩔 수 없죠,"너무 예뻐요!! 근데 배송이 좀 아쉬워요 24일 저녁에 결제하고 25일에 바로 보내주셨는데 버뮤다 지대에서 이틀 머물고 28일 오후에 받았어요ㅠㅠ이건 배송업체 문제라 어쩔 수 없죠 뭐,,제품은 아주 만족합니다!포장도 안전하게 돼있었어요:)",https://search.shopping.naver.com/catalog/20858385976?NaPm=ct%3Dkqu6an00%7Cci%3D038a8d30d5c98d8d0dd738d245613c7dd9669ba9%7Ctr%3Dslsl%7Csn%3D95694%7Chk%3D34cb84fea707a193f799c484599d4a2dd3c042c4,
0,A2215,아이폰11 Pro,5,하이마트쇼핑몰,n*v*****,19.12.26.,생각보다 많이 무겁습니다. 범퍼,생각보다 많이 무겁습니다. 범퍼케이스까지 끼우고 쓸 자신이 없어서 그냥 알맹이로 들고다니기로..예쁘기는 엄청 예쁩니다. 미드나잇그린이 인기가 많나요 다른 색상들은 엘포인트 1만점 주는데 얘만 안주네요 아쉽.. 대신 색상이 맘에 쏙 들어서 좋습니다.+뭔 이삼일 사이로 가격이 떨어져요 빡치게,https://search.shopping.naver.com/catalog/20858385976?NaPm=ct%3Dkqu6an00%7Cci%3D038a8d30d5c98d8d0dd738d245613c7dd9669ba9%7Ctr%3Dslsl%7Csn%3D95694%7Chk%3D34cb84fea707a193f799c484599d4a2dd3c042c4,
0,A2215,아이폰11 Pro,4,하이마트쇼핑몰,d*d*****,20.08.19.,"물건 잘받았구요 배송도 빠르요.

",물건 잘받았구요 배송도 빠르요.새제품인거같긴한데 제조년월이 19년 12월인건 좀 의문스러워요.그리구 배송조회를 해도 배송중이라고만 뜨길래 혹시나 해서 문앞에 가보니까 이미 두고 가셨더라고요.. 몇푼하는 물건도 아니고 분실위험도 있고 벨이라도 눌러주시지  이런 부분은 아쉽네요,https://search.shopping.naver.com/catalog/20858385976?NaPm=ct%3Dkqu6an00%7Cci%3D038a8d30d5c98d8d0dd738d245613c7dd9669ba9%7Ctr%3Dslsl%7Csn%3D95694%7Chk%3D34cb84fea707a193f799c484599d4a2dd3c042c4,
0,A2215,아이폰11 Pro,5,위메프,sbs*****,20.08.04.,배송도 바로 다음날 받아볼 수 있고 아이폰11pro를 염두해두셨다면 여기서 구입하시는게 가장 저렴하네요.,배송도 바로 다음날 받아볼 수 있고 아이폰11pro를 염두해두셨다면 여기서 구입하시는게 가장 저렴하네요.색상도 미드나잇그린 너무 이쁘고 좋아요.판매자분이 답변도 바로바로 체크해주시니 더 좋았습니다.전 추천코드가 없어서 싸게 사지못했지만 링크 남겨드릴테니 할인 더 받고 구매하세요. 우리모두 앱등이가 되자구요 ㅋㅋhttps://wpay.wemakeprice.com/fs/share/qe4dkp2rd7c6,https://search.shopping.naver.com/catalog/20858385976?NaPm=ct%3Dkqu6an00%7Cci%3D038a8d30d5c98d8d0dd738d245613c7dd9669ba9%7Ctr%3Dslsl%7Csn%3D95694%7Chk%3D34cb84fea707a193f799c484599d4a2dd3c042c4,
0,A2215,아이폰11 Pro,5,하이마트쇼핑몰,w*5*****,19.12.01.,아이폰11 프로 미드나잇그린 색깔,아이폰11 프로 미드나잇그린 색깔로 구매했습니다.생폰으로는 실버가 최고인데 옆면 스뎅이 엄청 기스가 많이 난디고 하네여.폰은 당연히 감성과 성능에서는 최고의 폰입니다.카메라는 갤럭시텐 급과 큰 차이는 없습니다. 잘찍혀여~사진은 dbrand에서 스킨으로 마무리해보았습니다.,https://search.shopping.naver.com/catalog/20858385976?NaPm=ct%3Dkqu6an00%7Cci%3D038a8d30d5c98d8d0dd738d245613c7dd9669ba9%7Ctr%3Dslsl%7Csn%3D95694%7Chk%3D34cb84fea707a193f799c484599d4a2dd3c042c4,
0,A2215,아이폰11 Pro,5,하이마트쇼핑몰,n*v*****,19.12.26.,생각보다 많이 무겁습니다. 범퍼,생각보다 많이 무겁습니다. 범퍼케이스까지 끼우고 쓸 자신이 없어서 그냥 알맹이로 들고다니기로..예쁘기는 엄청 예쁩니다. 미드나잇그린이 인기가 많나요 다른 색상들은 엘포인트 1만점 주는데 얘만 안주네요 아쉽.. 대신 색상이 맘에 쏙 들어서 좋습니다.+ 사흘사이로 가격이 떨어졌네요 빡치게,https://search.shopping.naver.com/catalog/20858385976?NaPm=ct%3Dkqu6an00%7Cci%3D038a8d30d5c98d8d0dd738d245613c7dd9669ba9%7Ctr%3Dslsl%7Csn%3D95694%7Chk%3D34cb84fea707a193f799c484599d4a2dd3c042c4,
0,A2215,아이폰11 Pro,1,하이마트쇼핑몰,wo******,19.11.15.,상품은 굳인데 꼭 롯데택배 진짜 ,"상품은 굳인데 꼭 롯데택배 진짜 최악입니다 112호인데 110호에 확인도 안하고 던져놓고 배달완료로 갑자기 바뀌어있더군요 두시간정도 있다가 완료뜬거보고 전화해보니 갖다놨다는 말만.. 배달완료되었으면 전화는 아니더라도 문자로라도 배달완료표시 떴으면 좋았을텐데 배달하시는분 전화번호도 안뜨고, 택배사에 직접전화해서 한참기다린뒤 통화한뒤에 겨우 택배기사분 번호 알아내고 겨우 어디다 놨는지 찾았네요 한두푼도 아니고 암튼 배송때문에 기분 팍 상해부럿으",https://search.shopping.naver.com/catalog/20858385976?NaPm=ct%3Dkqu6an00%7Cci%3D038a8d30d5c98d8d0dd738d245613c7dd9669ba9%7Ctr%3Dslsl%7Csn%3D95694%7Chk%3D34cb84fea707a193f799c484599d4a2dd3c042c4,
0,A2215,아이폰11 Pro,4,하이마트쇼핑몰,b*a*****,19.11.07.,상품은 특별히 문제는 없을것 같,"상품은 특별히 문제는 없을것 같은데요배송할때 문제가 좀 있네요제품 배송기간이 2,3일 걸리니 기다려달라고 하는건 제 입장에서 충분히 괜찮은데요.실제 화요일 배송된다고 해놓고 수요일 배송해주고 나서 택배 배송 기록에는 화요일 밤에 배송됐다고 택배회사에서 기록하네요. 늦게 오는건 큰 상관 없는데 거짓으로 실적 기록하시는거 같아서 좀 불편합니다",https://search.shopping.naver.com/catalog/20858385976?NaPm=ct%3Dkqu6an00%7Cci%3D038a8d30d5c98d8d0dd738d245613c7dd9669ba9%7Ctr%3Dslsl%7Csn%3D95694%7Chk%3D34cb84fea707a193f799c484599d4a2dd3c042c4,
0,A2215,아이폰11 Pro,5,하이마트쇼핑몰,h*o*****,21.02.21.,나온지 1년도 넘게 지났는데도 불,나온지 1년도 넘게 지났는데도 불구하고 아이폰12 못지않게 각종 성능이나 디자인 등 상당히 만족스런 부분이 많네요~,https://search.shopping.naver.com/catalog/20858385976?NaPm=ct%3Dkqu6an00%7Cci%3D038a8d30d5c98d8d0dd738d245613c7dd9669ba9%7Ctr%3Dslsl%7Csn%3D95694%7Chk%3D34cb84fea707a193f799c484599d4a2dd3c042c4,
0,A2215,아이폰11 Pro,5,애플 공식 브랜드스토어,rain****,21.05.07.,골드예쁘네요고민고민했는데 선택잘했네요,골드예쁘네요고민고민했는데 선택잘했네요,https://search.shopping.naver.com/catalog/20858385976?NaPm=ct%3Dkqu6an00%7Cci%3D038a8d30d5c98d8d0dd738d245613c7dd9669ba9%7Ctr%3Dslsl%7Csn%3D95694%7Chk%3D34cb84fea707a193f799c484599d4a2dd3c042c4,
0,A2215,아이폰11 Pro,5,애플 공식 브랜드스토어,song****,21.04.30.,아이폰 11 프로 좋네요~ 사진 화질도 좋고 너무 맘에 들어요 ~^^,아이폰 11 프로 좋네요~ 사진 화질도 좋고 너무 맘에 들어요 ~^^,https://search.shopping.naver.com/catalog/20858385976?NaPm=ct%3Dkqu6an00%7Cci%3D038a8d30d5c98d8d0dd738d245613c7dd9669ba9%7Ctr%3Dslsl%7Csn%3D95694%7Chk%3D34cb84fea707a193f799c484599d4a2dd3c042c4,
0,A2215,아이폰11 Pro,5,하이마트쇼핑몰,c*s*****,21.04.13.,아이폰만 사용하는 아이라서 이번,아이폰만 사용하는 아이라서 이번 행사때 사주게 되었어요 맘에 들어하네요,https://search.shopping.naver.com/catalog/20858385976?NaPm=ct%3Dkqu6an00%7Cci%3D038a8d30d5c98d8d0dd738d245613c7dd9669ba9%7Ctr%3Dslsl%7Csn%3D95694%7Chk%3D34cb84fea707a193f799c484599d4a2dd3c042c4,
0,A2215,아이폰11 Pro,5,하이마트쇼핑몰,s*0*****,21.03.23.,좋은제품 빠르게 잘받았어요,좋은제품 빠르게 잘받았어요,https://search.shopping.naver.com/catalog/20858385976?NaPm=ct%3Dkqu6an00%7Cci%3D038a8d30d5c98d8d0dd738d245613c7dd9669ba9%7Ctr%3Dslsl%7Csn%3D95694%7Chk%3D34cb84fea707a193f799c484599d4a2dd3c042c4,
0,A2215,아이폰11 Pro,5,Monkeys,shlo****,21.02.26.,배송 아주아주 빠르고 상품도 만족합니다!!,배송 아주아주 빠르고 상품도 만족합니다!!,https://search.shopping.naver.com/catalog/20858385976?NaPm=ct%3Dkqu6an00%7Cci%3D038a8d30d5c98d8d0dd738d245613c7dd9669ba9%7Ctr%3Dslsl%7Csn%3D95694%7Chk%3D34cb84fea707a193f799c484599d4a2dd3c042c4,
0,A2215,아이폰11 Pro,5,하이마트쇼핑몰,s*o*****,21.02.12.,"
가격 저렴 배송 빨라서 좋았어요.",가격 저렴 배송 빨라서 좋았어요. ,https://search.shopping.naver.com/catalog/20858385976?NaPm=ct%3Dkqu6an00%7Cci%3D038a8d30d5c98d8d0dd738d245613c7dd9669ba9%7Ctr%3Dslsl%7Csn%3D95694%7Chk%3D34cb84fea707a193f799c484599d4a2dd3c042c4,
0,A2215,아이폰11 Pro,5,하이마트쇼핑몰,K*8*****,21.01.21.,택배가 늦게왔지만 상품은 만족해,택배가 늦게왔지만 상품은 만족해요,https://search.shopping.naver.com/catalog/20858385976?NaPm=ct%3Dkqu6an00%7Cci%3D038a8d30d5c98d8d0dd738d245613c7dd9669ba9%7Ctr%3Dslsl%7Csn%3D95694%7Chk%3D34cb84fea707a193f799c484599d4a2dd3c042c4,
0,A2215,아이폰11 Pro,2,하이마트쇼핑몰,h*h*****,21.05.13.,아들이 너무 좋아하네요,아들이 너무 좋아하네요,https://search.shopping.naver.com/catalog/20858385976?NaPm=ct%3Dkqu6an00%7Cci%3D038a8d30d5c98d8d0dd738d245613c7dd9669ba9%7Ctr%3Dslsl%7Csn%3D95694%7Chk%3D34cb84fea707a193f799c484599d4a2dd3c042c4,
0,A2215,아이폰11 Pro,4,G마켓,mj******,19.11.26.,빠른 배송 감사,하루 배송 준비 마감 전에 직원이 통하를 하여 서둘러서  주문 완료하여 다음날 바로 배송을 받을수 있어서 넘무 넘무 감사합니다,https://search.shopping.naver.com/catalog/20858385412?NaPm=ct%3Dkqu6aojk%7Cci%3D535d7a1462fe6b1f9988825dad5c8c01a6ca3c6e%7Ctr%3Dslsl%7Csn%3D95694%7Chk%3D215e1d400dbb47a9e576c30472447a70681f7860,
0,A2215,아이폰11 Pro,5,위메프,ds2*****,19.11.06.,19일결제 어제 받았습니다.,19일결제 어제 받았습니다.옵니다 여러분!! 기다리세요!!ㅋㅋ,https://search.shopping.naver.com/catalog/20858385412?NaPm=ct%3Dkqu6aojk%7Cci%3D535d7a1462fe6b1f9988825dad5c8c01a6ca3c6e%7Ctr%3Dslsl%7Csn%3D95694%7Chk%3D215e1d400dbb47a9e576c30472447a70681f7860,
0,A2215,아이폰11 Pro,5,인터파크,c*o*****,19.10.29.,굿굿굿,배송도 빠르고 물건 제대로 잘 왔어요^^ 감사합니다~,https://search.shopping.naver.com/catalog/20858385412?NaPm=ct%3Dkqu6aojk%7Cci%3D535d7a1462fe6b1f9988825dad5c8c01a6ca3c6e%7Ctr%3Dslsl%7Csn%3D95694%7Chk%3D215e1d400dbb47a9e576c30472447a70681f7860,
0,A2215,아이폰11 Pro,4,위메프,did*****,19.10.28.,상품 잘받고 개통도 잘 했어요~,상품 잘받고 개통도 잘 했어요~근데 투명케이스 하나 안주시고 섭섭하네요ㅠ,https://search.shopping.naver.com/catalog/20858388864?NaPm=ct%3Dkqu6apbc%7Cci%3D724ff2d7a7bc962eec59c9ba65f29d760a1b2256%7Ctr%3Dslsl%7Csn%3D95694%7Chk%3D58eff5ef6ce9c90f967e65fae2475436c3672a04,
