pl_id,pl_maker,pl_group,pl_model_code,pl_name,pl_model_name,,링크제목,나무위키링크단품,나무위키링크시리즈
1,apple,apple,A2221,아이폰11,iphone11,,iPhone 11,https://namu.wiki/w/iPhone%2011,
2,apple,apple,A2215,아이폰11 Pro,iphone11 Pro,,iPhone 11 Pro,https://namu.wiki/w/iPhone%2011%20Pro,
3,apple,apple,A2218,아이폰11 Pro Max,iphone11 Pro Max,,iPhone 11 Pro Max,https://namu.wiki/w/iPhone%2011%20Pro%20Max,
4,apple,apple,A2097,아이폰Xs,iphoneXs,,iPhone XS,https://namu.wiki/w/iPhone%20XS,
5,apple,apple,A2101,아이폰Xs Max,iphoneXs Max,,iPhone XS Max,https://namu.wiki/w/iPhone%20XS%20Max,
6,apple,apple,A2105,아이폰Xr,iphoneXr,,iPhone XR,https://namu.wiki/w/iPhone%20XR,
7,apple,apple,A1901,아이폰X,iphoneX,,iPhone X,https://namu.wiki/w/iPhone%20X,
8,apple,apple,A1905,아이폰8,iphone8,,iPhone 8,https://namu.wiki/w/iPhone%208,
9,apple,apple,A1897,아이폰8 Plus,iphone8 Plus,,iPhone 8 Plus,https://namu.wiki/w/iPhone%208%20Plus,
10,apple,apple,A1778,아이폰7,iphone7,,iPhone 7,https://namu.wiki/w/iPhone%207,
11,apple,apple,A1784,아이폰7 Plus,iphone7 Plus,,iPhone 7 Plus,https://namu.wiki/w/iPhone%207%20Plus,
12,apple,apple,A1723,아이폰SE,iphoneSE,,iPhone SE,https://namu.wiki/w/iPhone%20SE,
13,apple,apple,A1688,아이폰6s,iphone6s,,iPhone 6s,https://namu.wiki/w/iPhone%206s,
14,apple,apple,A1687,아이폰6s Plus,iphone6s Plus,,iPhone 6s Plus,https://namu.wiki/w/iPhone%206s%20Plus,
15,apple,apple,A1586,아이폰6,iphone6,,iPhone 6,https://namu.wiki/w/iPhone%206,
16,apple,apple,A1524,아이폰6 Plus,iphone6 Plus,,iPhone 6 Plus,https://namu.wiki/w/iPhone%206%20Plus,
17,apple,apple,A1530,아이폰5s,iphone5s,,iPhone 5s,https://namu.wiki/w/iPhone%205s,
18,apple,apple,A1532,아이폰5c,iphone5c,,iPhone 5c,https://namu.wiki/w/iPhone%205c,
19,apple,apple,A1428,아이폰5,iphone5,,iPhone 5,https://namu.wiki/w/iPhone%205,
20,apple,apple,A1387,아이폰4s,iphone4s,,아이폰4s,https://namu.wiki/w/%EC%95%84%EC%9D%B4%ED%8F%B04s,
21,apple,apple,A1332,아이폰4,iphone4,,iPhone 4,https://namu.wiki/w/iPhone%204,
22,samsung,a_series,SM-A908,갤럭시 A90 5G,Galaxy A90 5G,,갤럭시 A90 5G,https://namu.wiki/w/%EA%B0%A4%EB%9F%AD%EC%8B%9C%20A90%205G,
23,samsung,a_series,SM-A505,갤럭시 A50,Galaxy A50,,갤럭시 A50,https://namu.wiki/w/%EA%B0%A4%EB%9F%AD%EC%8B%9C%20A50,
24,samsung,a_series,SM-A405,갤럭시 A40,Galaxy A40,,갤럭시 A40,https://namu.wiki/w/%EA%B0%A4%EB%9F%AD%EC%8B%9C%20A40,
25,samsung,a_series,SM-A305,갤럭시 A30,Galaxy A30,,갤럭시 A30,https://namu.wiki/w/%EA%B0%A4%EB%9F%AD%EC%8B%9C%20A30,
26,samsung,samsung,SM-A205,갤럭시 와이드4,Galaxy Wide4,,갤럭시 와이드4,https://namu.wiki/w/%EA%B0%A4%EB%9F%AD%EC%8B%9C%20%EC%99%80%EC%9D%B4%EB%93%9C4,
27,samsung,a_series,SM-G887,갤럭시 A9 Pro,Galaxy A9 Pro,,갤럭시 A9,https://namu.wiki/w/%EA%B0%A4%EB%9F%AD%EC%8B%9C%20A9,
28,samsung,a_series,SM-G885,갤럭시 A8 Star,Galaxy A8 Star,,갤럭시 A9,https://namu.wiki/w/%EA%B0%A4%EB%9F%AD%EC%8B%9C%20A9,
29,samsung,a_series,SM-A920,갤럭시 A9 2018,Galaxy A9 2018,,갤럭시 A9(2018),https://namu.wiki/w/%EA%B0%A4%EB%9F%AD%EC%8B%9C%20A9(2018),
30,samsung,a_series,SM-A530,갤럭시 A8 2018,Galaxy A8 2018,,갤럭시 A8 2018,https://namu.wiki/w/%EA%B0%A4%EB%9F%AD%EC%8B%9C%20A8%202018,
31,samsung,a_series,SM-A600,갤럭시 A6 2018,Galaxy A6 2018,,갤럭시 A6,https://namu.wiki/w/%EA%B0%A4%EB%9F%AD%EC%8B%9C%20A6,
32,samsung,a_series,SM-A750,갤럭시 A7 2018,Galaxy A7 2018,,갤럭시 A7(2018),https://namu.wiki/w/%EA%B0%A4%EB%9F%AD%EC%8B%9C%20A7(2018),
33,samsung,a_series,SM-A520,갤럭시 A5 2017,Galaxy A5 2017,,갤럭시 A5(2017),https://namu.wiki/w/%EA%B0%A4%EB%9F%AD%EC%8B%9C%20A5(2017),
34,samsung,a_series,SM-A810,갤럭시 A8 2016,Galaxy A8 2016,,갤럭시 A8 2016,https://namu.wiki/w/%EA%B0%A4%EB%9F%AD%EC%8B%9C%20A8%202016,
35,samsung,a_series,SM-A310,갤럭시 A3 2016,Galaxy A3 2016,,갤럭시 A3(2016),https://namu.wiki/w/%EA%B0%A4%EB%9F%AD%EC%8B%9C%20A3(2016),
36,samsung,a_series,SM-A510,갤럭시 A5 2016,Galaxy A5 2016,,갤럭시 A5(2016),https://namu.wiki/w/%EA%B0%A4%EB%9F%AD%EC%8B%9C%20A5(2016),
37,samsung,a_series,SM-A710,갤럭시 A7 2016,Galaxy A7 2016,,갤럭시 A7(2016),https://namu.wiki/w/%EA%B0%A4%EB%9F%AD%EC%8B%9C%20A7(2016),
38,samsung,a_series,SM-A800,갤럭시 A8,Galaxy A8,,SM-A800,https://namu.wiki/w/SM-A800,
39,samsung,a_series,SM-A500,갤럭시 A5,Galaxy A5,,SM-A500,https://namu.wiki/w/SM-A500,
40,samsung,a_series,SM-A300,갤럭시 A3,Galaxy A3,,갤럭시 A 시리즈/1세대,,https://namu.wiki/w/%EA%B0%A4%EB%9F%AD%EC%8B%9C%20A%20%EC%8B%9C%EB%A6%AC%EC%A6%88/1%EC%84%B8%EB%8C%80
41,samsung,a_series,SM-A700,갤럭시 A7,Galaxy A7,,SM-A700,https://namu.wiki/w/SM-A700,
42,samsung,a_series,SHW-M100,갤럭시 A,Galaxy A,,갤럭시 A,https://namu.wiki/w/%EA%B0%A4%EB%9F%AD%EC%8B%9C%20A,
43,samsung,j_series,SM-J250,갤럭시 J2 Pro,Galaxy J2 Pro,,갤럭시 J2 Pro,https://namu.wiki/w/%EA%B0%A4%EB%9F%AD%EC%8B%9C%20J2%20Pro,
44,samsung,j_series,SM-J330,갤럭시 J3 2017,Galaxy J3 2017,,갤럭시 J3(2017),https://namu.wiki/w/%EA%B0%A4%EB%9F%AD%EC%8B%9C%20J3(2017),
45,samsung,j_series,SM-J530,갤럭시 J5 2017,Galaxy J5 2017,,SM-J530,https://namu.wiki/w/SM-J530,
46,samsung,j_series,SM-J730,갤럭시 J7 2017,Galaxy J7 2017,,SM-J730,https://namu.wiki/w/SM-J730,
47,samsung,j_series,SM-J320,갤럭시 J3 2016,Galaxy J3 2016,,SM-J320,https://namu.wiki/w/SM-J320,
48,samsung,j_series,SM-J710,갤럭시 J7 2016,Galaxy J7 2016,,갤럭시 J7(2016),https://namu.wiki/w/%EA%B0%A4%EB%9F%AD%EC%8B%9C%20J7(2016),
49,samsung,j_series,SM-J510,갤럭시 J5 2016,Galaxy J5 2016,,SM-J510,https://namu.wiki/w/SM-J510,
50,samsung,j_series,SM-J700,갤럭시 J7,Galaxy J7,,갤럭시 J7,https://namu.wiki/w/%EA%B0%A4%EB%9F%AD%EC%8B%9C%20J7,
51,samsung,j_series,SM-J600,갤럭시 J6,Galaxy J6,,갤럭시 J6,https://namu.wiki/w/%EA%B0%A4%EB%9F%AD%EC%8B%9C%20J6,
52,samsung,j_series,SM-J500,갤럭시 J5,Galaxy J5,,갤럭시 J5,https://namu.wiki/w/%EA%B0%A4%EB%9F%AD%EC%8B%9C%20J5,
53,samsung,j_series,SM-J415,갤럭시 J4 Plus,Galaxy J4 Plus,,갤럭시 J4+,https://namu.wiki/w/%EA%B0%A4%EB%9F%AD%EC%8B%9C%20J4%2B,
54,samsung,s_series,SM-G977,갤럭시S10 5G,GalaxyS10 5G,,SM-G977,https://namu.wiki/w/SM-G977,
55,samsung,s_series,SM-G970,갤럭시S10e,GalaxyS10e,,갤럭시S10e,https://namu.wiki/w/%EA%B0%A4%EB%9F%AD%EC%8B%9C%20S10e?from=%EA%B0%A4%EB%9F%AD%EC%8B%9Cs10e,
56,samsung,s_series,SM-G973,갤럭시S10,GalaxyS10,,갤럭시S10,https://namu.wiki/w/%EA%B0%A4%EB%9F%AD%EC%8B%9CS10,
57,samsung,s_series,SM-G975,갤럭시S10 Plus,GalaxyS10 Plus,,갤럭시S10,https://namu.wiki/w/%EA%B0%A4%EB%9F%AD%EC%8B%9CS10,
58,samsung,s_series,SM-G960,갤럭시S9,GalaxyS9,,SM-G960,https://namu.wiki/w/SM-G960,
59,samsung,s_series,SM-G965,갤럭시S9 Plus,GalaxyS9 Plus,,SM-G965,https://namu.wiki/w/SM-G965,
60,samsung,s_series,SM-G950,갤럭시S8,GalaxyS8,,SM-G950,https://namu.wiki/w/SM-G950,
61,samsung,s_series,SM-G955,갤럭시S8 Plus,GalaxyS8 Plus,,SM-G955,https://namu.wiki/w/SM-G955,
62,samsung,s_series,SM-G930,갤럭시S7,GalaxyS7,,갤럭시S7,https://namu.wiki/w/%EA%B0%A4%EB%9F%AD%EC%8B%9CS7,
63,samsung,s_series,SM-G935,갤럭시S7 Edge,GalaxyS7 Edge,,갤럭시S7,https://namu.wiki/w/%EA%B0%A4%EB%9F%AD%EC%8B%9CS7,
64,samsung,s_series,SM-G928,갤럭시S6 Edge Plus,GalaxyS6 Edge Plus,,갤럭시 S6 엣지+,https://namu.wiki/w/%EA%B0%A4%EB%9F%AD%EC%8B%9C%20S6%20%EC%97%A3%EC%A7%80%2B?from=Galaxy%20S6%20Edge%20Plus,
65,samsung,s_series,SM-G925,갤럭시S6 Edge,GalaxyS6 Edge,,갤럭시 S6 엣지,https://namu.wiki/w/%EA%B0%A4%EB%9F%AD%EC%8B%9C%20S6%20%EC%97%A3%EC%A7%80?from=s6%20%EC%97%A3%EC%A7%80,
66,samsung,s_series,SM-G920,갤럭시S6,GalaxyS6,,갤럭시S6,https://namu.wiki/w/%EA%B0%A4%EB%9F%AD%EC%8B%9CS6,
67,samsung,s_series,SM-G900,갤럭시S5,GalaxyS5,,갤럭시 S5,https://namu.wiki/w/%EA%B0%A4%EB%9F%AD%EC%8B%9C%20S5,
68,samsung,s_series,SM-G906,갤럭시S5 LTE-A,GalaxyS5 LTE-A,,갤럭시S5,https://namu.wiki/w/%EA%B0%A4%EB%9F%AD%EC%8B%9CS5,
69,samsung,s_series,SHV-E300,갤럭시S4 ,GalaxyS4,,갤럭시S4,https://namu.wiki/w/%EA%B0%A4%EB%9F%AD%EC%8B%9CS4,
70,samsung,s_series,SHV-E330,갤럭시S4 LTE-A,GalaxyS4 LTE-A,,갤럭시S4,https://namu.wiki/w/%EA%B0%A4%EB%9F%AD%EC%8B%9CS4,
71,samsung,s_series,SHV-E470,갤럭시S4 Active,GalaxyS4 Active,,갤럭시S4,https://namu.wiki/w/%EA%B0%A4%EB%9F%AD%EC%8B%9CS4,
72,samsung,s_series,SM-C105,갤럭시S4 Zoom,GalaxyS4 Zoom,,갤럭시S4 Zoom,https://namu.wiki/w/%EA%B0%A4%EB%9F%AD%EC%8B%9CS4%20Zoom,
73,samsung,s_series,SHV-E370,갤럭시S4 Mini,GalaxyS4 Mini,,갤럭시S4,https://namu.wiki/w/%EA%B0%A4%EB%9F%AD%EC%8B%9CS4,
74,samsung,s_series,SHV-E210,갤럭시S3 LTE,GalaxyS3 LTE,,갤럭시S3 LTE,https://namu.wiki/w/%EA%B0%A4%EB%9F%AD%EC%8B%9CS3%20LTE,
75,samsung,s_series,SHV-M440,갤럭시S3 3G,GalaxyS3 3G,,갤럭시 S III,https://namu.wiki/w/%EA%B0%A4%EB%9F%AD%EC%8B%9C%20S%20III?from=%EA%B0%A4%EB%9F%AD%EC%8B%9CS3,
76,samsung,s_series,SHW-M250,갤럭시S2 ,GalaxyS2,,갤럭시S2,https://namu.wiki/w/%EA%B0%A4%EB%9F%AD%EC%8B%9CS2,
77,samsung,s_series,SHV-E120,갤럭시S2 HD LTE,GalaxyS2 HD LTE,,갤럭시 S II HD LTE,https://namu.wiki/w/%EA%B0%A4%EB%9F%AD%EC%8B%9C%20S%20II%20HD%20LTE,
78,samsung,s_series,SHV-E110,갤럭시S2 LTE,GalaxyS2 LTE,,갤럭시S2,https://namu.wiki/w/%EA%B0%A4%EB%9F%AD%EC%8B%9CS2,
79,samsung,s_series,SHW-M110,갤럭시S,GalaxyS,,갤럭시S,https://namu.wiki/w/%EA%B0%A4%EB%9F%AD%EC%8B%9CS,
80,samsung,s_series,SHW-M190,갤럭시S Hoppin,GalaxyS Hoppin,,갤럭시S,https://namu.wiki/w/%EA%B0%A4%EB%9F%AD%EC%8B%9CS,
81,samsung,samsung,SM-G720,갤럭시그랜드 맥스,GalaxyGrand Max,,갤럭시 그랜드 맥스,https://namu.wiki/w/%EA%B0%A4%EB%9F%AD%EC%8B%9C%20%EA%B7%B8%EB%9E%9C%EB%93%9C%20%EB%A7%A5%EC%8A%A4,
82,samsung,samsung,SM-G710,갤럭시그랜드2,GalaxyGrand2,,갤럭시 그랜드2,https://namu.wiki/w/%EA%B0%A4%EB%9F%AD%EC%8B%9C%20%EA%B7%B8%EB%9E%9C%EB%93%9C2,
83,samsung,samsung,SHV-E270,갤럭시그랜드,GalaxyGrand,,갤럭시 그랜드,https://namu.wiki/w/%EA%B0%A4%EB%9F%AD%EC%8B%9C%20%EA%B7%B8%EB%9E%9C%EB%93%9C,
84,samsung,note_series,SM-N971,갤럭시노트10,GalaxyNote10,,갤럭시 노트10,https://namu.wiki/w/%EA%B0%A4%EB%9F%AD%EC%8B%9C%20%EB%85%B8%ED%8A%B810,
85,samsung,note_series,SM-N976,갤럭시노트10 Plus,GalaxyNote10 Plus,,갤럭시 노트10+,https://namu.wiki/w/%EA%B0%A4%EB%9F%AD%EC%8B%9C%20%EB%85%B8%ED%8A%B810%2B,
86,samsung,note_series,SM-N960,갤럭시노트9,GalaxyNote9,,갤럭시노트9,https://namu.wiki/w/%EA%B0%A4%EB%9F%AD%EC%8B%9C%EB%85%B8%ED%8A%B89,
87,samsung,note_series,SM-N950,갤럭시노트8,GalaxyNote8,,갤럭시 노트8,https://namu.wiki/w/%EA%B0%A4%EB%9F%AD%EC%8B%9C%20%EB%85%B8%ED%8A%B88,
88,samsung,note_series,SM-N935,갤럭시노트FE,GalaxyNoteFE,,갤럭시 노트 FE,https://namu.wiki/w/%EA%B0%A4%EB%9F%AD%EC%8B%9C%20%EB%85%B8%ED%8A%B8%20FE?from=%EB%85%B8%ED%8A%B8%20FE,
89,samsung,note_series,SM-N930,갤럭시노트7,GalaxyNote7,,갤럭시노트7,https://namu.wiki/w/%EA%B0%A4%EB%9F%AD%EC%8B%9C%EB%85%B8%ED%8A%B87,
90,samsung,note_series,SM-N920,갤럭시노트5,GalaxyNote5,,갤럭시노트5,https://namu.wiki/w/%EA%B0%A4%EB%9F%AD%EC%8B%9C%EB%85%B8%ED%8A%B85,
91,samsung,note_series,SM-N910,갤럭시노트4,GalaxyNote4,,갤럭시 노트4,https://namu.wiki/w/%EA%B0%A4%EB%9F%AD%EC%8B%9C%20%EB%85%B8%ED%8A%B84,
92,samsung,note_series,SM-N916,갤럭시노트4 S-LTE,GalaxyNote4 S-LTE,,갤럭시 노트4,https://namu.wiki/w/%EA%B0%A4%EB%9F%AD%EC%8B%9C%20%EB%85%B8%ED%8A%B84,
93,samsung,note_series,SM-N915,갤럭시노트4 Edge,GalaxyNote4 Edge,,갤럭시노트4,https://namu.wiki/w/%EA%B0%A4%EB%9F%AD%EC%8B%9C%EB%85%B8%ED%8A%B84,
94,samsung,note_series,SM-N900,갤럭시노트3,GalaxyNote3,,갤럭시노트3,https://namu.wiki/w/%EA%B0%A4%EB%9F%AD%EC%8B%9C%EB%85%B8%ED%8A%B83,
95,samsung,note_series,SM-N750,갤럭시노트3 Neo,GalaxyNote3 Neo,,갤럭시 노트3 네오,https://namu.wiki/w/%EA%B0%A4%EB%9F%AD%EC%8B%9C%20%EB%85%B8%ED%8A%B83%20%EB%84%A4%EC%98%A4,
96,samsung,note_series,SHV-E250,갤럭시노트2,GalaxyNote2,,갤럭시 노트 II,https://namu.wiki/w/%EA%B0%A4%EB%9F%AD%EC%8B%9C%20%EB%85%B8%ED%8A%B8%20II,
97,samsung,note_series,SHV-E160,갤럭시노트,GalaxyNote,,갤럭시노트,https://namu.wiki/w/%EA%B0%A4%EB%9F%AD%EC%8B%9C%EB%85%B8%ED%8A%B8,
98,samsung,samsung_folder,SM-G160,갤럭시폴더2,GalaxyFolder2,,갤럭시 폴더2,https://namu.wiki/w/%EA%B0%A4%EB%9F%AD%EC%8B%9C%20%ED%8F%B4%EB%8D%942,
99,samsung,samsung,SM-G610,갤럭시 온7 2016,Galaxy On7 2016,,갤럭시 On7(2016),https://namu.wiki/w/%EA%B0%A4%EB%9F%AD%EC%8B%9C%20On7(2016),
100,samsung,samsung,SM-G600,갤럭시와이드,GalaxyWide,,갤럭시 와이드,https://namu.wiki/w/%EA%B0%A4%EB%9F%AD%EC%8B%9C%20%EC%99%80%EC%9D%B4%EB%93%9C,
101,samsung,samsung,SM-J737,갤럭시와이드3,GalaxyWide3,,갤럭시 와이드3,https://namu.wiki/w/%EA%B0%A4%EB%9F%AD%EC%8B%9C%20%EC%99%80%EC%9D%B4%EB%93%9C3,
102,samsung,samsung,SM-G850,갤럭시알파,GalaxyAlpha,,갤럭시 알파,https://namu.wiki/w/%EA%B0%A4%EB%9F%AD%EC%8B%9C%20%EC%95%8C%ED%8C%8C,
103,samsung,samsung,SHW-M585,갤럭시코어,GalaxyCore,,갤럭시 코어,,https://namu.wiki/w/%EA%B0%A4%EB%9F%AD%EC%8B%9C%20%EC%BD%94%EC%96%B4
104,samsung,samsung,SHW-M580,갤럭시코어 Safe,GalaxyCore Safe,,갤럭시 코어,,https://namu.wiki/w/%EA%B0%A4%EB%9F%AD%EC%8B%9C%20%EC%BD%94%EC%96%B4
105,samsung,samsung,SHW-M570,갤럭시코어 Advance,GalaxyCore Advance,,갤럭시 코어 어드밴스,https://namu.wiki/w/%EA%B0%A4%EB%9F%AD%EC%8B%9C%20%EC%BD%94%EC%96%B4%20%EC%96%B4%EB%93%9C%EB%B0%B4%EC%8A%A4,
106,samsung,samsung,SM-T255,갤럭시W,GalaxyW,,갤럭시 W,https://namu.wiki/w/%EA%B0%A4%EB%9F%AD%EC%8B%9C%20W,
107,samsung,samsung,SM-C115,갤럭시줌2,GalaxyZoom2,,갤럭시 줌2,https://namu.wiki/w/%EA%B0%A4%EB%9F%AD%EC%8B%9C%20%EC%A4%8C2,
108,samsung,samsung,SHV-E500,갤럭시윈,GalaxyWin,,갤럭시 Win,https://namu.wiki/w/%EA%B0%A4%EB%9F%AD%EC%8B%9C%20Win?from=%EA%B0%A4%EB%9F%AD%EC%8B%9C%20%EC%9C%88,
109,samsung,samsung,SM-G910,갤럭시라운드,GalaxyRound,,갤럭시 라운드,https://namu.wiki/w/%EA%B0%A4%EB%9F%AD%EC%8B%9C%20%EB%9D%BC%EC%9A%B4%EB%93%9C,
110,samsung,samsung,SHV-E400,갤럭시골든,GalaxyGolden,,갤럭시 골든,https://namu.wiki/w/%EA%B0%A4%EB%9F%AD%EC%8B%9C%20%EA%B3%A8%EB%93%A0,
111,samsung,samsung,SHV-E310,갤럭시메가 6.3,GalaxyMega 6.3,,갤럭시 메가 6.3,https://namu.wiki/w/%EA%B0%A4%EB%9F%AD%EC%8B%9C%20%EB%A9%94%EA%B0%80%206.3,
112,samsung,samsung,SHV-E220,갤럭시팝,GalaxyPop,,갤럭시팝,https://namu.wiki/w/%EA%B0%A4%EB%9F%AD%EC%8B%9C%ED%8C%9D,
113,samsung,samsung,SHV-E170,갤럭시R style,GalaxyR style,,갤럭시 R style,https://namu.wiki/w/%EA%B0%A4%EB%9F%AD%EC%8B%9C%20R%20%EC%8A%A4%ED%83%80%EC%9D%BC,
114,samsung,samsung,SHW-M340,갤럭시M style,GalaxyM style,,갤럭시 M 스타일,https://namu.wiki/w/%EA%B0%A4%EB%9F%AD%EC%8B%9C%20M%20%EC%8A%A4%ED%83%80%EC%9D%BC,
115,samsung,samsung,SHW-M240,갤럭시에이스,GalaxyAce,,갤럭시 에이스,https://namu.wiki/w/%EA%B0%A4%EB%9F%AD%EC%8B%9C%20%EC%97%90%EC%9D%B4%EC%8A%A4,
116,samsung,samsung,SHW-M130,갤럭시U,GalaxyU,,갤럭시U,https://namu.wiki/w/%EA%B0%A4%EB%9F%AD%EC%8B%9CU,
117,samsung,samsung,SM-A202,갤럭시진2,GalaxyJean2,,갤럭시 Jean2,https://namu.wiki/w/%EA%B0%A4%EB%9F%AD%EC%8B%9C%20Jean2?from=%EA%B0%A4%EB%9F%AD%EC%8B%9C%20%EC%A7%842,
118,samsung,samsung,SM-J415-KA,카카오 리틀프렌즈 폰2,kakao LittleFriends Phone2,,갤럭시 J4+,,https://namu.wiki/w/%EA%B0%A4%EB%9F%AD%EC%8B%9C%20J4%2B#s-4.3.1
119,samsung,samsung,SM-G611,갤럭시 온7 프라임,Galaxy On7 Prime,,SM-G611,https://namu.wiki/w/SM-G611,
121,samsung,samsung_folder,SM-B510,삼성 마스터폰 ,Samsung MasterPhone KT 3G,,삼성 마스터,https://namu.wiki/w/%EC%82%BC%EC%84%B1%20%EB%A7%88%EC%8A%A4%ED%84%B0,
122,samsung,samsung_folder,SM-B510,삼성 마스터폰 SKT 3G,Samsung MasterPhone SKT 3G,,삼성 마스터,https://namu.wiki/w/%EC%82%BC%EC%84%B1%20%EB%A7%88%EC%8A%A4%ED%84%B0,
123,samsung,samsung_folder,SM-B510,삼성 마스터폰 LG 3G,Samsung MasterPhone LG 3G,,삼성 마스터,https://namu.wiki/w/%EC%82%BC%EC%84%B1%20%EB%A7%88%EC%8A%A4%ED%84%B0,
124,lg,lg,LG-F370,F70,F70,,LG F70,https://namu.wiki/w/LG%20F70,
125,lg,g_series,LM-G820,G8 ThinQ,G8 ThinQ,,LG G8 ThinQ,https://namu.wiki/w/LG%20G8%20ThinQ,
126,lg,g_series,LM-G710,G7 ThinQ,G7 ThinQ,,LG G7 ThinQ,https://namu.wiki/w/LG%20G7%20ThinQ,
127,lg,g_series,LM-G710P,G7 ThinQ Plus,G7 ThinQ Plus,,G7 ThinQ,https://namu.wiki/w/G7%20ThinQ,
128,lg,g_series,LGM-G600,G6 ThinQ,G6 ThinQ,,LGM-G600,https://namu.wiki/w/LGM-G600,
129,lg,g_series,LGM-G600P,G6 ThinQ Plus,G6 ThinQ Plus,,LG G6 ThinQ,https://namu.wiki/w/LG%20G6%20ThinQ,
130,lg,g_series,LG-F700,G5,G5,,LG-F700,https://namu.wiki/w/LG-F700,
131,lg,g_series,LG-F500,G4,G4,,LG-F500,https://namu.wiki/w/LG-F500,
132,lg,g_series,LG-F400,G3,G3,,LG-F400,https://namu.wiki/w/LG-F400,
133,lg,g_series,LG-F410,G3 A,G3 A,,G3 A,https://namu.wiki/w/G3%20A,
134,lg,g_series,LG-F470,G3 Beat,G3 Beat,,LG G3 Beat,https://namu.wiki/w/LG%20G3%20Beat,
135,lg,g_series,LG-F490,G3 Screen,G3 Screen,,LG G3 Screen,https://namu.wiki/w/LG%20G3%20Screen,
136,lg,g_series,LG-F460,G3.Cat6,G3.Cat6,,LG G3,https://namu.wiki/w/LG%20G3,
137,lg,g_series,LG-F320,G2,G2,,LG-F320,https://namu.wiki/w/LG-F320,
138,lg,g_series,LG-F350,G Pro2,G Pro2,,LG G Pro 2,https://namu.wiki/w/LG%20G%20Pro%202?from=%EC%A7%80%ED%94%84%EB%A1%9C2,
139,lg,g_series,LG-F430,Gx2,Gx2,,LG Gx2,https://namu.wiki/w/LG%20Gx2,
140,lg,g_series,LG-F310,Gx,Gx,,LG Gx 로밍,https://namu.wiki/w/LG%20Gx%20%EB%A1%9C%EB%B0%8D,
141,lg,g_series,LG-F510,G Flex2,G Flex2,,LG G Flex 2,https://namu.wiki/w/LG%20G%20Flex%202?from=%EC%A7%80%ED%94%8C%EB%A0%89%EC%8A%A4%202,
142,lg,g_series,LG-F340,G Flex,G Flex,,G Flex,https://namu.wiki/w/G%20Flex,https://namu.wiki/w/LG%20Stylus%20%EC%8B%9C%EB%A6%AC%EC%A6%88
143,lg,lg,LG-Q720CS,Stylo 5,Stylo 5,,LG Stylus 시리즈,,
144,lg,lg,LG-Q720AM,Stylo 5 Plus,Stylo 5 Plus,,LG Stylus 시리즈,,https://namu.wiki/w/LG%20Stylus%20%EC%8B%9C%EB%A6%AC%EC%A6%88
145,lg,lg,LG-MP450,Stylus 3,Stylus 3,,LG Stylus 시리즈,,https://namu.wiki/w/LG%20Stylus%20%EC%8B%9C%EB%A6%AC%EC%A6%88
146,lg,lg,LG-F720,Stylus 2,Stylus 2,,LG Stylus 2,https://namu.wiki/w/LG%20Stylus%202,
147,lg,lg,LG-F560,G 스타일로,G Stylo,,LG G Stylo,https://namu.wiki/w/LG%20G%20Stylo,
148,lg,lg,LG-D690,G3 Stylus,G3 Stylus,,G3 Stylus,,https://namu.wiki/w/LG%20G3?from=LG%20G3%20Stylus#s-2.4
149,lg,k_series,LG-F670,K10,K10,,LG K10,https://namu.wiki/w/LG%20K10,
150,lg,lg,LG-F820,U폰,U phone,,LG U폰,https://namu.wiki/w/LG%20U%ED%8F%B0,
151,lg,lg,LG-F620,클래스,LG CLASS,,LG CLASS,https://namu.wiki/w/LG%20CLASS,
152,lg,lg,LG-F540,볼트,LG Volt,,LG Volt,https://namu.wiki/w/LG%20Volt,
153,lg,lg,LG-F520,아카,LG AKA,,LG-F520,https://namu.wiki/w/LG-F520,
154,lg,q_series,LM-Q925,Q9,Q9,,Q9 One,https://namu.wiki/w/Q9%20One,
155,lg,q_series,LM-Q927,Q9 One,Q9 One,,Q9 One,https://namu.wiki/w/Q9%20One,
156,lg,q_series,LM-Q815,Q8 2018,Q8 2018,,Q8,https://namu.wiki/w/Q8,
157,lg,q_series,LGM-X800,Q8,Q Stylus Plus,,LGM-X800,https://namu.wiki/w/LGM-X800,
158,lg,q_series,LMQ710,Q Stylus,Q Stylus,,Q Stylus,,https://namu.wiki/w/LG%20Q8(2018)#s-2.2
159,lg,q_series,LMQ710HS,Q Stylus Alpha,Q Stylus Alpha,,Q Stylus Alpha,,https://namu.wiki/w/LG%20Q8(2018)#s-2.1
160,lg,q_series,LM-Q720,Q7,Q7,,Q7,https://namu.wiki/w/Q7,
161,lg,q_series,LM-Q725,Q7 Plus,Q7 Plus,,Q7,https://namu.wiki/w/Q7,
162,lg,q_series,LG-X600,Q6,Q6,,Q6,https://namu.wiki/w/Q6,
163,lg,q_series,LGM-X600,Q6 Plus,Q6 Plus,,LGM-X600,https://namu.wiki/w/LGM-X600,
164,lg,v_series,LM-V500,V50 ThinQ,V50 ThinQ,,LG V50 ThinQ,https://namu.wiki/w/LG%20V50%20ThinQ,
165,lg,v_series,LM-V510,V50s ThinQ,V50s ThinQ,,LG V50S ThinQ,https://namu.wiki/w/LG%20V50S%20ThinQ,
166,lg,v_series,LM-V409,V40 ThinQ,V40 ThinQ,,LG V40 ThinQ,https://namu.wiki/w/LG%20V40%20ThinQ,
167,lg,v_series,LM-V350,V35,V35,,LG V35 ThinQ,https://namu.wiki/w/LG%20V35%20ThinQ,
168,lg,v_series,LGM-V300S,V30s ThinQ,V30s ThinQ,,LG V30 ThinQ,,https://namu.wiki/w/LG%20V30%20ThinQ#s-2.2
169,lg,v_series,LGM-V300,V30,V30,,LGM-V300,https://namu.wiki/w/LGM-V300,
170,lg,v_series,LG-F800,V20,V20,,LG-F800,https://namu.wiki/w/LG-F800,
171,lg,v_series,LG-F600,V10,V10,,LG-F600,https://namu.wiki/w/LG-F600,
172,lg,x_series,LM-X510,X5 2018,X5 2018,,LG X5(2018),https://namu.wiki/w/LG%20X5(2018),
173,lg,x_series,LM-X410,X4,X4,,X4,https://namu.wiki/w/X4,
174,lg,x_series,LM-X415,X4 Plus,X4 Plus,,X4,https://namu.wiki/w/X4,
175,lg,x_series,LM-X625,X6 2019,X6 2019,,X6,https://namu.wiki/w/X6,
176,lg,x_series,LM-X420,X4 2019,X4 2019,,X4,https://namu.wiki/w/X4,
177,lg,x_series,LM-X220,X2 2019,X2 2019,,X2,https://namu.wiki/w/X2,
178,lg,x_series,LM-X210,X2 2018,X2 2018,,X2,https://namu.wiki/w/X2,
179,lg,x_series,LGM-X320,X500,X500,,LGM-X320,https://namu.wiki/w/LGM-X320,
180,lg,x_series,LGM-X401,X401,X401,,LG X400,https://namu.wiki/w/LG%20X400,
181,lg,x_series,LGM-K121,X400,X400,,LGM-K121,https://namu.wiki/w/LGM-K121,
182,lg,x_series,LGM-K120,X300,X300,,LG X300,https://namu.wiki/w/LG%20X300,
183,lg,lg,LG-F750,엑스파워,X Power,,LG X Power,https://namu.wiki/w/LG%20X%20Power,
184,lg,x_series,LG-F770,X5,X5,,LG X5,https://namu.wiki/w/LG%20X5,
185,lg,x_series,LG-F740,X스킨,X Skin,,LG X Skin,https://namu.wiki/w/LG%20X%20Skin,
186,lg,x_series,LG-F690,X캠,X Cam,,LG X Cam,https://namu.wiki/w/LG%20X%20Cam,
187,lg,x_series,LG-F650,X스크린,X Screen,,LG X Screen,https://namu.wiki/w/LG%20X%20Screen,
188,lg,lg,LG-H791,넥서스 5x,Nexus 5x,,넥서스 5X,https://namu.wiki/w/%EB%84%A5%EC%84%9C%EC%8A%A4%205X,
189,lg,lg,LG-F260,옵티머스 LTE3,Optimus LTE3,,옵티머스 LTE3,https://namu.wiki/w/%EC%98%B5%ED%8B%B0%EB%A8%B8%EC%8A%A4%20LTE3,
190,lg,lg_folder,LG-F610,와인 스마트 재즈,Wine Smart Jazz,,LG 와인 스마트 재즈,https://namu.wiki/w/LG%20%EC%99%80%EC%9D%B8%20%EC%8A%A4%EB%A7%88%ED%8A%B8%20%EC%9E%AC%EC%A6%88,
191,lg,lg_folder,LG-F480,와인 스마트,Wine Smart,,LG 와인 스마트,https://namu.wiki/w/LG%20%EC%99%80%EC%9D%B8%20%EC%8A%A4%EB%A7%88%ED%8A%B8,
192,lg,lg_folder,LG-T480,와인 스마트 3G,Wine Smart 3G,,LG 와인 스마트,https://namu.wiki/w/LG%20%EC%99%80%EC%9D%B8%20%EC%8A%A4%EB%A7%88%ED%8A%B8,
193,lg,lg_folder,LM-Y110,LG폴더,LG Folder,,LG폴더,https://namu.wiki/w/LG%ED%8F%B4%EB%8D%94,
194,lg,lg_folder,LGM-X100,스마트폴더,SmartFolder,,LG 스마트 폴더,https://namu.wiki/w/LG%20%EC%8A%A4%EB%A7%88%ED%8A%B8%20%ED%8F%B4%EB%8D%94,
195,samsung,folderble,SM-F907,갤럭시 폴드,Galaxy Fold,,갤럭시 폴드,https://namu.wiki/w/%EA%B0%A4%EB%9F%AD%EC%8B%9C%20%ED%8F%B4%EB%93%9C,
196,apple,apple,A2775,아이폰SE(2020),iphoneSE (2020),,아이폰SE,https://namu.wiki/w/%EC%95%84%EC%9D%B4%ED%8F%B0SE,
197,samsung,a_series,SM-A805,갤럭시 A80,Galaxy A80,,갤럭시 A80,https://namu.wiki/w/%EA%B0%A4%EB%9F%AD%EC%8B%9C%20A80,
198,samsung,folderble,SM-F700,갤럭시 Z플립,Galaxy Z Flip,,갤럭시 Z 플립/공개 전 루머,https://namu.wiki/w/%EA%B0%A4%EB%9F%AD%EC%8B%9C%20Z%20%ED%94%8C%EB%A6%BD/%EA%B3%B5%EA%B0%9C%20%EC%A0%84%20%EB%A3%A8%EB%A8%B8,
199,samsung,s_series,SM-G981,갤럭시 S20,Galaxy S20,,갤럭시 S20,https://namu.wiki/w/%EA%B0%A4%EB%9F%AD%EC%8B%9C%20S20,
200,samsung,s_series,SM-G986,갤럭시 S20 Plus,Galaxy S20 Plus,,갤럭시 S20+,https://namu.wiki/w/%EA%B0%A4%EB%9F%AD%EC%8B%9C%20S20%2B,
210,samsung,s_series,SM-G988,갤럭시 S20 울트라,Galaxy S20 Ultra,,갤럭시 S20 Ultra,https://namu.wiki/w/%EA%B0%A4%EB%9F%AD%EC%8B%9C%20S20%20Ultra,
211,lg,g_series,LM-G900,벨벳,VELVET,,LG VELVET,https://namu.wiki/w/LG%20VELVET,
212,lg,q_series,LM-Q510,Q51,Q51,,Q51,https://namu.wiki/w/Q51,
213,lg,lg_folder,LM-Y120,LG폴더2,LG Folder 2,,LG 폴더2,https://namu.wiki/w/LG%20%ED%8F%B4%EB%8D%942,
214,lg,q_series,LM-Q630,Q61,Q61,,Q61,https://namu.wiki/w/Q61,
215,samsung,a_series,SM-A315,갤럭시 A31,Galaxy A31,,갤럭시 A31,https://namu.wiki/w/%EA%B0%A4%EB%9F%AD%EC%8B%9C%20A31,
216,samsung,a_series,SM-A516,갤럭시 A51,Galaxy A51,,SM-A516,https://namu.wiki/w/SM-A516,
217,samsung,a_series,SM-A716,갤럭시 A퀀텀,Galaxy A Quantum,,갤럭시 A 퀀텀,https://namu.wiki/w/%EA%B0%A4%EB%9F%AD%EC%8B%9C%20A%20%ED%80%80%ED%85%80,
218,samsung,s_series,SM-G781,갤럭시S20 FE,Galaxy S20 FE,,갤럭시S20,https://namu.wiki/w/%EA%B0%A4%EB%9F%AD%EC%8B%9CS20,
219,samsung,note_series,SM-N981,갤럭시노트20,GalaxyNote20,,갤럭시 노트20,https://namu.wiki/w/%EA%B0%A4%EB%9F%AD%EC%8B%9C%20%EB%85%B8%ED%8A%B820,
220,samsung,note_series,SM-N986,갤럭시노트20 울트라,GalaxyNote20 Ultra  ,,갤럭시 노트20 Ultra,https://namu.wiki/w/%EA%B0%A4%EB%9F%AD%EC%8B%9C%20%EB%85%B8%ED%8A%B820%20Ultra,
221,lg,q_series,LM-Q310,Q31,LG Q31,,LG Q31,https://namu.wiki/w/LG%20Q31,
222,lg,q_series,LM-Q520,Q52,LG Q52,,Q52,https://namu.wiki/w/Q52,
223,lg,q_series,LM-F100,윙,LG Wing,,,,
224,samsung,a_series,SM-A102,갤럭시 A10e,Galaxy A10e,,갤럭시 A10e,https://namu.wiki/w/%EA%B0%A4%EB%9F%AD%EC%8B%9C%20A10e,
,lg,lg,LG-D821,넥서스5,Google Nexus5 16G  ,,넥서스5,https://namu.wiki/w/%EB%84%A5%EC%84%9C%EC%8A%A45,
,lg,lg,LG-F100,옵티머스 뷰,Optimus VU  ,,옵티머스 뷰,https://namu.wiki/w/%EC%98%B5%ED%8B%B0%EB%A8%B8%EC%8A%A4%20%EB%B7%B0,
,lg,g_series,LG-F180,옵티머스 G,Optimus G  ,,LG-F180,https://namu.wiki/w/LG-F180,
,lg,lg,LG-F200,옵티머스 뷰2,Optimus VU2,,옵티머스 뷰 II,https://namu.wiki/w/%EC%98%B5%ED%8B%B0%EB%A8%B8%EC%8A%A4%20%EB%B7%B0%20II,
,lg,g_series,LG-F220,옵티머스 GK,LG Optimus GK  ,,옵티머스 GK,https://namu.wiki/w/%EC%98%B5%ED%8B%B0%EB%A8%B8%EC%8A%A4%20GK,
,lg,g_series,LG-F240,옵티머스G 프로,Optimus G Pro  ,,옵티머스G,https://namu.wiki/w/%EC%98%B5%ED%8B%B0%EB%A8%B8%EC%8A%A4G,
,lg,lg,LG-F300,엘지 뷰3,LG Vu3  ,,LG-F300,https://namu.wiki/w/LG-F300,
,lg,lg,LG-F570,엘지 밴드플레이,LG 밴드플레이  ,,LG Band Play,https://namu.wiki/w/LG%20Band%20Play,
,lg,lg,LG-KU5400,프라다폰 3.0,PRADA 3.0  ,,프라다폰 3.0,https://namu.wiki/w/%ED%94%84%EB%9D%BC%EB%8B%A4%ED%8F%B0%203.0,
,lg,lg,LG-LU5400,프라다폰 3.0,PRADA 3.0  ,,프라다폰 3.0,https://namu.wiki/w/%ED%94%84%EB%9D%BC%EB%8B%A4%ED%8F%B0%203.0,
,lg,q_series,LG-LU6500,옵티머스Q2,OPTIMUS Q2  ,,옵티머스Q2,https://namu.wiki/w/%EC%98%B5%ED%8B%B0%EB%A8%B8%EC%8A%A4Q2,
,lg,lg,LG-SU540,프라다폰 3.0,PRADA 3.0  ,,프라다폰 3.0,https://namu.wiki/w/%ED%94%84%EB%9D%BC%EB%8B%A4%ED%8F%B0%203.0,
,lg,q_series,LM-Q727,Q7,LG Q7  ,,Q7,https://namu.wiki/w/Q7,
,lg,q_series,LM-Q730,Q70,LG Q70  ,,Q70,https://namu.wiki/w/Q70,
,lg,q_series,LM-Q920,Q92,LG Q92  ,,LG Q92,https://namu.wiki/w/LG%20Q92,
,lg,z_series,SU950,옵티머스 Z,Optimus Z  ,,옵티머스 Z,https://namu.wiki/w/%EC%98%B5%ED%8B%B0%EB%A8%B8%EC%8A%A4%20Z,
,samsung,samsung,SHV-E275,갤럭시 그랜드,GALAXY GRAND  ,,갤럭시 그랜드 시리즈,,https://namu.wiki/w/%EA%B0%A4%EB%9F%AD%EC%8B%9C%20%EA%B7%B8%EB%9E%9C%EB%93%9C%20%EC%8B%9C%EB%A6%AC%EC%A6%88
,samsung,samsung,SHW-M290,갤럭시 지오,GALAXY Gio  ,,갤럭시 지오,https://namu.wiki/w/%EA%B0%A4%EB%9F%AD%EC%8B%9C%20%EC%A7%80%EC%98%A4,
,samsung,a_series,SM-A105,갤럭시 A10,Samsung Galaxy A10  ,,갤럭시 A10,https://namu.wiki/w/%EA%B0%A4%EB%9F%AD%EC%8B%9C%20A10,
,samsung,a_series,SM-A217,갤럭시 A21s,Samsung Galaxy A21s  ,,갤럭시 A21s,https://namu.wiki/w/%EA%B0%A4%EB%9F%AD%EC%8B%9C%20A21s,
,samsung,a_series,SM-A720,갤럭시 A7 2017,Samsung Galaxy A7 2017  ,,갤럭시 A7(2017),https://namu.wiki/w/%EA%B0%A4%EB%9F%AD%EC%8B%9C%20A7(2017),
,samsung,samsung,SM-G150,갤럭시 폴더,Galaxy Folder  ,,갤럭시 폴더,https://namu.wiki/w/%EA%B0%A4%EB%9F%AD%EC%8B%9C%20%ED%8F%B4%EB%8D%94,
,samsung,samsung,SM-G165,갤럭시 폴더2,Samsung Galaxy Folder2 LTE  ,,갤럭시 폴더2,https://namu.wiki/w/%EA%B0%A4%EB%9F%AD%EC%8B%9C%20%ED%8F%B4%EB%8D%942,
,samsung,samsung,SM-J727,갤럭시 와이드2,Samsung Galaxy Wide 2  ,,갤럭시 와이드2,https://namu.wiki/w/%EA%B0%A4%EB%9F%AD%EC%8B%9C%20%EC%99%80%EC%9D%B4%EB%93%9C2,
,samsung,m_series,SM-M205,갤럭시 M20,Samsung Galaxy M20  ,,갤럭시 M20,https://namu.wiki/w/%EA%B0%A4%EB%9F%AD%EC%8B%9C%20M20,
,lg,,LG-D150,,LG-D150,,LG L 시리즈,,https://namu.wiki/w/LG%20L%20%EC%8B%9C%EB%A6%AC%EC%A6%88
,lg,,LG-D329,LG L70,L70,,LG L70,https://namu.wiki/w/LG%20L70,
,lg,,LG-D700,옵티머스 L9,LG Optimus L9,,옵티머스 L9,https://namu.wiki/w/%EC%98%B5%ED%8B%B0%EB%A8%B8%EC%8A%A4%20L9,
,lg,,LG-F120,옵티머스 LTE 태그,LG Optimus LTE Tag,,옵티머스 LTE TAG,https://namu.wiki/w/%EC%98%B5%ED%8B%B0%EB%A8%B8%EC%8A%A4%20LTE%20II?from=%EC%98%B5%ED%8B%B0%EB%A8%B8%EC%8A%A4%20LTE2,
,lg,,LG-F160,옵티머스 LTE2,LG Optimus LTE2,,옵티머스 LTE II,https://namu.wiki/w/%EC%98%B5%ED%8B%B0%EB%A8%B8%EC%8A%A4%20LTE%20II?from=%EC%98%B5%ED%8B%B0%EB%A8%B8%EC%8A%A4%20LTE2,
,lg,,LG-F440,아이스크림 스마트,Ice cream Smart,,LG 아이스크림 스마트,https://namu.wiki/w/LG%20%EC%95%84%EC%9D%B4%EC%8A%A4%ED%81%AC%EB%A6%BC%20%EC%8A%A4%EB%A7%88%ED%8A%B8,
,lg,,LG-F580,젠틀,Gentle,,LG Gentle,https://namu.wiki/w/LG%20Gentle,
,lg,,LG-F620,엘지 클래스,LG Class,,LG CLASS,https://namu.wiki/w/LG%20CLASS?from=LG%20%ED%81%B4%EB%9E%98%EC%8A%A4,
,lg,,LG-KH5200,안드로-1,Eve,,안드로-1,https://namu.wiki/w/%EC%95%88%EB%93%9C%EB%A1%9C-1,
,lg,,LG-KU5900,옵티머스블랙,Optimus Black,,옵티머스 블랙,https://namu.wiki/w/%EC%98%B5%ED%8B%B0%EB%A8%B8%EC%8A%A4%20%EB%B8%94%EB%9E%99,
,lg,,LG-LU3000,옵티머스 마하,Optimus Mach,,옵티머스 마하,https://namu.wiki/w/%EC%98%B5%ED%8B%B0%EB%A8%B8%EC%8A%A4%20%EB%A7%88%ED%95%98,
,lg,,LG-LU6200,옵티머스 LTE,Optimus LTE,,LG-LU6200,https://namu.wiki/w/LG-LU6200,
,lg,,LG-LU6800,옵티머스빅,Optimus Big,,옵티머스 빅,https://namu.wiki/w/%EC%98%B5%ED%8B%B0%EB%A8%B8%EC%8A%A4%20%EB%B9%85,
,lg,,LG-T280,옵티머스 L7,LG Optimus L7,,옵티머스 L7,https://namu.wiki/w/%EC%98%B5%ED%8B%B0%EB%A8%B8%EC%8A%A4%20L7,
,lg,,LG-SU370,옵티머스원,Optimus One,,옵티머스 원,https://namu.wiki/w/%EC%98%B5%ED%8B%B0%EB%A8%B8%EC%8A%A4%20%EC%9B%90,
,lg,,LG-SU660,옵티머스2X,Optimus 2X,,옵티머스 2X,https://namu.wiki/w/%EC%98%B5%ED%8B%B0%EB%A8%B8%EC%8A%A4%202X,
,lg,,LG-SU760,옵티머스3D,Optimus 3D,,옵티머스 3D,https://namu.wiki/w/%EC%98%B5%ED%8B%B0%EB%A8%B8%EC%8A%A4%203D,
,lg,,LG-SU870,옵티머스 3D 큐브,Optimus 3D MAX,,옵티머스 3D 큐브,https://namu.wiki/w/%EC%98%B5%ED%8B%B0%EB%A8%B8%EC%8A%A4%203D%20%ED%81%90%EB%B8%8C,
,lg,,LG-SU880,옵티머스EX,Optimus EX,,옵티머스 EX,https://namu.wiki/w/%EC%98%B5%ED%8B%B0%EB%A8%B8%EC%8A%A4%20EX,
,lg,,LM-Q720,Q7,LG Stylo 5+,,LG G Stylo 시리즈,,https://namu.wiki/w/LG%20Stylus%20%EC%8B%9C%EB%A6%AC%EC%A6%88#s-2.6.2.2
,lg,,LM-Q730,Q70,Stylo 6,,LG G Stylo 시리즈,,https://namu.wiki/w/LG%20Stylus%20%EC%8B%9C%EB%A6%AC%EC%A6%88#s-2.7
,lg,,LM-V500,V50 ThinQ 자급제,V50 ThinQ,,LG V50 ThinQ,https://namu.wiki/w/LG%20V50%20ThinQ,
,lg,,LM-X210,X2,LG K9,,LG X2,https://namu.wiki/w/LG%20X2,
,lg,,LM-X220,X2 2019,LG K8s,,LG X2(2019),https://namu.wiki/w/LG%20X2(2019),
,lg,,LM-X420,X4 2019,LM-X420,,LG X4(2019),https://namu.wiki/w/LG%20X4(2019),
,samsung,,Nexus S,넥서스 S,Nexus S,,넥서스 S,https://namu.wiki/w/%EB%84%A5%EC%84%9C%EC%8A%A4%20S,
,samsung,,SHW-M220,갤럭시 네오,Galaxy Neo,,갤럭시 네오,https://namu.wiki/w/%EA%B0%A4%EB%9F%AD%EC%8B%9C%20%EB%84%A4%EC%98%A4,
,samsung,,SM-F916,갤럭시 Z 폴드2,Galaxy Z Fold2 5G,,갤럭시 Z 폴드2,https://namu.wiki/w/%EA%B0%A4%EB%9F%AD%EC%8B%9C%20Z%20%ED%8F%B4%EB%93%9C2,
