"sd_id","sd_model_name","sd_model_code","sd_maker","sd_release_date","sd_os","sd_sale_type","sd_display_cm","sd_display_in","sd_display_type","sd_display_resolution","sd_display_ppi","sd_display_hz","sd_display_aspect_ratio","sd_display_size","sd_display_width","sd_display_height","sd_display_hdr","sd_ap_type","sd_core","sd_core_clock","sd_gpu_core","sd_npu_dsp","sd_sensor_hub","sd_modem","sd_ram","sd_Builtin_memory","sd_storage","sd_external_memory","sd_5g","sd_4g","sd_wifi","sd_bluetooth","sd_satellite","sd_usim_type","sd_dual_usim","sd_camera_type","sd_back_camera","sd_front_camera","sd_camera_resolution","sd_flash","sd_photo_resolution","sd_front_resolution","sd_front_video_resolution","sd_camera_aperture","sd_hand_tremor_correction","sd_hand_tremor_protection","sd_camera_flash","sd_hdr_filming","sd_auto_hdr","sd_optical_zoom","sd_geotag","sd_laser_auto_focus","sd_auto_focus","sd_out_focus","sd_touch_focus","sd_panorama","sd_tof","sd_night_photography","sd_iphone_terminal","sd_speaker","sd_high_sound_quality","sd_sound_technology","sd_fingerprint","sd_face","sd_iris","sd_voice","sd_ai","sd_payment","sd_touch_pen","sd_dustproof","cs_etc","cs_charging_terminal","sd_battery","sd_battery_type1","sd_battery_type2","sd_battery_type3","sd_battery_terminal","sd_fast_charge","sd_wireless_charge","sd_color","sd_width","cs_height","cs_thickness","cs_weight"
"1","아이폰11","A2221","apple",\n,"iOS13","통신사가입-SKT","15.49","6.1","IPS-LCD","1792x828","326","60Hz","19.5:9","79.00%",\n,\n,\n,"애플 A13 Bionic","헥사(6)코어",\n,\n,\n,\n,\n,"4GB","128GB",\n,"MicroSD 미지원",\n,"LTE-A Cat.19","802.11 a/b/g/n/ac/ax","v5.0",\n,"나노유심",\n,\n,"1,200만+1,200만","1,200만+TOF 3D","2160p(UHD),24fps",\n,\n,\n,\n,"F1.8","광학식손떨림보정(OIS)+전자식손떨림보정(EIS)",\n,\n,\n,\n,\n,\n,\n,\n,\n,\n,\n,\n,\n,\n,"스테레오(2개)",\n,\n,\n,"FaceID",\n,\n,"Siri","애플페이(국내미지원)",\n,"IP68",\n,"라이트닝8핀","3110",\n,\n,"배터리일체형","최대18W","고속충전지원","Qi무선충전",\n,"75.7","150.9","8.3","194"
"2","아이폰11 Pro","A2215","apple",\n,"iOS13","공기계-새제품","14.73","5.8","OLED","2436x1125","458","60Hz","19.5:9","82.10%",\n,\n,"돌비비젼+HDR10","애플 A13 Bionic","헥사(6)코어",\n,\n,\n,\n,\n,"4GB","256GB",\n,"MicroSD 미지원",\n,"LTE-A Cat.19","802.11 a/b/g/n/ac/ax","v5.0",\n,"나노유심",\n,\n,"1,200만+1,200만+1,200만","1,200만+TOF 3D","2160p(UHD),24fps",\n,\n,\n,\n,"F1.8","광학식손떨림보정(OIS)+전자식손떨림보정(EIS)","○",\n,"○",\n,"○",\n,\n,"○",\n,\n,\n,"○","○",\n,"스테레오(2개)",\n,\n,\n,"FaceID",\n,\n,"Siri","애플페이(국내미지원)",\n,"IP68",\n,"라이트닝8핀","3190",\n,\n,"배터리일체형","최대18W","USB PD3.0","Qi무선충전",\n,"71.4","144","8.1","188"
"3","아이폰11 Pro Max","A2218","apple",\n,"iOS13","통신사가입-SKT","16.51","6.5","OLED","2688x1242","458","60Hz","19.5:9","83.70%",\n,\n,"돌비비젼+HDR10","애플 A13 Bionic","헥사(6)코어",\n,\n,\n,\n,\n,"4GB","64GB",\n,"MicroSD 미지원",\n,"LTE-A Cat.19","802.11 a/b/g/n/ac/ax","v5.0",\n,"나노유심",\n,\n,"1,200만+1,200만+1,200만","1,200만+TOF 3D","2160p(UHD),24fps",\n,\n,\n,\n,"F1.8","광학식손떨림보정(OIS)+전자식손떨림보정(EIS)",\n,\n,\n,\n,\n,\n,\n,\n,\n,\n,\n,\n,\n,\n,"스테레오(2개)",\n,\n,\n,"FaceID",\n,\n,"Siri","애플페이(국내미지원)",\n,"IP68",\n,"라이트닝8핀","3500",\n,\n,"배터리일체형","최대18W","USB PD3.0","Qi무선충전",\n,"77.8","158","8.1","226"
"4","아이폰Xs","A2097","apple",\n,"iOS12","가개통/중고","14.73","5.8","S-AMOLED","2436x1125","458","60Hz","19.5:9","82.90%",\n,\n,"돌비비젼+HDR10","애플 A12 Bionic","헥사(6)코어","2.5GHz+1.53GHz","APPLE G11P",\n,\n,\n,"4GB","64GB","NVMe","MicroSD 미지원",\n,"LTE-A Cat.16","802.11 a/b/g/n/ac","v5.0",\n,"나노유심",\n,\n,"1,200만+1,200만","700만","2160p(UHD),24fps",\n,\n,\n,\n,"F1.8","광학식손떨림보정(OIS)","○","○","○",\n,"○",\n,\n,"○",\n,\n,\n,\n,\n,\n,"스테레오(2개)","24비트 음원재생",\n,\n,"FaceID",\n,\n,"Siri","애플페이(국내미지원)",\n,"IP68",\n,"라이트닝8핀",\n,\n,\n,"배터리일체형","최대15W","고속충전지원","Qi무선충전: 최대7.5W",\n,"70.9","143.6","7.7","177"
"5","아이폰Xs Max","A2101","apple",\n,"iOS12","가개통/중고","16.51","6.5","S-AMOLED","2688x1242","458","60Hz","19.5:9","84.40%",\n,\n,"돌비비젼+HDR10","애플 A12 Bionic","헥사(6)코어","2.5GHz+1.53GHz","APPLE G11P",\n,\n,\n,"4GB","64GB","NVMe","MicroSD 미지원",\n,"LTE-A Cat.16","802.11 a/b/g/n/ac","v5.0",\n,"나노유심",\n,\n,"1,200만+1,200만","700만","2160p(UHD),24fps",\n,\n,\n,\n,"F1.8","광학식손떨림보정(OIS)","○","○","○",\n,"○",\n,\n,"○",\n,\n,\n,\n,\n,\n,"스테레오(2개)","24비트 음원재생",\n,\n,"FaceID",\n,\n,"Siri","애플페이(국내미지원)",\n,"IP68",\n,"라이트닝8핀",\n,\n,\n,"배터리일체형","최대15W","고속충전지원","Qi무선충전: 최대7.5W",\n,"77.4","157.5","7.7","208"
"6","아이폰Xr","A2105","apple",\n,"iOS12","가개통/중고","15.49","6.1","IPS-LCD","1792x828","326","60Hz","19.5:9","79%",\n,\n,"돌비비젼+HDR10","애플 A12 Bionic","헥사(6)코어","2.5GHz+1.53GHz","APPLE G11P",\n,\n,\n,"3GB","64GB","NVMe","MicroSD 미지원",\n,"LTE-A Cat.12","802.11 a/b/g/n/ac","v5.0",\n,"나노유심",\n,\n,"1,200만","700만","2160p(UHD),24fps",\n,\n,\n,\n,"F1.8","광학식손떨림보정(OIS)","○","○","○",\n,\n,\n,\n,"○",\n,\n,\n,\n,\n,\n,"스테레오(2개)","24비트 음원재생",\n,\n,"FaceID",\n,\n,"Siri","애플페이(국내미지원)",\n,"IP67",\n,"라이트닝8핀","2942",\n,\n,"배터리일체형","최대15W","고속충전지원","Qi무선충전: 최대7.5W",\n,"75","150.9","8.3","194"
"7","아이폰X","A1901","apple",\n,"iOS 11","가개통/중고","14.73","5.8","AMOLED","2436x1125","458","60Hz","19.5:9","92%",\n,\n,"돌비비젼+HDR10","애플 A11 Bionic","헥사(6)코어","2.4GHz+1.3GHz",\n,\n,\n,\n,"3GB","64GB","NVMe","MicroSD 미지원",\n,"LTE-A Cat.12","802.11 a/b/g/n/ac","v5.0",\n,"나노유심",\n,\n,"1,200만+1,200만","700만","2160p(UHD),60fps",\n,\n,\n,\n,"F1.8","광학식손떨림보정(OIS)","○","○","○",\n,"○","○",\n,"○",\n,"○",\n,\n,\n,\n,"스테레오(2개)",\n,\n,\n,"FaceID",\n,\n,"Siri","애플페이(국내미지원)",\n,"IP67",\n,"라이트닝8핀","2716",\n,\n,"배터리일체형","최대15W",\n,"Qi무선충전: 최대7.5W",\n,"70.9","143.6","7.7","174"
"8","아이폰7 Plus","A1784","apple",\n,"iOS10","가개통/중고",\n,"5.5","IPS-LCD","1920x1080","401",\n,"16:09","79.20%",\n,\n,\n,"애플A10 Fusion","쿼드(4)코어","2.3GHz","PowerVR GT7600+",\n,\n,\n,"3GB","32GB","NVMe","MicroSD 미지원",\n,"LTE-A Cat.9","802.11 a/b/g/n/ac","v4.2",\n,"나노유심",\n,\n,"1,200만","700만","2160p(UHD),30fps",\n,\n,\n,\n,"F1.8","광학식손떨림보정(OIS)","○","○","○",\n,\n,"○",\n,"○",\n,"○",\n,\n,\n,\n,"스테레오(2개)",\n,\n,"지문인식",\n,\n,\n,"Siri","애플페이(국내미지원)",\n,"IP67",\n,"라이트닝8핀","2900",\n,\n,"배터리일체형",\n,\n,\n,\n,"77.9","158.2","7.3","188"
"9","아이폰6s","A1688","apple",\n,"iOS9","가개통/중고","11.93","4.7","IPS-LCD","1334x750","326",\n,"16:09","77.70%",\n,\n,\n,"애플A9",\n,\n,"PowerVR GT7600",\n,\n,\n,"2GB","32GB","NVMe","MicroSD 미지원",\n,"LTE-A Cat.6","802.11 a/b/g/n/ac","v4.0",\n,"나노유심",\n,\n,"1,200만","500만","2160p(UHD),30fps",\n,\n,\n,\n,"F2.2","광학식손떨림보정(OIS)","○","○","○",\n,\n,"○",\n,"○",\n,"○",\n,\n,\n,"3.5mm",\n,\n,\n,"지문인식",\n,\n,\n,"Siri",\n,\n,\n,\n,"라이트닝8핀","1715",\n,\n,"배터리일체형",\n,\n,\n,\n,"67.1","138.2","7.1","143"
"10","아이폰6s Plus","A1687","apple",\n,"iOS9","가개통/중고","13.97","5.5","IPS-LCD","1920x1080","401",\n,"16:09","79.20%",\n,\n,\n,"애플A9",\n,\n,"PowerVR GT7600",\n,\n,\n,"2GB","16GB","NVMe","MicroSD 미지원",\n,"LTE-A Cat.6","802.11 a/b/g/n/ac","v4.0",\n,"나노유심",\n,\n,"1,200만","500만","2160p(UHD),30fps",\n,\n,\n,\n,"F2.2","광학식손떨림보정(OIS)","○","○","○",\n,\n,"○",\n,"○",\n,"○",\n,\n,\n,"3.5mm",\n,\n,\n,"지문인식",\n,\n,\n,"Siri",\n,\n,\n,\n,"라이트닝8핀","2750",\n,\n,"배터리일체형",\n,\n,\n,\n,"77.9","158.2","7.3","192"
"11","아이폰6 Plus","A1524","apple",\n,"iOS9","가개통/중고","13.97","5.5","IPS-LCD","1920x1080","401",\n,"16:09","79.20%",\n,\n,\n,"애플A9",\n,\n,"PowerVR GT7600",\n,\n,\n,"2GB","16GB","NVMe","MicroSD 미지원",\n,"LTE-A Cat.6","802.11 a/b/g/n/ac","v4.0",\n,"나노유심",\n,\n,"1,200만","500만","2160p(UHD),30fps",\n,\n,\n,\n,"F2.2","광학식손떨림보정(OIS)","○","○","○",\n,\n,"○",\n,"○",\n,"○",\n,\n,\n,"3.5mm",\n,\n,\n,"지문인식",\n,\n,\n,"Siri",\n,\n,\n,\n,"라이트닝8핀","2750",\n,\n,"배터리일체형",\n,\n,\n,\n,"77.9","158.2","7.3","192"
"12","갤럭시 A90 5G","SM-A908","samsung",\n,"안드로이드9.0 파이","가개통/중고","17.02","6.7","S-AMOLED","2400x1080","393","60Hz","20:09","85.80%",\n,\n,\n,"스냅드래곤855","옥타(8)코어","2.8GHz+2.4GHz+1.7GHz","Adreno 640",\n,\n,\n,"6GB","128GB",\n,"microSD:최대512GB","5G NR","LTE-A Cat.20","802.11 a/b/g/n/ac","v5.0",\n,"나노유심",\n,\n,"4,800만+800만+500만","3,200만","4k,30fps",\n,\n,\n,\n,"F2.0","전자식손떨림보정(EIS)","○","○","○",\n,\n,\n,\n,"○",\n,\n,\n,\n,\n,\n,"모노(1개)",\n,\n,"지문인식(온스크린)","얼굴인식",\n,\n,"빅스비","삼성페이",\n,\n,\n,"USB타입C","4500",\n,\n,"배터리일체형","최대25W","고속충전지원",\n,\n,"76.4","164.8","8.4","206"
"13","갤럭시 A50","SM-A505","samsung",\n,"안드로이드9.0 파이","가개통/중고","16.25","6.4","S-AMOLED","2340x1080","403","60Hz","19.5:9","84.90%",\n,\n,\n,"엑시노스9610","옥타(8)코어","2.3GHz+1.7GHz","Mali G72",\n,\n,\n,"4GB","64GB",\n,"microSD:최대512GB",\n,"LTE-A Cat.12","802.11 a/b/g/n/ac","v5.0",\n,"나노유심",\n,\n,"2,500만+800만+500만","2,500만","1080p(FHD),30fps",\n,\n,\n,\n,"F1.7",\n,\n,"○","○",\n,\n,\n,\n,"○",\n,\n,\n,\n,\n,"3.5mm","모노(1개)",\n,\n,"지문인식(온스크린)","얼굴인식",\n,\n,"빅스비","삼성페이",\n,\n,\n,"USB타입C","4000",\n,\n,"배터리일체형","최대15W","고속충전지원",\n,\n,"74.7","158.5","7.7","166"
"14","갤럭시 A40","SM-A405","samsung",\n,"안드로이드9.0 파이","가개통/중고","14.99","5.9","S-AMOLED","2340x1080","437","60Hz","19.5:9","85.50%",\n,\n,\n,"엑시노스7904","옥타(8)코어","1.7GHz+1.6GHz","Mali G71",\n,\n,\n,"4GB","64GB",\n,"microSD:최대512GB",\n,"LTE-A Cat.12","802.11 a/b/g/n/ac","v5.0",\n,"나노유심",\n,\n,"1,600만+500만","2,500만","1080p(FHD),30fps",\n,\n,\n,\n,"F1.7",\n,\n,"○","○",\n,\n,\n,\n,"○",\n,\n,\n,\n,\n,"3.5mm","모노(1개)",\n,\n,"지문인식(후면)",\n,\n,\n,\n,\n,\n,\n,\n,"USB타입C","3100",\n,\n,"배터리일체형","최대15W","고속충전지원",\n,\n,"69.2","144.3","7.9",\n
"15","갤럭시 A30","SM-A305","samsung",\n,"안드로이드9.0 파이","가개통/중고","16.25","6.4","S-AMOLED","2340x1080","403","60Hz","19.5:9","84.90%",\n,\n,\n,"엑시노스7904","옥타(8)코어","1.8GHz+1.6GHz","Mali G71",\n,\n,\n,"3GB","32GB",\n,"microSD:최대512GB",\n,"LTE-A Cat.12","802.11 a/b/g/n/ac","v5.0",\n,"나노유심",\n,\n,"1,600만+500만","1,600만","1080p(FHD),30fps",\n,\n,\n,\n,"F1.7",\n,\n,"○","○",\n,\n,\n,\n,"○",\n,\n,\n,\n,\n,"3.5mm","모노(1개)",\n,\n,"지문인식(후면)","얼굴인식",\n,\n,"빅스비(홈, 리마인더)","삼성페이",\n,\n,\n,"USB타입C","4000",\n,\n,"배터리일체형","최대15W","USB PD2.0",\n,\n,"74.5","158.5","7.7","168"
"16","갤럭시 와이드4","SM-A205","samsung",\n,"안드로이드9.0 파이","가개통/중고","16.25","6.4","S-AMOLED","1560x720","268","60Hz","19.5:9","85%",\n,\n,\n,"엑시노스7884","옥타(8)코어","1.6GHz+1.35GHz","Mali G71",\n,\n,\n,"3GB","32GB",\n,"microSD:최대512GB",\n,"LTE-A Cat.12","802.11 b/g/n","v5.0",\n,"나노유심",\n,\n,"1,300만+500만","800만","1080p(FHD),30fps",\n,\n,\n,\n,"F1.9",\n,\n,"○","○",\n,\n,\n,\n,"○",\n,\n,\n,\n,\n,"3.5mm","모노(1개)",\n,\n,"지문인식(후면)",\n,\n,\n,\n,\n,\n,\n,\n,"USB타입C","4000",\n,\n,"배터리일체형","최대15W","고속충전지원",\n,\n,"74.7","158.4","7.8","169"
"17","갤럭시 A9 Pro","SM-G887","samsung",\n,"안드로이드8.1 오레오","가개통/중고","16.25","6.4","PLS-LCD","2340x1080","403",\n,"19.5:9","84.70%",\n,\n,\n,"스냅드래곤710","옥타(8)코어","2.2GHz+1.7GHz","Adreno 616",\n,\n,\n,"6GB","128GB",\n,"MicroSD 미지원",\n,"LTE-A Cat.15","802.11 a/b/g/n/ac","v5.0",\n,"나노유심",\n,\n,"2,400만+1,000만+500만","2,400만","2160p(UHD),30fps",\n,\n,\n,\n,"F1.7",\n,\n,"○","○",\n,\n,\n,\n,"○",\n,\n,\n,\n,\n,\n,"모노(1개)","24비트 음원재생",\n,"지문인식","얼굴인식",\n,\n,"빅스비",\n,\n,\n,\n,"USB타입C","3400",\n,\n,"배터리일체형","최대18W","고속충전지원",\n,\n,"74.9","158.4","7.4","173"
"18","갤럭시 A8 Star","SM-G885","samsung",\n,"안드로이드8.0 오레오","가개통/중고","16","6.3","S-AMOLED","2220x1080","392",\n,"18.5:9","80.60%",\n,\n,\n,"스냅드래곤660","옥타(8)코어","2.2GHz+1.8GHz","Adreno 512",\n,\n,\n,"4GB","64GB",\n,"microSD:최대512GB",\n,"LTE-A Cat.11","802.11 a/b/g/n/ac","v5.0",\n,"나노유심",\n,\n,"2,400만+1,600만","2,400만","2160p(UHD),30fps",\n,\n,\n,\n,"F1.7",\n,\n,"○","○",\n,\n,"○",\n,"○",\n,"○",\n,\n,\n,"3.5mm","모노(1개)","24비트 음원재생",\n,"지문인식",\n,\n,\n,\n,\n,\n,\n,\n,"USB타입C","3700",\n,\n,"배터리일체형",\n,\n,\n,\n,"77","162.4","7.6","191"
"19","갤럭시 A9 2018","SM-A920","samsung",\n,"안드로이드8.0 오레오","가개통/중고","16","6.3","S-AMOLED","2220x1080","392",\n,"18.5:9","80.50%",\n,\n,\n,"스냅드래곤660","옥타(8)코어","2.2GHz+1.8GHz","Adreno 512",\n,\n,\n,"6GB","128GB",\n,"microSD:최대512GB",\n,"LTE-A Cat.9","802.11 a/b/g/n/ac","v5.0",\n,"나노유심",\n,\n,"2,400만+1,000만+800만+500만","2,400만","2160p(UHD),30fps",\n,\n,\n,\n,"F1.7",\n,\n,"○","○",\n,"○",\n,\n,"○",\n,\n,\n,\n,\n,"3.5mm","모노(1개)","24비트 음원재생",\n,"지문인식",\n,\n,\n,"빅스비",\n,\n,\n,\n,"USB타입C","3800",\n,\n,"배터리일체형","최대18W","고속충전지원",\n,\n,"77","162.5","7.8","183"
"20","갤럭시 A8 2018","SM-A530","samsung",\n,"안드로이드 7.1.1","가개통/중고","14.19","5.6","AMOLED","2220x1080","441",\n,"18.5:9","75.60%",\n,\n,\n,"엑시노스 7885","옥타(8)코어","2.2GHz+1.6GHz",\n,\n,\n,\n,"4GB","32GB","eMMC","microSD:최대256GB",\n,"LTE-A Cat.12","802.11 a/b/g/n/ac","v5.0",\n,"나노유심",\n,\n,"1,600만","1,600만+800만","1080p(FHD),30fps",\n,\n,\n,\n,"F1.7",\n,\n,"○","○",\n,\n,"○",\n,"○",\n,"○",\n,\n,\n,"3.5mm","스테레오(2개)",\n,\n,"지문인식(후면)",\n,\n,\n,\n,"삼성페이",\n,"IP68",\n,"USB타입C","3000",\n,\n,"배터리일체형","최대18W","어댑티브패스트차징2.0",\n,\n,"70.6","149.2","8.4","172"
"21","갤럭시 A6 2018","SM-A600","samsung",\n,"안드로이드8.0 오레오","가개통/중고","14.19","5.6","S-AMOLED","1480x720","294",\n,"18.5:9","75%",\n,\n,\n,"엑시노스7870","옥타(8)코어","1.6GHz","Mali T830",\n,\n,\n,"3GB","32GB",\n,"microSD:최대256GB",\n,"LTE-A Cat.6","802.11 a/b/g/n","v4.2",\n,"나노유심",\n,\n,"1,600만","1,600만","1080p(FHD),30fps",\n,\n,\n,\n,"F1.7",\n,\n,"○","○",\n,\n,"○",\n,"○",\n,"○",\n,\n,\n,"3.5mm","모노(1개)","24비트 음원재생",\n,"지문인식","얼굴인식",\n,\n,"빅스비",\n,\n,\n,\n,"마이크로5핀","3000",\n,\n,"배터리일체형",\n,\n,\n,\n,"70.8","149.9","7.7",\n
"22","갤럭시 A7 2018","SM-A750","samsung",\n,"안드로이드8.0 오레오","가개통/중고","15.24","6","S-AMOLED","2220x1080","411",\n,"18.5:9","74.40%",\n,\n,\n,"엑시노스7885","옥타(8)코어","2.2GHz+1.6GHz","Mali G71",\n,\n,\n,"4GB","64GB",\n,"microSD:최대512GB",\n,"LTE-A Cat.6","802.11 a/b/g/n/ac","v5.0",\n,"나노유심",\n,\n,"2,400만+800만+500만","2,400만","1080p(FHD),30fps",\n,\n,\n,\n,"F1.7",\n,\n,"○","○",\n,\n,\n,\n,"○",\n,\n,\n,\n,\n,"3.5mm","모노(1개)","24비트 음원재생",\n,"지문인식",\n,\n,\n,"빅스비(홈, 리마인더, 비전)",\n,\n,\n,\n,"마이크로5핀","3300",\n,\n,"배터리일체형",\n,\n,\n,\n,"76.8","159.8","7.5","168"
"23","갤럭시 A5 2017","SM-A520","samsung",\n,"안드로이드6.0 마쉬멜로우","가개통/중고","13.22","5.2","AMOLED","1920x1080","424",\n,"16:09","81.20%",\n,\n,\n,"엑시노스7 7880","옥타(8)코어","1.9GHz","Mali T830",\n,\n,\n,"3GB","32GB","eMMC","microSD:최대256GB",\n,"LTE-A Cat.6","802.11 a/b/g/n/ac","v4.2",\n,"나노유심",\n,\n,"1,600만","1,600만","1080p(FHD),30fps",\n,\n,\n,\n,"F1.9",\n,\n,"○","○",\n,\n,"○",\n,"○",\n,"○",\n,\n,\n,"3.5mm","모노(1개)",\n,\n,"지문인식",\n,\n,\n,\n,"삼성페이",\n,"IP68",\n,"USB타입C","3000",\n,\n,"배터리일체형",\n,\n,\n,\n,"71.4","146.1","7.9","159"
"24","갤럭시 A8 2016","SM-A810","samsung",\n,"안드로이드6.0 마쉬멜로우","가개통/중고","14.47","5.7","AMOLED","1920x1080","386",\n,\n,"83%",\n,\n,\n,"엑시노스7 7420","옥타(8)코어","2.1GHz","Mali T760",\n,\n,\n,"3GB","32GB","UFS","MicroSD",\n,"LTE-A Cat.6","802.11 b/g/n/ac","v4.2",\n,"나노유심",\n,\n,"1,600만","800만","1080p(FHD),30fps",\n,\n,\n,\n,"F1.9",\n,\n,"○","○",\n,\n,"○",\n,"○",\n,"○",\n,\n,\n,"3.5mm",\n,\n,\n,"지문인식",\n,\n,\n,\n,"삼성페이",\n,\n,\n,\n,"3300",\n,\n,"배터리일체형",\n,"퀄컴퀵차지2.0",\n,\n,"76.8","156.6","7.2","182"
"25","갤럭시 A3 2016","SM-A310","samsung",\n,"안드로이드5.1 롤리팝","가개통/중고","11.93","4.7","AMOLED","1280x720","312",\n,"16:09","81.60%",\n,\n,\n,\n,"쿼드(4)코어","1.5GHz",\n,\n,\n,\n,"1.5GB","16GB","eMMC","microSD:최대128GB",\n,"LTE-A","802.11 b/g/n","v4.1",\n,"나노유심",\n,\n,"1,300만","500만","1080p(FHD),30fps",\n,\n,\n,\n,\n,\n,\n,\n,"○",\n,\n,"○",\n,\n,\n,"○",\n,\n,\n,"3.5mm",\n,\n,\n,\n,\n,\n,\n,\n,\n,\n,\n,\n,\n,"2300",\n,\n,"배터리일체형",\n,\n,\n,\n,"65.2","134.5","7.3","132"
"26","갤럭시 A5 2016","SM-A510","samsung",\n,"안드로이드5.1 롤리팝","가개통/중고","13.22","5.2","AMOLED","1920x1080","424",\n,"16:09","81.90%",\n,\n,\n,"엑시노스7 7580","옥타(8)코어","1.6GHz","Mali T720",\n,\n,\n,"2GB","16GB","eMMC","MicroSD",\n,"LTE-A Cat.6","802.11 b/g/n","v4.1",\n,"나노유심",\n,\n,"1,300만","500만","1080p(FHD),30fps",\n,\n,\n,\n,\n,"광학식손떨림보정(OIS)","○",\n,"○",\n,\n,"○",\n,\n,\n,"○",\n,\n,\n,"3.5mm",\n,\n,\n,"지문인식",\n,\n,\n,\n,"삼성페이",\n,\n,\n,\n,"2900",\n,\n,"배터리일체형",\n,\n,\n,\n,"71","144.8","7.3","155"
"27","갤럭시 A7 2016","SM-A710","samsung",\n,"안드로이드5.1 롤리팝","가개통/중고","13.97","5.5","AMOLED","1920x1080","401",\n,"16:09","82.80%",\n,\n,\n,"엑시노스7 7580","옥타(8)코어","1.6GHz","Mali T720",\n,\n,\n,"3GB","16GB","eMMC","MicroSD",\n,"LTE-A Cat.6","802.11 a/b/g/n","v4.1",\n,"나노유심",\n,\n,"1,300만","500만","1080p(FHD),30fps",\n,\n,\n,\n,\n,"광학식손떨림보정(OIS)","○",\n,"○",\n,\n,"○",\n,\n,\n,"○",\n,\n,\n,"3.5mm",\n,\n,\n,"지문인식",\n,\n,\n,\n,"삼성페이",\n,\n,\n,\n,"3300",\n,\n,"배터리일체형",\n,\n,\n,\n,"74.1","151.5","7.3","172"
"28","갤럭시 A8","SM-A800","samsung",\n,"안드로이드 7.1.1","가개통/중고","14.19","5.6","AMOLED","2220x1080","441",\n,"18.5:9","75.60%",\n,\n,\n,"엑시노스 7885","옥타(8)코어","2.2GHz+1.6GHz",\n,\n,\n,\n,"4GB","32GB","eMMC","microSD:최대256GB",\n,"LTE-A Cat.12","802.11 a/b/g/n/ac","v5.0",\n,"나노유심",\n,\n,"1,600만","1,600만+800만","1080p(FHD),30fps",\n,\n,\n,\n,"F1.7",\n,\n,"○","○",\n,\n,"○",\n,"○",\n,"○",\n,\n,\n,"3.5mm","스테레오(2개)",\n,\n,"지문인식(후면)",\n,\n,\n,\n,"삼성페이",\n,"IP68",\n,"USB타입C","3000",\n,\n,"배터리일체형","최대18W","어댑티브패스트차징2.0",\n,\n,"70.6","149.2","8.4","172"
"29","갤럭시 A5","SM-A500","samsung",\n,"안드로이드6.0 마쉬멜로우","가개통/중고","13.22","5.2","AMOLED","1920x1080","424",\n,"16:09","81.20%",\n,\n,\n,"엑시노스7 7880","옥타(8)코어","1.9GHz","Mali T830",\n,\n,\n,"3GB","32GB","eMMC","microSD:최대256GB",\n,"LTE-A Cat.6","802.11 a/b/g/n/ac","v4.2",\n,"나노유심",\n,\n,"1,600만","1,600만","1080p(FHD),30fps",\n,\n,\n,\n,"F1.9",\n,\n,"○","○",\n,\n,"○",\n,"○",\n,"○",\n,\n,\n,"3.5mm","모노(1개)",\n,\n,"지문인식",\n,\n,\n,\n,"삼성페이",\n,"IP68",\n,"USB타입C","3000",\n,\n,"배터리일체형",\n,\n,\n,\n,"71.4","146.1","7.9","159"
"30","갤럭시 A3","SM-A300","samsung",\n,"안드로이드5.1 롤리팝","가개통/중고","11.93","4.7","AMOLED","1280x720","312",\n,"16:09","81.60%",\n,\n,\n,\n,"쿼드(4)코어","1.5GHz",\n,\n,\n,\n,"1.5GB","16GB","eMMC","microSD:최대128GB",\n,"LTE-A","802.11 b/g/n","v4.1",\n,"나노유심",\n,\n,"1,300만","500만","1080p(FHD),30fps",\n,\n,\n,\n,\n,\n,\n,\n,"○",\n,\n,"○",\n,\n,\n,"○",\n,\n,\n,"3.5mm",\n,\n,\n,\n,\n,\n,\n,\n,\n,\n,\n,\n,\n,"2300",\n,\n,"배터리일체형",\n,\n,\n,\n,"65.2","134.5","7.3","132"
"31","갤럭시 A7","SM-A700","samsung",\n,"안드로이드8.0 오레오","가개통/중고","15.24","6","S-AMOLED","2220x1080","411",\n,"18.5:9","74.40%",\n,\n,\n,"엑시노스7885","옥타(8)코어","2.2GHz+1.6GHz","Mali G71",\n,\n,\n,"4GB","64GB",\n,"microSD:최대512GB",\n,"LTE-A Cat.6","802.11 a/b/g/n/ac","v5.0",\n,"나노유심",\n,\n,"2,400만+800만+500만","2,400만","1080p(FHD),30fps",\n,\n,\n,\n,"F1.7",\n,\n,"○","○",\n,\n,\n,\n,"○",\n,\n,\n,\n,\n,"3.5mm","모노(1개)","24비트 음원재생",\n,"지문인식",\n,\n,\n,"빅스비(홈, 리마인더, 비전)",\n,\n,\n,\n,"마이크로5핀","3300",\n,\n,"배터리일체형",\n,\n,\n,\n,"76.8","159.8","7.5","168"
"32","갤럭시 J2 Pro","SM-J250","samsung",\n,\n,\n,"12.7",\n,\n,\n,\n,\n,\n,\n,\n,\n,\n,\n,\n,\n,\n,\n,\n,\n,\n,\n,\n,\n,\n,\n,\n,\n,\n,\n,\n,\n,\n,\n,\n,\n,\n,\n,\n,\n,\n,\n,\n,\n,\n,\n,\n,\n,\n,\n,\n,\n,\n,\n,\n,\n,\n,\n,\n,\n,\n,\n,\n,\n,\n,\n,\n,\n,\n,\n,\n,\n,\n,\n,\n,\n,\n,\n,\n,\n
"33","갤럭시 J3 2017","SM-J330","samsung",\n,"안드로이드 7.0 누가","가개통/중고","12.7","5","LCD","1280x720","294",\n,"16:09","79.60%",\n,\n,\n,"엑시노스 7 7570","쿼드(4)코어","1.4GHz","Mali T720",\n,\n,\n,"2GB","16GB","eMMC","MicroSD",\n,"LTE Cat.4","802.11 b/g/n","v4.2",\n,"나노유심",\n,\n,"1,300만","500만","1080p(FHD),30fps",\n,\n,\n,\n,"F1.9",\n,\n,"○","○",\n,\n,"○",\n,"○",\n,"○",\n,\n,\n,"3.5mm","모노(1개)",\n,\n,\n,\n,\n,\n,\n,\n,\n,\n,\n,"마이크로5핀","2400",\n,\n,"배터리일체형",\n,\n,\n,\n,"70.3","143.2","8.2","142"
"34","갤럭시 J5 2017","SM-J530","samsung",\n,"안드로이드7.0 누가","가개통/중고","13.22","5.2","AMOLED","1280x720","282",\n,"16:09","81.20%",\n,\n,\n,"엑시노스7 7870","옥타(8)코어","1.6GHz","Mali T830",\n,\n,\n,"2GB","32GB","eMMC","MicroSD",\n,"LTE-A Cat.6","802.11 a/b/g/n/ac","v4.1",\n,"나노유심",\n,\n,"1,300만","1,300만","1080p(FHD),30fps",\n,\n,\n,\n,"F1.7",\n,\n,"○","○",\n,\n,"○",\n,"○",\n,"○",\n,\n,\n,"3.5mm","모노(1개)",\n,\n,"지문인식",\n,\n,\n,\n,"삼성페이",\n,\n,\n,"마이크로5핀","3000",\n,\n,"배터리일체형",\n,\n,\n,\n,"71.3","146.2","8","160"
"35","갤럭시 J7 2017","SM-J730","samsung",\n,"안드로이드 7.0 누가","가개통/중고","13.97","5.5","AMOLED","1920x1080","401",\n,"16:09","82.20%",\n,\n,\n,"엑시노스 7 7870(64bit)","옥타(8)코어","1.6GHz","Mali T830",\n,\n,\n,"3GB","32GB","eMMC","MicroSD",\n,"LTE-A Cat.6","802.11 a/b/g/n/ac","v4.1",\n,"나노유심",\n,\n,"1,300만","1,300만","1080p(FHD),30fps",\n,\n,\n,\n,"F1.7",\n,\n,"○","○",\n,\n,"○",\n,"○",\n,"○",\n,\n,\n,"3.5mm","모노(1개)",\n,\n,"지문인식",\n,\n,\n,\n,"삼성페이",\n,"IP54",\n,"마이크로5핀","3600",\n,\n,"배터리일체형",\n,\n,\n,\n,"74.8","152.5","8","181"
"36","갤럭시 J3 2016","SM-J320","samsung",\n,"안드로이드5.1 롤리팝","가개통/중고","12.7","5","AMOLED","1280x720","294",\n,"16:09","79.90%",\n,\n,\n,"스냅드래곤410","쿼드(4)코어","1.2GHz","Adreno 306",\n,\n,\n,"1.5GB","8GB","eMMC","MicroSD",\n,"LTE Cat.4","802.11 b/g/n","v4.1",\n,\n,\n,\n,"800만","500만","1080p(FHD),30fps",\n,\n,\n,\n,\n,\n,\n,"○","○",\n,\n,"○",\n,"○",\n,"○",\n,\n,\n,"3.5mm",\n,\n,\n,\n,\n,\n,\n,\n,\n,\n,\n,\n,\n,"2600",\n,\n,"배터리탈착형",\n,\n,\n,\n,"71","142.3","7.9","138"
"37","갤럭시 J7 2016","SM-J710","samsung",\n,"안드로이드6.0 마쉬멜로우","가개통/중고","13.97","5.5","AMOLED","1280x720","267",\n,"16:09","82.30%",\n,\n,\n,"엑시노스7 7870","옥타(8)코어","1.6GHz","Mali T830",\n,\n,\n,"2GB","16GB","eMMC","MicroSD",\n,"LTE-A Cat.6","802.11 b/g/n","v4.1",\n,"마이크로유심",\n,\n,"1,300만 (F1.9)","500만 (F1.9)","1080p(FHD),30fps",\n,\n,\n,\n,\n,\n,\n,"○","○",\n,\n,"○",\n,"○",\n,"○",\n,\n,\n,"3.5mm",\n,\n,\n,\n,\n,\n,\n,\n,\n,\n,\n,\n,\n,"3300",\n,\n,"배터리탈착형",\n,\n,\n,\n,"76","151.7","7.8","169"
"38","갤럭시 J5 2016","SM-J510","samsung",\n,"안드로이드5.1 롤리팝","가개통/중고","13.22","5.2","AMOLED","1280x720","282",\n,"16:09","81.20%",\n,\n,\n,\n,"쿼드(4)코어","1.2GHz",\n,\n,\n,\n,"2GB","16GB","eMMC","MicroSD",\n,"LTE-A","802.11 b/g/n","v4.1",\n,"마이크로유심",\n,\n,"1,300만","500만","1080p(FHD),30fps",\n,\n,\n,\n,\n,\n,\n,"○","○",\n,\n,"○",\n,"○",\n,"○",\n,\n,\n,"3.5mm",\n,\n,\n,\n,\n,\n,\n,\n,\n,\n,\n,\n,\n,"3100",\n,\n,\n,\n,\n,\n,\n,"72.3","145.8","8.1","159"
"39","갤럭시 J7","SM-J700","samsung",\n,"안드로이드 7.0 누가","가개통/중고","13.97","5.5","AMOLED","1920x1080","401",\n,"16:09","82.20%",\n,\n,\n,"엑시노스 7 7870(64bit)","옥타(8)코어","1.6GHz","Mali T830",\n,\n,\n,"3GB","32GB","eMMC","MicroSD",\n,"LTE-A Cat.6","802.11 a/b/g/n/ac","v4.1",\n,"나노유심",\n,\n,"1,300만","1,300만","1080p(FHD),30fps",\n,\n,\n,\n,"F1.7",\n,\n,"○","○",\n,\n,"○",\n,"○",\n,"○",\n,\n,\n,"3.5mm","모노(1개)",\n,\n,"지문인식",\n,\n,\n,\n,"삼성페이",\n,"IP54",\n,"마이크로5핀","3600",\n,\n,"배터리일체형",\n,\n,\n,\n,"74.8","152.5","8","181"
"40","갤럭시 J6","SM-J600","samsung",\n,"안드로이드8.0 오레오","가개통/중고","14.19","5.6","S-AMOLED","1480x720","294",\n,"18.5:9","75.90%",\n,\n,\n,"엑시노스7870 Octa","옥타(8)코어","1.6GHz","Mali T830",\n,\n,\n,"2GB","32GB",\n,"microSD:최대256GB",\n,"LTE Cat.4","802.11 b/g/n","v4.2",\n,"나노유심",\n,\n,"1,300만","800만","1080p(FHD),30fps",\n,\n,\n,\n,"F1.9",\n,\n,"○","○",\n,\n,"○",\n,"○",\n,"○",\n,\n,\n,"3.5mm","모노(1개)","24비트 음원재생",\n,"지문인식",\n,\n,\n,\n,\n,\n,\n,\n,"마이크로5핀","3000",\n,\n,"배터리일체형",\n,\n,\n,\n,"70.2","149.3","8.2","154"
"41","갤럭시 J5","SM-J500","samsung",\n,"안드로이드7.0 누가","가개통/중고","13.22","5.2","AMOLED","1280x720","282",\n,"16:09","81.20%",\n,\n,\n,"엑시노스7 7870","옥타(8)코어","1.6GHz","Mali T830",\n,\n,\n,"2GB","32GB","eMMC","MicroSD",\n,"LTE-A Cat.6","802.11 a/b/g/n/ac","v4.1",\n,"나노유심",\n,\n,"1,300만","1,300만","1080p(FHD),30fps",\n,\n,\n,\n,"F1.7",\n,\n,"○","○",\n,\n,"○",\n,"○",\n,"○",\n,\n,\n,"3.5mm","모노(1개)",\n,\n,"지문인식",\n,\n,\n,\n,"삼성페이",\n,\n,\n,"마이크로5핀","3000",\n,\n,"배터리일체형",\n,\n,\n,\n,"71.3","146.2","8","160"
"42","갤럭시 J4 Plus","SM-J415","samsung",\n,"안드로이드8.1 오레오","가개통/중고","15.24","6","IPS-LCD","1480x720","274",\n,"18.5:9","73.60%",\n,\n,\n,"스냅드래곤425","쿼드(4)코어","1.4GHz","Adreno 308",\n,\n,\n,"3GB","32GB",\n,"microSD:최대512GB",\n,"LTE Cat.4","802.11 b/g/n","v4.2",\n,"나노유심",\n,\n,"1,300만","500만","1080p(FHD),30fps",\n,\n,\n,\n,"F1.9",\n,\n,"○","○",\n,\n,\n,\n,"○",\n,\n,\n,\n,\n,"3.5mm","모노(1개)","24비트 음원재생",\n,\n,"얼굴인식",\n,\n,\n,\n,\n,\n,\n,"마이크로5핀","3300",\n,\n,"배터리일체형",\n,\n,\n,\n,"76.9","161.4","7.9","178"
"43","갤럭시S10 5G","SM-G977","samsung",\n,"안드로이드9.0 파이","가개통/중고","17.02","6.7","D-AMOLED","3040x1440","505","60Hz","19:09","89.40%",\n,\n,"HDR10+","엑시노스9820","옥타(8)코어","2.7GHz+2.3GHz+1.9GHz","Mali G76",\n,\n,\n,"8GB","256GB","UFS2.1","MicroSD 미지원","5G NR","LTE-A Cat.20","802.11 a/b/g/n/ac/ax","v5.0",\n,"나노유심",\n,\n,"1,600만+1,200만+1,200만","1,000만","4K,60fps",\n,\n,\n,\n,"F1.5","광학식손떨림보정(듀얼OIS)",\n,"○","○",\n,"○",\n,\n,"○",\n,\n,\n,"○","○","3.5mm","스테레오(2개)","32비트 음원재생",\n,"지문인식(온스크린)","얼굴인식",\n,\n,"빅스비","삼성페이",\n,"IP68",\n,"USB타입C","4500",\n,\n,"배터리일체형","최대25W","USB PD3.0","Qi무선충전: 최대12W",\n,"77.1","162.6","7.94","198"
"44","갤럭시S10e","SM-G970","samsung",\n,"안드로이드9.0 파이","가개통/중고","14.73","5.8","D-AMOLED","2280x1080","438","60Hz","19:09","83.30%",\n,\n,"HDR10+","엑시노스9820","옥타(8)코어","2.7GHz+2.3GHz+1.9GHz","Mali G76",\n,\n,\n,"6GB","128GB","UFS2.1","microSD:최대512GB",\n,"LTE-A Cat.20","802.11 a/b/g/n/ac/ax","v5.0",\n,"나노유심",\n,\n,"1,600만+1,200만","1,000만","4K,60fps",\n,\n,\n,\n,"F1.5","광학식손떨림보정(OIS)",\n,"○","○",\n,\n,\n,\n,"○",\n,\n,\n,\n,"○","3.5mm","스테레오(2개)","32비트 음원재생",\n,"지문인식(측면)","얼굴인식",\n,\n,"빅스비","삼성페이",\n,"IP68",\n,"USB타입C","3100",\n,\n,"배터리일체형","최대15W","USB PD2.0","Qi무선충전: 최대12W",\n,"69.9","142.2","7.9","150"
"45","갤럭시S10","SM-G973","samsung",\n,"안드로이드9.0 파이","가개통/중고","15.49","6.1","D-AMOLED","3040x1440","550","60Hz","19:09","88.30%",\n,\n,"HDR10+","엑시노스9820","옥타(8)코어","2.7GHz+2.3GHz+1.9GHz","Mali G76",\n,\n,\n,"8GB","128GB","UFS2.1","microSD:최대512GB",\n,"LTE-A Cat.20","802.11 a/b/g/n/ac/ax","v5.0",\n,"나노유심",\n,\n,"1,600만+1,200만+1,200만","1,000만","4K,60fps",\n,\n,\n,\n,"F1.5","광학식손떨림보정(듀얼OIS)",\n,"○","○",\n,"○",\n,\n,"○",\n,\n,\n,\n,"○","3.5mm","스테레오(2개)","32비트 음원재생",\n,"지문인식(온스크린)","얼굴인식",\n,\n,"빅스비","삼성페이",\n,"IP68",\n,"USB타입C","3400",\n,\n,"배터리일체형","최대15W","USB PD2.0","Qi무선충전: 최대12W",\n,"70.4","149.9","7.8","157"
"46","갤럭시S10 Plus","SM-G975","samsung",\n,"안드로이드9.0 파이","가개통/중고","16.25","6.4","D-AMOLED","3040x1440","522","60Hz","19:09","87.50%",\n,\n,"HDR10+","엑시노스9820","옥타(8)코어","2.7GHz+2.3GHz+1.9GHz","Mali G76",\n,\n,\n,"8GB","128GB","UFS2.1","microSD:최대512GB",\n,"LTE-A Cat.20","802.11 a/b/g/n/ac/ax","v5.0",\n,"나노유심",\n,\n,"1,600만+1,200만+1,200만","1,000만+800만","4K,60fps",\n,\n,\n,\n,"F1.5","광학식손떨림보정(듀얼OIS)",\n,"○","○",\n,"○",\n,\n,"○",\n,\n,\n,\n,"○","3.5mm","스테레오(2개)","32비트 음원재생",\n,"지문인식(온스크린)","얼굴인식",\n,\n,"빅스비","삼성페이",\n,"IP68",\n,"USB타입C","4100",\n,\n,"배터리일체형","최대15W","USB PD2.0","Qi무선충전: 최대12W",\n,"74.1","157.6","7.8","175"
"47","갤럭시S9","SM-G960","samsung",\n,"안드로이드 8.0 오레오","가개통/중고","14.73","5.8","S-AMOLED","2960x1440","570","60Hz","18.5:9","83.60%",\n,\n,\n,"엑시노스9 9810","옥타(8)코어","2.7GHz+1.7GHz","Mali G72",\n,\n,\n,"4GB","64GB","UFS2.1","microSD:최대400GB",\n,"LTE-A Cat.18","802.11 a/b/g/n/ac","v5.0",\n,"나노유심",\n,\n,"1,200만","800만","2160p(UHD),60fps",\n,\n,\n,\n,"F1.5","광학식손떨림보정(OIS)","○","○","○",\n,\n,"○",\n,"○",\n,"○",\n,\n,\n,"3.5mm","스테레오(2개)","32비트 음원재생",\n,"지문인식(후면)","얼굴인식","지원",\n,"빅스비","삼성페이",\n,"IP68",\n,"USB타입C","3000",\n,\n,"배터리일체형","최대15W","퀵차지2.0","Qi무선충전: 최대9W",\n,"68.7","147.7","8.5","163"
"48","갤럭시S9 Plus","SM-G965","samsung",\n,"안드로이드 8.0 오레오","가개통/중고","15.75","6.2","S-AMOLED","2960x1440","529","60Hz","18.5:9","84.20%",\n,\n,"HDR10","엑시노스9 9810","옥타(8)코어","2.7GHz+1.7GHz","Mali G72",\n,\n,\n,"6GB","64GB","UFS2.1","microSD:최대400GB",\n,"LTE-A Cat.18","802.11 a/b/g/n/ac","v5.0",\n,"나노유심",\n,\n,"1,200만+1200만","800만","2160p(UHD),60fps",\n,\n,\n,\n,"F1.5","광학식손떨림보정(듀얼OIS)","○","○","○",\n,"○","○",\n,"○",\n,"○",\n,\n,\n,"3.5mm","스테레오(2개)","32비트 음원재생",\n,"지문인식(후면)","얼굴인식","지원",\n,"빅스비","삼성페이",\n,"IP68",\n,"USB타입C","3500",\n,\n,"배터리일체형","최대15W","퀵차지2.0","Qi무선충전: 최대9W",\n,"73.8","158.1","8.5","189"
"49","갤럭시S8","SM-G950","samsung",\n,"안드로이드7.0 누가","가개통/중고","14.73","5.8","AMOLED","2960x1440","570","60Hz","18.5:9","83.60%",\n,\n,"HDR10+","엑시노스9 8895","옥타(8)코어","2.3GHz+1.7GHz","Mali G71",\n,\n,\n,"4GB","64GB","UFS2.0","microSD:최대256GB",\n,"LTE-A Cat.16","802.11 a/b/g/n/ac","v5.0",\n,"나노유심",\n,\n,"1,200만","800만","2160p(UHD),30fps",\n,\n,\n,\n,"F1.7","광학식손떨림보정(OIS)","○","○","○",\n,\n,"○",\n,"○",\n,"○",\n,\n,\n,"3.5mm","모노(1개)","32비트 음원재생",\n,"지문인식(후면)","얼굴인식","지원",\n,"빅스비","삼성페이",\n,"IP68",\n,"USB타입C","3000",\n,\n,"배터리일체형","최대15W","퀵차지2.0","Qi무선충전: 최대9W",\n,"68.1","148.9","8","155"
"50","갤럭시S8 Plus","SM-G955","samsung",\n,"안드로이드7.0 누가","가개통/중고","15.75","6.2","AMOLED","2960x1440","529","60Hz","18.5:9","84%",\n,\n,"HDR10+","엑시노스9 8895","옥타(8)코어","2.3GHz+1.7GHz","Mali G71",\n,\n,\n,"4GB","64GB","UFS2.0","microSD:최대256GB",\n,"LTE-A Cat.16","802.11 a/b/g/n/ac","v5.0",\n,"나노유심",\n,\n,"1,200만","800만","2160p(UHD),30fps",\n,\n,\n,\n,"F1.7","광학식손떨림보정(OIS)","○","○","○",\n,\n,"○",\n,"○",\n,"○",\n,\n,\n,"3.5mm","모노(1개)","32비트 음원재생",\n,"지문인식(후면)","얼굴인식","지원",\n,"빅스비","삼성페이",\n,"IP68",\n,"USB타입C","3500",\n,\n,"배터리일체형","최대15W","퀵차지2.0","Qi무선충전: 최대9W",\n,"73.4","159.5","8.1","173"
"51","갤럭시S7","SM-G930","samsung",\n,"안드로이드6.0 마쉬멜로우","가개통/중고","12.95","5.1","AMOLED","2560x1440","577",\n,"16:09","81.10%",\n,\n,\n,"엑시노스8 8890","옥타(8)코어","2.3GHz + 1.6GHz","Mali T880",\n,\n,\n,"4GB","32GB","UFS2.0","microSD:최대256GB",\n,"LTE-A Cat.12","802.11 a/b/g/n/ac","v4.2",\n,"나노유심",\n,\n,"1,200만","500만","2160p(UHD),30fps",\n,\n,\n,\n,"F1.7",\n,\n,"○","○",\n,\n,"○",\n,"○",\n,"○",\n,\n,\n,"3.5mm","스테레오(2개)",\n,\n,"지문인식",\n,\n,\n,\n,"삼성페이",\n,"IP68",\n,\n,"3000",\n,\n,"배터리일체형",\n,\n,"Qi무선충전: 최대9W",\n,"70.5","143.4","6.8","152"
"52","갤럭시S7 Edge","SM-G935","samsung",\n,"안드로이드6.0 마쉬멜로우","가개통/중고","13.97","5.5","AMOLED","2560x1440","534",\n,"16:09","83.40%",\n,\n,\n,"엑시노스8 8890","옥타(8)코어","2.3GHz + 1.6GHz","Mali T880",\n,\n,\n,"4GB","32GB","UFS2.0","microSD:최대256GB",\n,"LTE-A Cat.12","802.11 a/b/g/n/ac","v4.2",\n,"나노유심",\n,\n,"1,200만","500만","2160p(UHD),30fps",\n,\n,\n,\n,"F1.7",\n,\n,"○",\n,\n,\n,"○",\n,"○","○","○",\n,\n,\n,"3.5mm",\n,\n,\n,"지문인식",\n,\n,\n,\n,"삼성페이",\n,"IP68",\n,\n,"3600",\n,\n,"배터리일체형",\n,\n,"Qi무선충전: 최대9W",\n,"72.6","150.9","7.7","157"
"53","갤럭시S6 Edge Plus","SM-G928","samsung",\n,"안드로이드5.1 롤리팝","가개통/중고","14.47","5.7","AMOLED","2560x1440","515",\n,\n,"84.20%",\n,\n,\n,"엑시노스7 7420","옥타(8)코어","2.1GHz","Mali T760",\n,\n,\n,"4GB","32GB","UFS","MicroSD 미지원",\n,"LTE-A Cat.6","802.11 a/b/g/n/ac","v4.1",\n,"나노유심",\n,\n,"1,600만","800만","2160p(UHD),30fps",\n,\n,\n,\n,"F1.9","손떨림보정","○","○","○",\n,\n,"○",\n,"○",\n,"○",\n,\n,\n,"3.5mm",\n,\n,\n,"지문인식",\n,\n,\n,\n,"삼성페이",\n,\n,\n,\n,"3000",\n,\n,"배터리일체형",\n,\n,"Qi무선충전: 최대9W",\n,"75.8","154.4","6.9","153"
"54","갤럭시S6 Edge","SM-G925","samsung",\n,"안드로이드5.0 롤리팝","가개통/중고","12.95","5.1","AMOLED","2560x1440","576",\n,\n,"81.80%",\n,\n,\n,"엑시노스7 7420","옥타(8)코어","2.1GHz","Mali T760",\n,\n,\n,"3GB","32GB","UFS","MicroSD 미지원",\n,"LTE-A Cat.6","802.11 a/b/g/n/ac","v4.1",\n,"나노유심",\n,\n,"1,600만","500만","2160p(UHD),30fps",\n,\n,\n,\n,"F1.9",\n,\n,"○","○",\n,\n,"○",\n,"○",\n,"○",\n,\n,\n,"3.5mm","스테레오(2개)",\n,\n,"지문인식",\n,\n,\n,\n,"삼성페이",\n,\n,\n,\n,"2600",\n,\n,"배터리일체형",\n,\n,"Qi무선충전: 최대5W",\n,"70.1","142.1","7","132"
"55","갤럭시S6","SM-G920","samsung",\n,"안드로이드5.0 롤리팝","가개통/중고","12.95","5.1","AMOLED","2560x1440","577",\n,\n,"81.10%",\n,\n,\n,"엑시노스7 7420","옥타(8)코어","2.1GHz","Mali T760",\n,\n,\n,"3GB","32GB","UFS","MicroSD 미지원",\n,"LTE-A Cat.6","802.11 a/b/g/n/ac","v4.1",\n,"나노유심",\n,\n,"1,600만","500만","2160p(UHD),30fps",\n,\n,\n,\n,"F1.9",\n,\n,"○","○",\n,\n,"○",\n,"○",\n,"○",\n,\n,\n,"3.5mm","스테레오(2개)",\n,\n,"지문인식",\n,\n,\n,\n,"삼성페이",\n,\n,\n,\n,"2550",\n,\n,"배터리일체형",\n,\n,"Qi무선충전: 최대5W",\n,"70.5","143.4","6.8","138"
"56","갤럭시S5","SM-G900","samsung",\n,"안드로이드4.4 킷캣","가개통/중고","12.95","5.1","AMOLED","1920x1080",\n,\n,\n,\n,\n,\n,\n,\n,"옥타(8)코어","2.1GHz",\n,\n,\n,\n,"2GB","16GB","eMMC","MicroSD",\n,"LTE Cat.4","802.11 a/b/g/n/ac","v4.0",\n,"마이크로유심",\n,\n,"1,500~2,000만","200~300만","1080p(FHD),30fps",\n,\n,\n,\n,\n,\n,\n,\n,\n,\n,\n,\n,\n,"○",\n,\n,\n,\n,\n,"3.5mm",\n,\n,\n,"지문인식",\n,\n,\n,\n,\n,\n,"IP67",\n,\n,"2800",\n,\n,"배터리탈착형",\n,\n,\n,\n,"72.5","142","8.1","145"
"57","갤럭시S5 LTE-A","SM-G906","samsung",\n,"안드로이드4.4 킷캣","가개통/중고","12.95","5.1","AMOLED","2560x1440","576",\n,\n,\n,\n,\n,\n,"스냅드래곤805","쿼드(4)코어","2.5GHz","Adreno 420",\n,\n,\n,"3GB","32GB","eMMC","MicroSD",\n,"LTE-A Cat.9","802.11 a/b/g/n/ac","v4.0",\n,"마이크로유심",\n,\n,"1,600만","200만","2160p(UHD),30fps",\n,\n,\n,\n,\n,\n,\n,\n,"○",\n,\n,\n,\n,"○","○",\n,\n,\n,\n,"3.5mm",\n,\n,\n,"지문인식",\n,\n,\n,\n,\n,\n,"IP67",\n,\n,"2800",\n,\n,"배터리탈착형",\n,\n,\n,\n,"72.5","142","8.1","145"
"58","갤럭시S4 Active","SHV-E470","samsung",\n,"안드로이드4.2 젤리빈","공기계-새제품","12.7","5","LCD","1920x1080","441",\n,\n,\n,\n,\n,\n,"스냅드래곤800","쿼드(4)코어","2.3GHz","Adreno 330",\n,\n,\n,"2GB","32GB","eMMC","MicroSD",\n,"LTE Cat.4","802.11 a/b/g/n/ac","v4.0",\n,"마이크로유심",\n,\n,"1,200~1,499만","200~300만","1080p(FHD),30fps",\n,\n,\n,\n,\n,\n,\n,\n,\n,\n,\n,\n,\n,"○",\n,\n,\n,\n,\n,"3.5mm",\n,\n,\n,\n,\n,\n,\n,\n,\n,\n,"IP67",\n,"마이크로5핀","2600",\n,\n,"배터리탈착형",\n,\n,\n,\n,"71.3","139.7","9.1","147"
"59","갤럭시S4 Zoom","SM-C105","samsung",\n,"안드로이드4.2 젤리빈","가개통/중고","10.92","4.3","AMOLED","960x540","256",\n,\n,\n,\n,\n,\n,\n,"듀얼(2)코어","1.5GHz","PowerVR SGX544",\n,\n,\n,"1.5GB","16GB","eMMC","MicroSD",\n,"LTE",\n,"v4.0",\n,"마이크로유심",\n,\n,"1600만","190만","1080p(FHD),30fps",\n,\n,\n,\n,\n,"광학식손떨림보정(OIS)","○",\n,"○",\n,"○",\n,\n,"○",\n,\n,\n,\n,\n,"3.5mm",\n,\n,\n,\n,\n,\n,\n,\n,\n,\n,\n,\n,\n,"2330",\n,\n,"배터리탈착형",\n,\n,\n,\n,"63.5","125.5","15.4","208"
"60","갤럭시S4 Mini","SHV-E370","samsung",\n,"안드로이드4.2 젤리빈","가개통/중고","10.92","4.3","AMOLED","960x540","250~280",\n,\n,\n,\n,\n,\n,\n,"듀얼(2)코어","1.7GHz",\n,\n,\n,\n,"1.5GB","8GB","eMMC","MicroSD",\n,"LTE","802.11 a/b/g/n","v4.0",\n,"마이크로유심",\n,\n,"800~999만","100~199만","1080p(FHD),30fps",\n,\n,\n,\n,\n,\n,\n,\n,\n,\n,\n,\n,\n,"○",\n,\n,\n,\n,\n,"3.5mm",\n,\n,\n,\n,\n,\n,\n,\n,\n,\n,\n,\n,\n,"1000~1999",\n,\n,"배터리탈착형",\n,\n,\n,\n,"50~80","100~150","7~10","100~150"
"61","갤럭시S3 LTE","SHV-E210","samsung",\n,"안드로이드4.3 젤리빈","가개통/중고","12.19","4.8","AMOLED","1280x720","305",\n,\n,\n,\n,\n,\n,\n,"쿼드(4)코어","1.4GHz",\n,\n,\n,\n,"2GB","16GB","eMMC","MicroSD",\n,"LTE","802.11 a/b/g/n","v4.0",\n,"마이크로유심",\n,\n,"800만","190만","1080p(FHD),30fps",\n,\n,\n,\n,\n,\n,\n,\n,\n,\n,\n,\n,\n,"○",\n,\n,\n,\n,\n,"3.5mm",\n,\n,\n,\n,\n,\n,\n,\n,\n,\n,\n,\n,\n,"2100",\n,\n,"배터리탈착형",\n,\n,\n,\n,"70.6","136.6","9","138.5"
"62","갤럭시S3 3G","SHV-M440","삼성전자 																			",\n,"안드로이드4.2 젤리빈","가개통/중고","12.19","4.8","AMOLED","1280x720","305",\n,\n,\n,\n,\n,\n,\n,"쿼드(4)코어","1.4GHz",\n,\n,\n,\n,"1GB","16GB","eMMC","MicroSD",\n,"3G","802.11 a/b/g/n","v4.0",\n,"마이크로유심",\n,\n,"800만","190만","1080p(FHD),30fps",\n,\n,\n,\n,\n,\n,\n,\n,\n,\n,\n,\n,\n,"○",\n,\n,\n,\n,\n,"3.5mm",\n,\n,\n,\n,\n,\n,\n,\n,\n,\n,\n,\n,\n,"2100",\n,\n,"배터리탈착형",\n,\n,\n,\n,"70.6","136.6","8.6","133"
"63","갤럭시S2 ","SHW-M250","samsung",\n,"안드로이드2.3 진저브레드","가개통/중고","11.68","4.6","AMOLED","1280x720","280~330",\n,\n,\n,\n,\n,\n,\n,"듀얼(2)코어","1.5GHz",\n,\n,\n,\n,"1GB","16GB","eMMC","MicroSD",\n,\n,\n,"v3.0",\n,"마이크로유심",\n,\n,"800~999만","200~300만",\n,\n,\n,\n,\n,\n,\n,\n,\n,\n,\n,\n,\n,\n,"○",\n,\n,\n,\n,\n,"3.5mm",\n,\n,\n,\n,\n,\n,\n,\n,\n,\n,\n,\n,\n,"1000~1999",\n,\n,"배터리탈착형",\n,\n,\n,\n,"50~80","100~150","7~10","100~150"
"64","갤럭시S2 HD LTE","SHV-E120","samsung",\n,"안드로이드2.3 진저브레드","가개통/중고","11.68","4.6","AMOLED","1280x720","280~330",\n,\n,\n,\n,\n,\n,\n,"듀얼(2)코어","1.5GHz",\n,\n,\n,\n,"1GB","16GB","eMMC","MicroSD",\n,\n,\n,"v3.0",\n,"마이크로유심",\n,\n,"800~999만","200~300만",\n,\n,\n,\n,\n,\n,\n,\n,\n,\n,\n,\n,\n,\n,"○",\n,\n,\n,\n,\n,"3.5mm",\n,\n,\n,\n,\n,\n,\n,\n,\n,\n,\n,\n,\n,"1000~1999",\n,\n,"배터리탈착형",\n,\n,\n,\n,"50~80","100~150","7~10","100~150"
"65","갤럭시S2 LTE","SHV-E110","samsung",\n,"안드로이드2.3 진저브레드","가개통/중고","11.68","4.6","AMOLED","1280x720","280~330",\n,\n,\n,\n,\n,\n,\n,"듀얼(2)코어","1.5GHz",\n,\n,\n,\n,"1GB","16GB","eMMC","MicroSD",\n,\n,\n,"v3.0",\n,"마이크로유심",\n,\n,"800~999만","200~300만",\n,\n,\n,\n,\n,\n,\n,\n,\n,\n,\n,\n,\n,\n,"○",\n,\n,\n,\n,\n,"3.5mm",\n,\n,\n,\n,\n,\n,\n,\n,\n,\n,\n,\n,\n,"1000~1999",\n,\n,"배터리탈착형",\n,\n,\n,\n,"50~80","100~150","7~10","100~150"
"66","갤럭시그랜드 맥스","SM-G720","samsung",\n,"안드로이드4.4 킷캣",\n,"13.33","5.25","LCD","1280x720","280",\n,\n,\n,\n,\n,\n,\n,"쿼드(4)코어","1.2GHz",\n,\n,\n,\n,"1.5GB","16GB","eMMC","MicroSD",\n,"LTE-A",\n,"v4.0",\n,"마이크로유심",\n,\n,"1,300만","500만","1080p(FHD),30fps",\n,\n,\n,\n,\n,\n,\n,\n,"○",\n,\n,\n,\n,"○",\n,\n,\n,\n,\n,"3.5mm",\n,\n,\n,\n,\n,\n,\n,\n,\n,\n,\n,\n,\n,"2500",\n,\n,"배터리탈착형",\n,\n,\n,\n,\n,\n,"7.9","163"
"67","갤럭시그랜드2","SM-G710","samsung",\n,"안드로이드4.3 젤리빈","가개통/중고","13.33","5.25",\n,"1280x720","280",\n,\n,\n,\n,\n,\n,\n,"쿼드(4)코어","1.2GHz",\n,\n,\n,\n,"1.5GB","8GB","eMMC","MicroSD",\n,"LTE",\n,"v4.0",\n,"마이크로유심",\n,\n,"800만","190만","1080p(FHD),30fps",\n,\n,\n,\n,\n,\n,\n,\n,"○",\n,\n,\n,\n,"○",\n,\n,\n,\n,\n,"3.5mm",\n,\n,\n,\n,\n,\n,\n,\n,\n,\n,\n,\n,"마이크로5핀","2600",\n,\n,"배터리탈착형",\n,\n,\n,\n,"75.3","146.8","8.9","166"
"68","갤럭시노트10 Plus","SM-N976","samsung",\n,"안드로이드9.0 파이","가개통/중고","17.2","6.8","D-AMOLED","3040x1440","498","60Hz","16:09","91.00%",\n,\n,"HDR10+","엑시노스9825","옥타(8)코어","2.73GHz+2.4GHz+1.9GHz","Mali G76",\n,\n,\n,"12GB","256GB",\n,"microSD:최대1TB","5G NR","LTE-A Cat.20","802.11 a/b/g/n/ac/ax","v5.0",\n,"나노유심",\n,\n,"1,600만+1,200만+1,200만+TOF 3D VGA","1,000만","4K,60fps",\n,\n,\n,\n,"F1.5","광학식손떨림보정(OIS)","○",\n,"○",\n,"○",\n,\n,"○",\n,\n,\n,"○","○",\n,"스테레오(2개)","32비트 음원재생",\n,"지문인식(온스크린)","얼굴인식",\n,\n,"빅스비","삼성페이","4096단계 필압","IP68",\n,"USB타입C","4300",\n,\n,"배터리일체형","최대45W","고속충전지원","Qi무선충전: 최대15W",\n,"77.2","162.3","7.9","198"
"69","갤럭시노트9","SM-N960","samsung",\n,"안드로이드8.1 오레오","가개통/중고","16.25","6.4","S-AMOLED","2960x1440","516","60Hz","18.5:9","83.40%",\n,\n,"HDR10","엑시노스9810","옥타(8)코어","2.7GHz+1.7GHz","Mali G72",\n,\n,\n,"6GB","128GB","UFS2.1","microSD:최대512GB",\n,"LTE-A Cat.18","802.11 a/b/g/n/ac","v5.0",\n,"나노유심",\n,\n,"1,200만+1,200만","800만","2160p(UHD),60fps",\n,\n,\n,\n,"F1.5","광학식손떨림보정(듀얼OIS)","○","○","○",\n,"○",\n,\n,"○",\n,\n,\n,\n,\n,"3.5mm","스테레오(2개)","32비트 음원재생",\n,"지문인식(후면)","얼굴인식","지원",\n,"빅스비","삼성페이","4096단계 필압","IP68",\n,"USB타입C","4000",\n,\n,"배터리일체형","최대15W","퀵차지2.0","Qi무선충전: 최대9W",\n,"76.4","161.9","8.8","201"
"70","갤럭시노트8","SM-N950","samsung",\n,"안드로이드10","공기계-새제품","17.53","6.9","D-AMOLED","3088x1440","496","120Hz","19.3:9","91.70%",\n,\n,"HDR10+","스냅드래곤865+","옥타(8)코어","3.0GHz+2.42GHz+1.8GHz","Adreno 650",\n,\n,\n,"12GB","256GB","UFS3.1","microSD:최대1TB","5G NR","LTE-A Cat.20","802.11 a/b/g/n/ac/ax","v5.0",\n,"나노유심",\n,\n,"1억800만+1,200만+1,200만","1,000만","8K,24fps",\n,\n,\n,\n,"F1.8","광학식손떨림보정(OIS)+전자식손떨림보정(EIS)","○","○",\n,"○","○",\n,"○","○",\n,\n,"○",\n,\n,\n,"스테레오(2개)","32비트 음원재생",\n,"지문인식(온스크린)",\n,\n,\n,"빅스비","삼성페이","4096단계 필압","IP68",\n,"USB타입C","4500",\n,\n,"배터리일체형","최대25W","USB PD3.0","Qi무선충전",\n,"77.2","164.8","8.1","208"
"71","갤럭시노트FE","SM-N935","samsung",\n,"안드로이드7.0 누가","가개통/중고","14.47","5.7","AMOLED","2560x1440","515",\n,\n,"85%",\n,\n,\n,"엑시노스8 8890","옥타(8)코어","2.3GHz+1.6GHz","Mali T880",\n,\n,\n,"4GB","64GB","UFS2.0","MicroSD",\n,"LTE-A Cat.12","802.11 a/b/g/n/ac","v4.2",\n,"나노유심",\n,\n,"1,200만","500만","2160p(UHD),30fps",\n,\n,\n,\n,"F1.7",\n,\n,"○","○",\n,\n,"○",\n,"○","○","○",\n,\n,\n,"3.5mm","모노(1개)",\n,\n,"지문인식",\n,"지원",\n,\n,"삼성페이","4096단계 필압","IP68",\n,"USB타입C","3200",\n,\n,"배터리일체형",\n,"퀄컴퀵차지2.0","Qi무선충전",\n,"73.9","153.5","7.9","167"
"72","갤럭시노트3 Neo","SM-N750","samsung",\n,\n,\n,"13.97",\n,\n,\n,\n,\n,\n,\n,\n,\n,\n,\n,\n,\n,\n,\n,\n,\n,\n,\n,\n,\n,\n,\n,\n,\n,\n,\n,\n,\n,\n,\n,\n,\n,\n,\n,\n,\n,\n,\n,\n,\n,\n,\n,\n,\n,\n,\n,\n,\n,\n,\n,\n,\n,\n,\n,\n,\n,\n,\n,\n,\n,\n,\n,\n,\n,\n,\n,\n,\n,\n,\n,\n,\n,\n,\n,\n,\n
"73","갤럭시폴더2","SM-G160","samsung",\n,"안드로이드6.0 마쉬멜로우","공기계-새제품","9.65","3.8","LCD","800x480","245",\n,"16:09","70.90%",\n,\n,\n,"스냅드래곤425","쿼드(4)코어","1.4GHz","Adreno 308",\n,\n,\n,"2GB","32GB","eMMC","microSD:최대256GB",\n,"LTE Cat.4","802.11 b/g/n","v4.2",\n,"나노유심",\n,\n,"800만","500만","1080p(FHD),30fps",\n,\n,\n,\n,\n,\n,\n,"○",\n,\n,\n,\n,\n,"○",\n,\n,\n,\n,\n,"3.5mm","모노(1개)",\n,\n,\n,\n,\n,\n,\n,\n,\n,\n,\n,"마이크로5핀","1950",\n,\n,"배터리탈착형",\n,\n,\n,\n,"60.2","122","16.1","164"
"74","갤럭시알파","SM-G850","samsung",\n,"안드로이드4.4 킷캣","가개통/중고","11.93","4.7","AMOLED","1280x720","320",\n,\n,\n,\n,\n,\n,"엑시노스5 5430","옥타(8)코어","1.8GHz","Mali T628",\n,\n,\n,"2GB","32GB","eMMC","MicroSD 미지원",\n,"LTE Cat.4","802.11 a/b/g/n/ac","v4.0 LE",\n,"나노유심",\n,\n,"1,200만","210만",\n,\n,\n,\n,\n,\n,\n,\n,"○","○",\n,\n,"○",\n,"○",\n,\n,\n,\n,\n,"3.5mm",\n,\n,\n,\n,\n,\n,\n,\n,\n,\n,\n,\n,\n,"1860",\n,\n,"배터리탈착형",\n,\n,\n,\n,"65.5","132.4","6.7","115"
"75","갤럭시코어 Advance","SHW-M570","samsung",\n,"안드로이드4.2 젤리빈","가개통/중고","11.93","4.7",\n,"800x480","198",\n,\n,\n,\n,\n,\n,\n,"듀얼(2)코어","1.2GHz",\n,\n,\n,\n,"1GB","8GB","eMMC","MicroSD",\n,"3G","802.11 b/g/n","v4.0",\n,"마이크로유심",\n,\n,"500만","50만",\n,\n,\n,\n,\n,\n,\n,\n,\n,\n,\n,\n,\n,\n,"○",\n,\n,\n,\n,\n,"3.5mm",\n,\n,\n,\n,\n,\n,\n,\n,\n,\n,\n,\n,\n,"2000",\n,\n,"배터리탈착형",\n,\n,\n,\n,"70.5","133.3","9.7","145"
"76","갤럭시줌2","SM-C115","samsung",\n,"안드로이드4.4 킷캣","가개통/중고","12.19","4.8","AMOLED","1280x720","305",\n,\n,\n,\n,\n,\n,\n,"헥사(6)코어","1.3GHz+1.7GHz",\n,\n,\n,\n,"2GB","16GB","eMMC",\n,\n,"LTE",\n,\n,\n,"마이크로유심",\n,\n,"2,070만","200만",\n,\n,\n,\n,\n,\n,"광학식손떨림보정(OIS)","○",\n,\n,\n,"○",\n,\n,\n,\n,\n,\n,\n,\n,"3.5mm",\n,\n,\n,\n,\n,\n,\n,\n,\n,\n,\n,\n,\n,"2430",\n,\n,\n,\n,\n,\n,\n,"70.8","137.5","20.2","200"
"77","갤럭시윈","SHV-E500","samsung",\n,"안드로이드4.2 젤리빈","가개통/중고","11.68","4.6","LCD","800x480","150~250",\n,\n,\n,\n,\n,\n,\n,"쿼드(4)코어","1.4GHz",\n,\n,\n,\n,"1GB","8GB","eMMC","MicroSD",\n,"LTE",\n,"v4.0",\n,"마이크로유심",\n,\n,"500~799만","30~49만",\n,\n,\n,\n,\n,\n,\n,\n,\n,\n,\n,\n,\n,\n,"○",\n,\n,\n,\n,\n,"3.5mm",\n,\n,\n,\n,\n,\n,\n,\n,\n,\n,\n,\n,\n,"2000~2299",\n,\n,"배터리탈착형",\n,\n,\n,\n,"50~80","100~150","7~10","150~200"
"78","갤럭시라운드","SM-G910","samsung",\n,"안드로이드4.3 젤리빈","가개통/중고","14.47","5.7","AMOLED","1920x1080","331~400",\n,\n,\n,\n,\n,\n,\n,"쿼드(4)코어","2.3GHz",\n,\n,\n,\n,"3GB","32GB","eMMC","MicroSD",\n,"LTE-A",\n,"v4.0 apt-X",\n,\n,\n,\n,"1,200~1,499만","200~300만","1080p(FHD),30fps",\n,\n,\n,\n,\n,\n,\n,\n,\n,\n,\n,\n,\n,"○",\n,\n,\n,\n,\n,"3.5mm",\n,\n,\n,\n,\n,\n,\n,\n,\n,\n,\n,\n,"마이크로5핀","2300~2999",\n,\n,"배터리탈착형",\n,\n,\n,\n,"50~80","150~200","7~10","150~200"
"79","갤럭시골든","SHV-E400","samsung",\n,"안드로이드4.2 젤리빈","가개통/중고","9.39","3.7","AMOLED","800x480","254",\n,\n,\n,\n,\n,\n,\n,"듀얼(2)코어","1.7GHz",\n,\n,\n,\n,"2GB","16GB","eMMC","MicroSD",\n,"LTE","802.11 a/b/g/n","v4.0 apt-X",\n,\n,\n,\n,"800만","190만","1080p(FHD),30fps",\n,\n,\n,\n,\n,\n,\n,\n,\n,\n,\n,\n,\n,"○",\n,\n,\n,\n,\n,"3.5mm",\n,\n,\n,\n,\n,\n,\n,\n,\n,\n,\n,\n,\n,"1820",\n,\n,"배터리탈착형",\n,\n,\n,\n,"59.5","118","15.8","179"
"80","갤럭시메가 6.3","SHV-E310","samsung",\n,"안드로이드4.2 젤리빈","가개통/중고","16","6.3",\n,"1280x720","216",\n,\n,\n,\n,\n,\n,\n,"듀얼(2)코어","1.7GHz",\n,\n,\n,\n,"1.5GB","16GB","eMMC","MicroSD",\n,"LTE","802.11 a/b/g/n","v4.0",\n,"마이크로유심",\n,\n,"800만","160만","1080p(FHD),30fps",\n,\n,\n,\n,\n,\n,\n,\n,"○",\n,\n,\n,\n,"○",\n,\n,\n,\n,\n,"3.5mm",\n,\n,\n,\n,\n,\n,\n,\n,\n,\n,\n,\n,\n,"3200",\n,\n,"배터리탈착형",\n,\n,\n,\n,"88","167","8","205"
"81","갤럭시팝","SHV-E220","samsung",\n,"안드로이드4.1 젤리빈","가개통/중고","11.68","4.6","AMOLED","1280x720","280~330",\n,\n,\n,\n,\n,\n,\n,"쿼드(4)코어","1.4GHz",\n,\n,\n,\n,"2GB","8GB","eMMC","MicroSD",\n,\n,\n,"v4.0 apt-X",\n,\n,\n,\n,"800~999만","100~199만","1080p(FHD),30fps",\n,\n,\n,\n,\n,\n,\n,\n,"○",\n,\n,\n,\n,\n,\n,\n,\n,\n,\n,"3.5mm",\n,\n,\n,\n,\n,\n,\n,\n,\n,\n,\n,\n,\n,"2000~2299",\n,\n,"배터리탈착형",\n,\n,\n,\n,"50~80","100~150","7~10","100~150"
"82","갤럭시M style","SHW-M340","samsung",\n,"안드로이드2.3 진저브레드","가개통/중고","10.16","4","AMOLED","800x480",\n,\n,\n,\n,\n,\n,\n,\n,"싱글(1)코어","1.0GHz",\n,\n,\n,\n,"512MB","4GB","eMMC","MicroSD",\n,"3G",\n,"v3.0",\n,\n,\n,\n,"300~499만",\n,\n,\n,\n,\n,\n,\n,\n,\n,\n,\n,\n,\n,\n,\n,"○",\n,\n,\n,\n,\n,"3.5mm",\n,\n,\n,\n,\n,\n,\n,\n,\n,\n,\n,\n,\n,"1000~1999",\n,\n,"배터리탈착형",\n,\n,\n,\n,"50~80","100~150","7~10","100~150"
"83","갤럭시진2","SM-A202","samsung",\n,"안드로이드9.0 파이","가개통/중고","14.73","5.8","TFT-LCD","1560x720","296",\n,"19.5:9","80.40%",\n,\n,\n,"엑시노스7884","옥타(8)코어","1.6GHz+1.35GHz","Mali G71",\n,\n,\n,"3GB","32GB",\n,"microSD:최대512GB",\n,"LTE-A Cat.12","802.11 b/g/n","v5.0",\n,"나노유심",\n,\n,"1,300만+500만","800만","1080p(FHD),60fps",\n,\n,\n,\n,"F1.9",\n,\n,"○","○",\n,\n,\n,\n,"○",\n,\n,\n,\n,\n,"3.5mm","모노(1개)",\n,\n,"지문인식","얼굴인식",\n,\n,"구글 어시스턴트",\n,\n,\n,\n,"USB타입C","3000",\n,\n,"배터리일체형","최대15W","고속충전지원",\n,\n,"69.5","147.2","8.3","142"
"84","갤럭시 온7 프라임","SM-G611","samsung",\n,"안드로이드7.1 누가","가개통/중고","13.97","5.5","LCD","1920x1080","400",\n,"16:09",\n,\n,\n,\n,"엑시노스 7870","옥타(8)코어","1.6GHz","Mali T830",\n,\n,\n,"3GB","32GB","eMMC","MicroSD",\n,"LTE Cat.4","802.11 a/b/g/n",\n,\n,"나노유심",\n,\n,"1,300만","1,300만",\n,\n,\n,\n,\n,"F1.9",\n,\n,"○",\n,\n,\n,\n,\n,"○",\n,"○",\n,\n,\n,"3.5mm","모노(1개)",\n,\n,"지문인식",\n,\n,\n,\n,\n,\n,\n,\n,"마이크로5핀","3300",\n,\n,"배터리일체형",\n,\n,\n,\n,"75","151.7","8","170"
"85","삼성 마스터폰 ","SM-B510","samsung",\n,"기타","가개통/중고",\n,\n,"LCD",\n,\n,\n,\n,\n,\n,\n,\n,\n,\n,\n,\n,\n,\n,\n,\n,\n,\n,\n,\n,"3G",\n,"v2.0",\n,\n,\n,\n,\n,\n,\n,\n,\n,\n,\n,\n,\n,\n,\n,\n,\n,\n,\n,\n,\n,\n,\n,\n,\n,\n,"3.5mm",\n,\n,\n,\n,\n,\n,\n,\n,\n,\n,\n,\n,"마이크로5핀","~1999",\n,\n,"배터리탈착형",\n,\n,\n,\n,"57.5","112.5","14.8","119"
"86","삼성 마스터폰 ","SM-B510","samsung",\n,"기타","공기계-새제품",\n,\n,"LCD",\n,\n,\n,\n,\n,\n,\n,\n,\n,\n,\n,\n,\n,\n,\n,\n,\n,\n,\n,\n,"3G",\n,"v2.0",\n,\n,\n,\n,\n,\n,\n,\n,\n,\n,\n,\n,\n,\n,\n,\n,\n,\n,\n,\n,\n,\n,\n,\n,\n,\n,"3.5mm",\n,\n,\n,\n,\n,\n,\n,\n,\n,\n,\n,\n,"마이크로5핀","~1999",\n,\n,"배터리탈착형",\n,\n,\n,\n,"57.5","112.5","14.8","119"
"87","G8 ThinQ","LM-G820","lg",\n,"안드로이드9.0 파이","가개통/중고","15.49","6.1","OLED","3120x1440","564","60Hz","19.5:9","83.50%",\n,\n,"HDR10","스냅드래곤855","옥타(8)코어","2.8GHz+2.4GHz+1.78GHz","Adreno 640",\n,\n,\n,"6GB","128GB","UFS2.1","microSD:최대2TB",\n,"LTE-A Cat.19","802.11 a/b/g/n/ac","v5.0",\n,"나노유심",\n,\n,"1,600만+1,200만+1,200만","800만","2160p(UHD),30fps",\n,\n,\n,\n,"F1.5","광학식손떨림보정(듀얼OIS)","○","○","○",\n,"○",\n,"○","○","○",\n,\n,"○",\n,"3.5mm","스테레오(2개)","32비트 음원재생",\n,"지문인식(후면)","얼굴인식",\n,\n,"구글 어시스턴트","LG페이",\n,"IP68",\n,"USB타입C","3500",\n,\n,"배터리일체형","최대18W","퀵차지3.0","Qi무선충전: 최대15W",\n,"71.8","151.9","8.4","167"
"88","G7 ThinQ","LM-G710","lg",\n,"안드로이드8.0 오레오","가개통/중고","15.49","6.1","IPS-LCD","3120x1440","564","60Hz","19.5:9","82.60%",\n,\n,"HDR10","스냅드래곤845","옥타(8)코어","2.8GHz+1.7GHz","Adreno 630",\n,\n,\n,"4GB","64GB","UFS2.1","microSD:최대2TB",\n,"LTE-A Cat.18","802.11 a/b/g/n/ac","v5.0",\n,"나노유심",\n,\n,"1,600만+1,600만","800만","2160p(UHD),30fps",\n,\n,\n,\n,"F1.6","광학식손떨림보정(OIS)","○","○","○",\n,\n,"○","○","○","○","○",\n,\n,\n,"3.5mm","모노(1개)","32비트 음원재생",\n,"지문인식(후면)",\n,\n,\n,"구글 어시스턴트","LG페이",\n,"IP68",\n,"USB타입C","3000",\n,\n,"배터리일체형","최대18W","퀵차지4.0","Qi무선충전: 최대15W",\n,"71.9","153.2","7.9","162"
"89","G7 ThinQ Plus","LM-G710P","LG전자 																			",\n,"안드로이드8.0 오레오","가개통/중고","15.49","6.1","IPS-LCD","3120x1440","564","60Hz","19.5:9","82.60%",\n,\n,"HDR10","스냅드래곤845","옥타(8)코어","2.8GHz+1.7GHz","Adreno 630",\n,\n,\n,"6GB","128GB","UFS2.1","microSD:최대2TB",\n,"LTE-A Cat.18","802.11 a/b/g/n/ac","v5.0",\n,"나노유심",\n,\n,"1,600만+1,600만","800만","2160p(UHD),30fps",\n,\n,\n,\n,"F1.6","광학식손떨림보정(OIS)","○","○","○",\n,\n,"○","○","○","○","○",\n,\n,\n,"3.5mm","모노(1개)","32비트 음원재생",\n,"지문인식",\n,\n,\n,"구글 어시스턴트","LG페이",\n,"IP68",\n,"USB타입C","3000",\n,\n,"배터리일체형","최대18W","퀵차지4.0","Qi무선충전: 최대15W",\n,"71.9","153.2","7.9","162"
"90","G5","LG-F700","lg",\n,"안드로이드6.0 마쉬멜로우","가개통/중고","13.46","5.3","IPS-LCD","2560x1440","554",\n,"16:09","80.80%",\n,\n,\n,"스냅드래곤820","쿼드(4)코어","2.2GHz","Adreno 530",\n,\n,\n,"4GB","32GB","UFS","microSD:최대256GB",\n,"LTE-A Cat.12","802.11 a/b/g/n/ac","v4.2",\n,"나노유심",\n,\n,"1,600만 / 800만","800만","2160p(UHD),30fps",\n,\n,\n,\n,"F1.8","광학식손떨림보정(OIS)","○","○","○",\n,\n,"○","○",\n,\n,"○",\n,\n,\n,"3.5mm",\n,"32비트 음원재생",\n,"지문인식",\n,\n,\n,\n,\n,\n,\n,\n,"USB타입C","2800",\n,\n,"배터리탈착형",\n,"퀵차지3.0",\n,\n,"73.9","149.4","7.7","159"
"91","G4","LG-F500","lg",\n,"안드로이드5.1 롤리팝","가개통/중고","13.97","5.5","IPS-LCD","2560x1440","534",\n,\n,\n,\n,\n,\n,"스냅드래곤808","헥사(6)코어","1.8GHz","Adreno 418",\n,\n,\n,"3GB","32GB","eMMC","microSD:최대256GB",\n,"LTE-A Cat.6","802.11 a/b/g/n/ac","v4.0",\n,"마이크로유심",\n,\n,"1,600만","800만","2160p(UHD),30fps",\n,\n,\n,\n,\n,"광학식손떨림보정(OIS)","○","○",\n,\n,\n,"○","○","○","○","○",\n,\n,\n,"3.5mm",\n,\n,\n,\n,\n,\n,\n,\n,\n,\n,\n,\n,\n,"3000",\n,\n,"배터리탈착형",\n,"퀵차지2.0",\n,\n,"75.3","149.1","8.9",\n
"92","G3","LG-F400","lg",\n,"안드로이드4.4 킷캣","가개통/중고","13.97","5.5","IPS-LCD","2560x1440","538",\n,\n,\n,\n,\n,\n,\n,"쿼드(4)코어","2.5GHz",\n,\n,\n,\n,"3GB","32GB","eMMC","microSD:최대128GB",\n,"LTE-A","802.11 a/b/g/n/ac","v4.0 apt-X",\n,"마이크로유심",\n,\n,"1300만","210만","2160p(UHD),30fps",\n,\n,\n,\n,\n,"광학식손떨림보정(OIS)","○","○",\n,\n,\n,\n,"○",\n,\n,\n,\n,\n,\n,"3.5mm","스테레오(2개)",\n,\n,\n,\n,\n,\n,\n,\n,\n,\n,\n,\n,"3000",\n,\n,"배터리탈착형",\n,\n,\n,\n,"74.6","146.3","8.9","149"
"93","G3 Beat","LG-F470","lg",\n,"안드로이드4.4 킷캣","가개통/중고","12.7","5","IPS-LCD","1280x720","294",\n,\n,\n,\n,\n,\n,\n,"쿼드(4)코어","1.2GHz",\n,\n,\n,\n,"1GB","8GB","eMMC","MicroSD",\n,"LTE-A","802.11 b/g/n","v4.0",\n,"마이크로유심",\n,\n,"800만","130만",\n,\n,\n,\n,\n,\n,"광학식손떨림보정(OIS)","○","○",\n,\n,\n,\n,"○","○",\n,\n,\n,\n,\n,"3.5mm",\n,\n,\n,\n,\n,\n,\n,\n,\n,\n,\n,\n,\n,"2610",\n,\n,"배터리탈착형",\n,\n,\n,\n,"69.6","137.7","10.3","134"
"94","G3 Screen","LG-F490","lg",\n,\n,"가개통/중고","14.99","5.9","IPS-LCD","1920x1080","373",\n,\n,\n,\n,\n,\n,\n,"옥타(8)코어","1.5GHz",\n,\n,\n,\n,"2GB","32GB","eMMC","MicroSD",\n,"LTE Cat.4","802.11 b/g/n",\n,\n,"마이크로유심",\n,\n,"1,300만","210만",\n,\n,\n,\n,\n,\n,"광학식손떨림보정(OIS)","○",\n,\n,\n,\n,\n,"○","○",\n,\n,\n,\n,\n,"3.5mm","모노(1개)",\n,\n,\n,\n,\n,\n,\n,\n,\n,\n,\n,\n,"3000",\n,\n,\n,\n,\n,\n,\n,"81.8","157.8","9.5","182"
"95","G3.Cat6","LG-F460","lg",\n,"안드로이드4.4 킷캣","가개통/중고","13.97","5.5","IPS-LCD","2560x1440","538",\n,\n,\n,\n,\n,\n,"스냅드래곤805","쿼드(4)코어","2.5GHz","Adreno 420",\n,\n,\n,"3GB","32GB","eMMC","MicroSD",\n,"LTE-A Cat.9","802.11 a/b/g/n/ac","v4.0 apt-X",\n,"마이크로유심",\n,\n,"1300만","210만","2160p(UHD),30fps",\n,\n,\n,\n,\n,"광학식손떨림보정(OIS)","○","○",\n,\n,\n,\n,"○",\n,\n,\n,\n,\n,\n,"3.5mm","스테레오(2개)",\n,\n,\n,\n,\n,\n,\n,\n,\n,\n,\n,\n,"3000",\n,\n,"배터리탈착형",\n,\n,\n,\n,"74.6","146.3","8.9","149"
"96","G2","LG-F320","lg",\n,"안드로이드4.2 젤리빈","가개통/중고","13.22","5.2",\n,"1920x1080","423",\n,\n,\n,\n,\n,\n,\n,"쿼드(4)코어","2.2GHz",\n,\n,\n,\n,"2GB","32GB","eMMC","MicroSD",\n,"LTE-A","802.11 a/b/g/n/ac","v4.0",\n,"마이크로유심",\n,\n,"1300만","210만","1080p(FHD),30fps",\n,\n,\n,\n,\n,"손떨림보정","○",\n,"○",\n,\n,\n,\n,"○",\n,\n,\n,\n,\n,"3.5mm",\n,\n,\n,\n,\n,\n,\n,\n,\n,\n,\n,\n,\n,"2610",\n,\n,"배터리탈착형",\n,\n,\n,\n,"70.9","138.5","8.9","140"
"97","Gx2","LG-F430","lg",\n,"안드로이드4.4 킷캣","가개통/중고","14.47","5.7","IPS-LCD",\n,\n,\n,\n,\n,\n,\n,\n,\n,"쿼드(4)코어","1.2GHz",\n,\n,\n,\n,"1.5GB","8GB","eMMC",\n,\n,"LTE-A",\n,"v4.0",\n,"마이크로유심",\n,\n,\n,"VGA",\n,\n,\n,\n,\n,\n,\n,\n,\n,\n,\n,\n,\n,"○",\n,\n,\n,\n,\n,\n,"3.5mm",\n,\n,\n,\n,\n,\n,\n,\n,\n,\n,\n,\n,"마이크로5핀","3200",\n,\n,"배터리탈착형",\n,\n,\n,\n,"79.2","152.1","9.1","165"
"98","Gx","LG-F310","lg",\n,"안드로이드4.2 젤리빈","가개통/중고","13.97","5.5","IPS-LCD","1920x1080","400~500",\n,\n,\n,\n,\n,\n,\n,"쿼드(4)코어","1.7GHz",\n,\n,\n,\n,"3GB","32GB",\n,"MicroSD",\n,\n,\n,"v4.0",\n,\n,\n,\n,"1,200~1,499만","200~300만","720p(HD),30fps",\n,\n,\n,\n,\n,\n,\n,\n,"○",\n,\n,\n,\n,"○",\n,\n,\n,\n,\n,"3.5mm",\n,\n,\n,\n,\n,\n,\n,\n,\n,\n,\n,\n,"마이크로5핀","~4500",\n,\n,\n,\n,\n,\n,\n,"50~80","150~200","7~10","150~200"
"99","G Flex","LG-F340","lg",\n,\n,"가개통/중고","15.24","6","P-OLED","1280x720","244",\n,\n,\n,\n,\n,\n,\n,"쿼드(4)코어","2.3GHz",\n,\n,\n,\n,"2GB","32GB",\n,"MicroSD 미지원",\n,"LTE-A","802.11 a/b/g/n/ac","v4.0",\n,"마이크로유심",\n,\n,"1300만","210만",\n,\n,\n,\n,\n,\n,\n,\n,\n,\n,\n,\n,\n,\n,"○",\n,\n,\n,\n,\n,"3.5mm",\n,\n,\n,\n,\n,\n,\n,\n,\n,\n,\n,\n,\n,"~4500",\n,\n,"배터리일체형",\n,\n,\n,\n,"81.6","160.5","7.9","177"
"100","Stylus 2","LG-F720","lg",\n,"안드로이드6.0 마쉬멜로우","가개통/중고","14.47","5.7",\n,"1280x720","255",\n,\n,\n,\n,\n,\n,\n,"쿼드(4)코어","1.2GHz",\n,\n,\n,\n,"2GB","16GB","eMMC","MicroSD",\n,"LTE Cat.4","802.11 b/g/n","v4.1",\n,"나노유심",\n,\n,"1,300만","800만",\n,\n,\n,\n,\n,\n,\n,\n,\n,\n,\n,\n,\n,\n,\n,\n,\n,\n,\n,\n,"3.5mm",\n,\n,\n,\n,\n,\n,\n,\n,\n,"스타일러스 펜 방식",\n,\n,\n,"~3500",\n,\n,"배터리탈착형",\n,\n,\n,\n,"79.6","155","7.4","145"
"101","G 스타일로","LG-F560","lg",\n,"안드로이드5.0 롤리팝","가개통/중고","14.47","5.7","IPS-LCD","1280x720","258",\n,\n,\n,\n,\n,\n,\n,"쿼드(4)코어","1.2GHz",\n,\n,\n,\n,"1.5GB","8GB","eMMC","MicroSD",\n,"LTE","802.11 b/g/n","v4.1",\n,"마이크로유심",\n,\n,"800만","500만","1080p(FHD),30fps",\n,\n,\n,\n,\n,\n,\n,"○","○",\n,\n,"○",\n,"○",\n,"○",\n,\n,\n,"3.5mm",\n,\n,\n,\n,\n,\n,\n,\n,\n,\n,\n,\n,"마이크로5핀","3000",\n,\n,"배터리탈착형",\n,\n,\n,\n,"79.2","154.3","9.6","163"
"102","K10","LG-F670","lg",\n,"안드로이드5.1 롤리팝","가개통/중고","13.46","5.3","IPS-LCD","1280x720","277",\n,\n,\n,\n,\n,\n,\n,"쿼드(4)코어","1.2GHz",\n,\n,\n,\n,"1.5GB","16GB","eMMC","MicroSD",\n,"LTE-A","802.11 b/g/n","v4.1",\n,\n,\n,\n,"1,300만","500만","1080p(FHD),30fps",\n,\n,\n,\n,\n,\n,\n,"○",\n,\n,\n,\n,\n,"○",\n,"○",\n,\n,\n,"3.5mm",\n,\n,\n,\n,\n,\n,\n,\n,\n,\n,\n,\n,\n,"2300",\n,\n,"배터리탈착형",\n,\n,\n,\n,"74.8","146.6","8.8","140"
"103","클래스","LG-F620","lg",\n,"안드로이드5.1 롤리팝","가개통/중고","12.7","5",\n,\n,"294",\n,\n,\n,\n,\n,\n,\n,"쿼드(4)코어","1.2GHz",\n,\n,\n,\n,"2GB","16GB","eMMC","MicroSD",\n,"LTE","802.11 b/g/n","v4.0",\n,"나노유심",\n,\n,"1,300만","800만",\n,\n,\n,\n,\n,\n,\n,\n,\n,\n,\n,\n,\n,\n,\n,\n,\n,\n,\n,\n,"3.5mm",\n,\n,\n,\n,\n,\n,\n,\n,\n,\n,\n,\n,\n,"2050",\n,\n,"배터리일체형",\n,\n,\n,\n,"71.8","142","7.4","147"
"104","Q9","LM-Q925","lg",\n,"안드로이드8.1 오레오","가개통/중고","15.49","6.1","IPS-LCD","3120x1440","564","60Hz","19.5:9",\n,\n,\n,"HDR10","스냅드래곤821","쿼드(4)코어","2.34GHz+1.6GHz","Adreno 530",\n,\n,\n,"4GB","64GB","UFS2.0","microSD:최대2TB",\n,"LTE-A Cat.11","802.11 a/b/g/n/ac","v4.2",\n,"나노유심",\n,\n,"1,600만","800만","2160p(UHD),30fps",\n,\n,\n,\n,"F1.9",\n,\n,"○","○",\n,\n,\n,\n,"○",\n,\n,\n,\n,\n,"3.5mm","모노(1개)","32비트 음원재생",\n,"지문인식(후면)","얼굴인식",\n,\n,"구글 어시스턴트","LG페이",\n,"IP68",\n,"USB타입C","3000",\n,\n,"배터리일체형",\n,"퀵차지3.0",\n,\n,"71.9","153.2","7.9","159"
"105","Q9 One","LM-Q927","lg",\n,"안드로이드9.0 파이","가개통/중고","15.49","6.1","IPS-LCD","3120x1440","564","60Hz","19.5:9",\n,\n,\n,"HDR10","스냅드래곤835","옥타(8)코어","2.35GHz+1.9GHz","Adreno 540",\n,\n,\n,"4GB","64GB","UFS2.1","microSD:최대2TB",\n,"LTE-A Cat.11","802.11 a/b/g/n/ac","v5.0",\n,"나노유심",\n,\n,"1,600만","800만","2160p(UHD),30fps",\n,\n,\n,\n,"F1.6","광학식손떨림보정(OIS)","○","○","○",\n,\n,\n,"○","○",\n,\n,\n,\n,\n,"3.5mm",\n,"32비트 음원재생",\n,"지문인식(후면)","얼굴인식",\n,"지원","구글 어시스턴트",\n,\n,"IP68",\n,"USB타입C","3000",\n,\n,"배터리일체형",\n,"퀵차지3.0",\n,\n,"71.9","153.2","7.9","156"
"106","Q8 2018","LM-Q815","lg",\n,"안드로이드8.0 오레오","가개통/중고","15.75","6.2","IPS-LCD","2160x1080","389","60Hz","18:09","80.80%",\n,\n,\n,"스냅드래곤450","옥타(8)코어","1.8GHz","Adreno 506",\n,\n,\n,"4GB","64GB","eMMC","microSD:최대2TB",\n,"LTE-A Cat.6","802.11 a/b/g/n/ac",\n,\n,"나노유심",\n,\n,"1,600만","500만","1080p(FHD),30fps",\n,\n,\n,\n,\n,\n,\n,"○","○",\n,\n,\n,\n,"○",\n,\n,\n,\n,\n,"3.5mm","모노(1개)","24비트 음원재생",\n,"지문인식(후면)",\n,\n,\n,\n,"LG페이","스타일러스 펜 방식","IP68",\n,"USB타입C","3300",\n,\n,"배터리일체형",\n,"퀵차지3.0",\n,\n,"77.7","160.1","8.4","172"
"107","Q8","LGM-X800","lg",\n,"안드로이드8.0 오레오","가개통/중고","15.75","6.2","IPS-LCD","2160x1080","389","60Hz","18:09","80.80%",\n,\n,\n,"스냅드래곤450","옥타(8)코어","1.8GHz","Adreno 506",\n,\n,\n,"4GB","64GB","eMMC","microSD:최대2TB",\n,"LTE-A Cat.6","802.11 a/b/g/n/ac",\n,\n,"나노유심",\n,\n,"1,600만","500만","1080p(FHD),30fps",\n,\n,\n,\n,\n,\n,\n,"○","○",\n,\n,\n,\n,"○",\n,\n,\n,\n,\n,"3.5mm","모노(1개)","24비트 음원재생",\n,"지문인식(후면)",\n,\n,\n,\n,"LG페이","스타일러스 펜 방식","IP68",\n,"USB타입C","3300",\n,\n,"배터리일체형",\n,"퀵차지3.0",\n,\n,"77.7","160.1","8.4","172"
"108","Q7","LM-Q720","lg",\n,"안드로이드8.0 오레오","가개통/중고","13.97","5.5","IPS-LCD","2160x1080","442","60Hz","18:09","77.30%",\n,\n,\n,"스냅드래곤450","옥타(8)코어","1.8GHz","Adreno 506",\n,\n,\n,"3GB","32GB",\n,"microSD:최대2TB",\n,"LTE-A Cat.6","802.11 b/g/n","v4.2",\n,"나노유심",\n,\n,"1,300만","500만","1080p(FHD),30fps",\n,\n,\n,\n,"F1.9",\n,\n,"○","○",\n,\n,"○",\n,"○",\n,"○",\n,\n,\n,"3.5mm","모노(1개)","24비트 음원재생",\n,"지문인식(후면)",\n,\n,\n,"구글 어시스턴트","LG페이",\n,\n,\n,"USB타입C","3000",\n,\n,"배터리일체형",\n,"퀵차지3.0",\n,\n,"69.3","143.8","8.4","145"
"109","Q7 Plus","LM-Q725","lg",\n,"안드로이드8.0 오레오","가개통/중고","13.97","5.5","IPS-LCD","2160x1080","442","60Hz","18:09","77.30%",\n,\n,\n,"스냅드래곤450","옥타(8)코어","1.8GHz","Adreno 506",\n,\n,\n,"4GB","64GB",\n,"microSD:최대2TB",\n,"LTE-A Cat.6","802.11 b/g/n","v4.2",\n,"나노유심",\n,\n,"1,600만","500만","1080p(FHD),30fps",\n,\n,\n,\n,"F1.9",\n,\n,"○","○",\n,\n,"○",\n,"○",\n,"○",\n,\n,\n,"3.5mm","모노(1개)","32비트 음원재생",\n,"지문인식(후면)",\n,\n,\n,"구글 어시스턴트","LG페이",\n,\n,\n,"USB타입C","3000",\n,\n,"배터리일체형",\n,"퀵차지3.0",\n,\n,"69.3","143.8","8.4","145"
"110","Q6","LG-X600","lg",\n,"안드로이드7.1 누가","통신사가입-SKT","13.97","5.5","IPS-LCD","2160x1080","442",\n,"18:09","88.20%",\n,\n,\n,"스냅드래곤435","옥타(8)코어","1.4GHz","Adreno 505",\n,\n,\n,"3GB","32GB","eMMC","MicroSD",\n,"LTE-A Cat.7","802.11 b/g/n","v4.2",\n,"나노유심",\n,\n,"1,300만","500만","1080p(FHD),30fps",\n,\n,\n,\n,\n,\n,\n,\n,\n,\n,\n,\n,\n,\n,\n,\n,\n,\n,\n,"3.5mm","모노(1개)",\n,\n,\n,"얼굴인식",\n,\n,"구글 어시스턴트",\n,\n,\n,\n,"USB타입C","3000",\n,\n,"배터리일체형",\n,\n,\n,\n,"69.3","142.5","8.1","149"
"111","V50 ThinQ","LM-V500","lg",\n,"안드로이드9.0 파이","가개통/중고","16.25","6.4","OLED","3120x1440","537","60Hz","19.5:9","83%",\n,\n,"HDR10","스냅드래곤855","옥타(8)코어","2.84GHz+2.42GHz+1.8GHz","Adreno 640",\n,\n,\n,"6GB","128GB","UFS2.1","microSD:최대2TB","5G NR","LTE-A Cat.18","802.11 a/b/g/n/ac","v5.0",\n,"나노유심",\n,\n,"1,600만+1,200만+1,200만","800만+500만","2160p(UHD),30fps",\n,\n,\n,\n,"F1.5","광학식손떨림보정(듀얼OIS)","○","○","○",\n,"○",\n,\n,"○","○",\n,\n,\n,\n,"3.5mm","스테레오(2개)","32비트 음원재생",\n,"지문인식(후면)","얼굴인식",\n,"지원","구글 어시스턴트","LG페이",\n,"IP68",\n,"USB타입C","4000",\n,\n,"배터리일체형","최대18W","퀵차지3.0","Qi무선충전: 최대15W",\n,"76.1","159.1","8.3","183"
"112","V50s ThinQ","LM-V510","lg",\n,"안드로이드9.0 파이","통신사가입-SKT","16.25","6.4","OLED","2340x1080","403","60Hz","19.5:9","83.30%",\n,\n,"HDR10","스냅드래곤855","옥타(8)코어","2.84GHz+2.42GHz+1.78GHz","Adreno 640",\n,\n,\n,"8GB","256GB",\n,"microSD:최대1TB","5G NR","LTE-A Cat.18","802.11 a/b/g/n/ac","v5.0",\n,"나노유심",\n,\n,"1,300만+1,200만","3,200만","2160p(UHD),30fps",\n,\n,\n,\n,"F1.8","광학식손떨림보정(OIS)",\n,\n,\n,\n,\n,\n,\n,\n,\n,\n,\n,\n,\n,"3.5mm","스테레오(2개)","32비트 음원재생",\n,"지문인식(온스크린)",\n,\n,\n,"구글 어시스턴트","LG페이",\n,"IP68",\n,"USB타입C","4000",\n,\n,"배터리일체형","최대21W","퀵차지4.0","Qi무선충전: 최대9W",\n,"75.8","159.3","8.4","192"
"113","V40 ThinQ","LM-V409","lg",\n,"안드로이드8.1 오레오","가개통/중고","16.25","6.4","P-OLED","3120x1440","538","60Hz","19.5:9","77.10%",\n,\n,"돌비비젼+HDR10","스냅드래곤845","옥타(8)코어","2.7GHz+1.7GHz","Adreno 630",\n,\n,\n,"6GB","128GB","UFS2.1","microSD:최대2TB",\n,"LTE-A Cat.18","802.11 a/b/g/n/ac","v5.0",\n,"나노유심",\n,\n,"1,600만+1,200만+1,200만","800만+500만","2160p(UHD),30fps",\n,\n,\n,\n,"F1.5","광학식손떨림보정(OIS)","○","○","○",\n,"○",\n,"○","○","○",\n,\n,\n,\n,"3.5mm","모노(1개)","32비트 음원재생",\n,"지문인식(후면)","얼굴인식",\n,\n,"구글 어시스턴트","LG페이",\n,"IP68",\n,"USB타입C","3300",\n,\n,"배터리일체형","최대18W","퀵차지3.0","Qi무선충전: 최대15W",\n,"75.8","158.7","7.7","169"
"114","V35","LM-V350","lg",\n,"안드로이드8.0 오레오","가개통/중고","15.24","6","P-OLED","2880x1440","537","60Hz","18:09","81.20%",\n,\n,"HDR10","스냅드래곤845","옥타(8)코어","2.7GHz+1.7,GHz","Adreno 630",\n,\n,\n,"6GB","64GB",\n,"microSD:최대512GB",\n,"LTE-A Cat.18","802.11 a/b/g/n/ac","v5.0",\n,"나노유심",\n,\n,"1,600만+1,600만","800만","2160p(UHD),30fps",\n,\n,\n,\n,"F1.6","광학식손떨림보정(OIS)","○","○","○",\n,\n,"○","○","○",\n,"○",\n,\n,\n,"3.5mm","모노(1개)","32비트 음원재생",\n,"지문인식(후면)",\n,\n,\n,\n,"LG페이",\n,"IP68",\n,"USB타입C","3300",\n,\n,"배터리일체형","최대18W","퀵차지3.0","Qi무선충전: 최대15W",\n,"75.4","151.7","7.3","157"
"115","V30","LGM-V300","lg",\n,"안드로이드 7.1 누가","가개통/중고","15.24","6","P-OLED","2880x1440","537",\n,"18:09","81.20%",\n,\n,"HDR10","스냅드래곤 835","옥타(8)코어","2.45GHz+1.9GHz","Adreno 540",\n,\n,\n,"4GB","64GB","UFS2.1","microSD:최대256GB",\n,"LTE-A Cat.16","802.11 a/b/g/n/ac","v5.0",\n,"나노유심",\n,\n,"1,600만+1,300만","500만","2160p(UHD),30fps",\n,\n,\n,\n,"F1.6","광학식손떨림보정(OIS)","○","○","○",\n,\n,"○",\n,"○",\n,"○",\n,\n,\n,"3.5mm","모노(1개)","32비트 음원재생",\n,"지문인식(후면)","얼굴인식",\n,"지원","구글 어시스턴트","LG페이",\n,"IP68",\n,"USB타입C","3300",\n,\n,"배터리일체형","최대18W","USB PD/퀵차지3.0","Qi무선충전: 최대15W",\n,"75.4","151.7","7.3","158"
"116","V20","LG-F800","lg",\n,"안드로이드7.0 누가","가개통/중고","14.47","5.7","IPS-LCD","2560x1440","515",\n,"16:09","81.40%",\n,\n,\n,"스냅드래곤820","쿼드(4)코어","2.15GHz","Adreno 530",\n,\n,\n,"4GB","64GB","UFS","microSD:최대256GB",\n,"LTE-A Cat.12","802.11 a/b/g/n/ac","v4.2",\n,"나노유심",\n,\n,"1,600만, 800만","500만","2160p(UHD),30fps",\n,\n,\n,\n,\n,"광학식손떨림보정(OIS)","○","○","○",\n,\n,"○",\n,"○",\n,"○",\n,\n,\n,"3.5mm",\n,"32비트 음원재생",\n,"지문인식",\n,\n,\n,\n,\n,\n,\n,\n,"USB타입C","3200",\n,\n,"배터리탈착형",\n,"퀄컴퀵차지3.0",\n,\n,"78.1","159.7","7.6","173"
"117","V10","LG-F600","lg",\n,"안드로이드5.1 롤리팝","가개통/중고","14.47","5.7","IPS-LCD","2560x1440","513",\n,"16:09","81.20%",\n,\n,\n,"스냅드래곤808","헥사(6)코어","1.8GHz","Adreno 418",\n,\n,\n,"4GB","32GB","eMMC","microSD:최대256GB",\n,"LTE-A Cat.6","802.11 a/b/g/n/ac","v4.1",\n,"나노유심",\n,\n,"1,600만","듀얼 500만","2160p(UHD),30fps",\n,\n,\n,\n,\n,"손떨림보정","○","○","○",\n,\n,"○","○","○","○","○",\n,\n,\n,"3.5mm",\n,"32비트 음원재생",\n,"지문인식",\n,\n,\n,\n,\n,\n,\n,\n,\n,"3000",\n,\n,"배터리탈착형",\n,"퀵차지2.0",\n,\n,"79.3","159.6","8.6","192"
"118","X5 2018","LM-X510","lg",\n,"안드로이드8.0 오레오","통신사가입-KT","13.97","5.5","IPS-LCD","1280x720","267","60Hz","16:09",\n,\n,\n,\n,"미디어텍MT6750","옥타(8)코어","1.5GHz","Mali T860",\n,\n,\n,"2GB","32GB","eMMC","MicroSD",\n,"LTE Cat.4","802.11 a/b/g/n/ac","v4.2",\n,"나노유심",\n,\n,"1,300만","500만",\n,\n,\n,\n,\n,\n,\n,\n,\n,\n,\n,\n,\n,\n,\n,\n,\n,\n,\n,\n,"3.5mm","모노(1개)",\n,\n,"지문인식",\n,\n,\n,\n,"LG페이",\n,\n,\n,"마이크로5핀","4500",\n,\n,"배터리일체형",\n,"고속충전지원",\n,\n,"78.1","154.7","8.9","171"
"119","X4","LM-X410","lg",\n,"안드로이드8.1 오레오","가개통/중고","14.47","5.7","IPS-LCD","1440x720","282","60Hz","18:09",\n,\n,\n,\n,"미디어텍MT6762","옥타(8)코어","2.0GHz","PowerVR GE8320",\n,\n,\n,"2GB","32GB","eMMC","MicroSD",\n,"LTE-A Cat.6","Wi-Fi","v5.0",\n,"나노유심",\n,\n,"1,600만","800만",\n,\n,\n,\n,\n,"F2.0",\n,\n,"○",\n,\n,\n,\n,\n,"○","○",\n,\n,\n,\n,"3.5mm",\n,"32비트 음원재생",\n,"지문인식(후면)",\n,\n,\n,"구글 어시스턴트","LG페이",\n,\n,\n,"마이크로5핀","3000",\n,\n,"배터리일체형",\n,\n,\n,\n,"71.9","153","8.3","145"
"120","X4 Plus","LM-X415","lg",\n,"안드로이드7.1.2 누가","가개통/중고","13.46","5.3","IPS-LCD","1280x720","277",\n,"16:09",\n,\n,\n,\n,"스냅드래곤 425","쿼드(4)코어","1.4GHz","Adreno 308",\n,\n,\n,"2GB","32GB","eMMC","MicroSD",\n,"LTE Cat.4","802.11 a/b/g/n","v4.2",\n,"나노유심",\n,\n,"1,300만","500만",\n,\n,\n,\n,\n,\n,\n,\n,"○",\n,\n,\n,\n,\n,"○",\n,\n,\n,\n,\n,\n,"모노(1개)","32비트 음원재생",\n,"지문인식",\n,\n,\n,\n,"LG페이",\n,\n,\n,\n,"3000",\n,\n,"배터리일체형",\n,\n,\n,\n,"75.1","148.6","8.6","172.3"
"121","X6 2019","LM-X625","lg",\n,\n,\n,"15.9",\n,\n,\n,\n,\n,\n,\n,\n,\n,\n,\n,\n,\n,\n,\n,\n,\n,\n,\n,\n,\n,\n,\n,\n,\n,\n,\n,\n,\n,\n,\n,\n,\n,\n,\n,\n,\n,\n,\n,\n,\n,\n,\n,\n,\n,\n,\n,\n,\n,\n,\n,\n,\n,\n,\n,\n,\n,\n,\n,\n,\n,\n,\n,\n,\n,\n,\n,\n,\n,\n,\n,\n,\n,\n,\n,\n,\n
"122","X4 2019","LM-X420","lg",\n,"안드로이드8.1 오레오","가개통/중고","14.47","5.7","IPS-LCD","1440x720","282","60Hz","18:09",\n,\n,\n,\n,"미디어텍MT6762","옥타(8)코어","2.0GHz","PowerVR GE8320",\n,\n,\n,"2GB","32GB","eMMC","MicroSD",\n,"LTE-A Cat.6","Wi-Fi","v5.0",\n,"나노유심",\n,\n,"1,600만","800만",\n,\n,\n,\n,\n,"F2.0",\n,\n,"○",\n,\n,\n,\n,\n,"○","○",\n,\n,\n,\n,"3.5mm",\n,"32비트 음원재생",\n,"지문인식(후면)",\n,\n,\n,"구글 어시스턴트","LG페이",\n,\n,\n,"마이크로5핀","3000",\n,\n,"배터리일체형",\n,\n,\n,\n,"71.9","153","8.3","145"
"123","X2 2019","LM-X220","lg",\n,"안드로이드9.0 파이","가개통/중고","13.84","5.45",\n,"1440x720","295","60Hz",\n,\n,\n,\n,\n,"스냅드래곤425","쿼드(4)코어","1.4GHz",\n,\n,\n,\n,"2GB","32GB","eMMC","microSD:최대2TB",\n,"LTE Cat.4","Wi-Fi",\n,\n,"나노유심",\n,\n,"1,300만","500만",\n,\n,\n,\n,\n,\n,\n,\n,"○",\n,\n,\n,\n,\n,"○",\n,\n,\n,\n,\n,\n,\n,\n,\n,\n,\n,\n,\n,"구글 어시스턴트",\n,\n,\n,\n,\n,"3000",\n,\n,"배터리일체형",\n,\n,\n,\n,"71.5","147","8.2","147"
"124","X2 2018","LM-X210","lg",\n,"안드로이드7.1.2 누가","가개통/중고","12.7","5","IPS-LCD","1280x720","294","60Hz","5:03",\n,\n,\n,\n,"스냅드래곤212","쿼드(4)코어","1.3GHz","Adreno 304",\n,\n,\n,"2GB","16GB",\n,"MicroSD",\n,"LTE Cat.4","802.11 b/g/n","v4.2",\n,"나노유심",\n,\n,"800만","500만",\n,\n,\n,\n,\n,\n,\n,\n,"○",\n,\n,\n,\n,\n,"○",\n,\n,\n,\n,\n,\n,"모노(1개)",\n,\n,\n,\n,\n,\n,\n,\n,\n,\n,\n,"마이크로5핀","2500",\n,\n,"배터리탈착형",\n,\n,\n,\n,"73.2","146.6","8.2","152"
"125","X401","LGM-X401","lg",\n,\n,\n,"13.46",\n,\n,\n,\n,\n,\n,\n,\n,\n,\n,\n,\n,\n,\n,\n,\n,\n,\n,\n,\n,\n,\n,\n,\n,\n,\n,\n,\n,\n,\n,\n,\n,\n,\n,\n,\n,\n,\n,\n,\n,\n,\n,\n,\n,\n,\n,\n,\n,\n,\n,\n,\n,\n,\n,\n,\n,\n,\n,\n,\n,\n,\n,\n,\n,\n,\n,\n,\n,\n,\n,\n,\n,\n,\n,\n,\n,\n
"126","X300","LGM-K120","lg",\n,"안드로이드7.0 누가","가개통/중고",\n,"5","LCD","1280x720","294",\n,\n,"78.50%",\n,\n,\n,"스냅드래곤425","쿼드(4)코어","1.4GHz","Adreno 308",\n,\n,\n,"2GB","16GB","eMMC","MicroSD",\n,"LTE Cat.4","802.11 b/g/n","v4.2",\n,"나노유심",\n,\n,"1,300만","500만",\n,\n,\n,\n,\n,"F2.2",\n,\n,"○",\n,\n,\n,\n,\n,"○",\n,\n,\n,\n,\n,"3.5mm","모노(1개)",\n,\n,\n,\n,\n,\n,\n,\n,\n,\n,\n,"마이크로5핀","2500",\n,\n,"배터리탈착형",\n,\n,\n,\n,"72.1","144.8","8.09","142"
"127","X5","LG-F770","lg",\n,"안드로이드6.0 마쉬멜로우","가개통/중고","13.97","5.5","IPS-LCD","1280x720","270",\n,\n,\n,\n,\n,\n,\n,"쿼드(4)코어","1.3GHz",\n,\n,\n,\n,"2GB","16GB","eMMC","MicroSD",\n,"LTE","802.11 b/g/n","v4.2",\n,\n,\n,\n,"1,300만","500만","1080p(FHD),30fps",\n,\n,\n,\n,\n,\n,\n,"○","○",\n,\n,"○",\n,"○",\n,"○",\n,\n,\n,"3.5mm",\n,\n,\n,\n,\n,\n,\n,\n,\n,\n,\n,\n,"마이크로5핀","2800",\n,\n,"배터리탈착형",\n,\n,\n,\n,"76.9","151.6","7.2","133"
"128","X스킨","LG-F740","lg",\n,"안드로이드6.0 마쉬멜로우","가개통/중고","12.7","5",\n,"1280x720","293",\n,\n,\n,\n,\n,\n,"스냅드래곤210","쿼드(4)코어","1.1GHz","Adreno 304",\n,\n,\n,"1.5GB","16GB","eMMC",\n,\n,"LTE Cat.4",\n,\n,\n,\n,\n,\n,"800만","500만","720p(HD),30fps",\n,\n,\n,\n,\n,\n,\n,"○","○",\n,\n,"○",\n,"○",\n,"○",\n,\n,\n,"3.5mm",\n,\n,\n,\n,\n,\n,\n,\n,\n,\n,\n,\n,\n,"2100",\n,\n,"배터리탈착형",\n,\n,\n,\n,"71.4","144.8","6.9","122"
"129","넥서스 5x","LG-H791","lg",\n,"안드로이드6.0 마쉬멜로우","해외구매-새제품","13.22","5.2",\n,"1920x1080","423",\n,\n,\n,\n,\n,\n,\n,"헥사(6)코어","1.8GHz",\n,\n,\n,\n,"2GB","32GB",\n,"MicroSD 미지원",\n,"LTE-A Cat.6","802.11 a/b/g/n/ac","v4.2",\n,"나노유심",\n,\n,"1,230만","500만","2160p(UHD),30fps",\n,\n,\n,\n,\n,\n,\n,"○",\n,\n,\n,\n,\n,"○",\n,"○",\n,\n,\n,"3.5mm",\n,\n,\n,"지문인식",\n,\n,\n,\n,\n,\n,\n,\n,"마이크로5핀","2700",\n,\n,"배터리일체형",\n,"퀵차지2.0",\n,\n,"72.6","147","7.9","136"
"130","와인 스마트 재즈","LG-F610","lg",\n,"안드로이드5.1 롤리팝","가개통/중고","8.12","3.2","LCD","480x320",\n,\n,\n,\n,\n,\n,\n,\n,"쿼드(4)코어","1.1GHz",\n,\n,\n,\n,"1GB","4GB","eMMC","MicroSD",\n,"LTE","802.11 b/g/n","v4.0",\n,"마이크로유심",\n,\n,"300만","VGA",\n,\n,\n,\n,\n,\n,\n,\n,\n,\n,\n,\n,\n,\n,\n,\n,\n,\n,\n,\n,"3.5mm",\n,\n,\n,\n,\n,\n,\n,\n,\n,\n,\n,\n,\n,"1700",\n,\n,"배터리탈착형",\n,\n,\n,\n,"58.7","117.7","16.6",\n
"131","와인 스마트","LG-F480","lg",\n,"안드로이드4.4 킷캣","가개통/중고","8.89","3.5","IPS-LCD","480x320","166",\n,\n,\n,\n,\n,\n,\n,"쿼드(4)코어","1.2GHz",\n,\n,\n,\n,"1GB","4GB","eMMC","MicroSD",\n,"LTE","802.11 b/g/n","v4.0",\n,"마이크로유심",\n,\n,"800만","VGA",\n,\n,\n,\n,\n,\n,\n,\n,\n,\n,\n,\n,\n,\n,\n,\n,\n,\n,\n,\n,"3.5mm",\n,\n,\n,\n,\n,\n,\n,\n,\n,\n,\n,\n,\n,"1700",\n,\n,"배터리탈착형",\n,\n,\n,\n,"59.4","118.6","16.9",\n
"132","아이폰SE(2020)","A2775","apple",\n,"iOS13","공기계-새제품","11.93","4.7","IPS-LCD","1334x750","326","60Hz","16:09","65.40%",\n,\n,\n,"애플A13","헥사(6)코어","2.65GHz+1.8GHz","APPLE G11P",\n,\n,\n,"3GB","128GB","NVMe",\n,\n,"LTE-A Cat.19","802.11 a/b/g/n/ac/ax","v5.0",\n,"나노유심",\n,\n,"1,200만","700만","4K,60fps",\n,\n,\n,\n,"F1.8","광학식손떨림보정(OIS)+전자식손떨림보정(EIS)","○","○","○",\n,\n,\n,\n,"○",\n,\n,"○",\n,\n,\n,"스테레오(2개)",\n,\n,"지문인식",\n,\n,\n,"Siri","애플페이(국내미지원)",\n,"IP67",\n,"라이트닝8핀","1821",\n,\n,"배터리일체형","최대18W","고속충전지원","Qi무선충전",\n,"67.3","138.4","7.3","148"
"133","갤럭시 A80","SM-A805","samsung",\n,"안드로이드9.0 파이","가개통/중고","17.02","6.7","S-AMOLED","2400x1080","393","60Hz","20:09","85.80%",\n,\n,\n,"스냅드래곤730","옥타(8)코어","2.2GHz+1.8GHz","Adreno 618",\n,\n,\n,"8GB","128GB",\n,"MicroSD 미지원",\n,"LTE-A Cat.11","802.11 a/b/g/n/ac","v5.0",\n,"나노유심",\n,\n,"4,800만+800만+TOF 3D","4,800만+800만+TOF 3D","2160p(UHD),30fps",\n,\n,\n,\n,"F2.0","전자식손떨림보정(EIS)","○","○","○",\n,\n,\n,\n,"○",\n,\n,\n,"○",\n,\n,"모노(1개)",\n,\n,"지문인식(온스크린)",\n,\n,\n,\n,\n,\n,\n,\n,"USB타입C","3700",\n,\n,"배터리일체형","최대25W","고속충전지원",\n,\n,"76.5","165.2","9.3","220"
"134","갤럭시 Z플립","SM-F700","samsung",\n,"안드로이드10","공기계-새제품","17.02","6.7","D-AMOLED","2636x1080","425","60Hz","20:09","82.50%",\n,\n,"HDR10+","스냅드래곤865+","옥타(8)코어","3.09GHz+2.4GHz+1.8GHz","Adreno 650",\n,\n,\n,"8GB","256GB","UFS3.0","MicroSD 미지원","5G NR","LTE-A Cat.20","802.11 a/b/g/n/ac/ax","v5.0",\n,"나노유심",\n,\n,"1,200만+1,200만","1,000만","4k,30fps",\n,\n,\n,\n,"F1.8","광학식손떨림보정(OIS)","○","○","○",\n,\n,\n,\n,"○",\n,\n,"○",\n,\n,\n,"모노(1개)","32비트 음원재생",\n,"지문인식(측면)",\n,\n,\n,\n,"삼성페이",\n,\n,\n,"USB타입C","3300",\n,\n,"배터리일체형","최대15W","고속충전지원","Qi무선충전: 최대9W",\n,"73.6","167.3","7.2","183"
"135","갤럭시 S20","SM-G981","samsung",\n,"안드로이드10","공기계-새제품","16.51","6.5","S-AMOLED","2400x1080","407","120Hz","20:09","84.80%",\n,\n,"HDR10+","스냅드래곤865","옥타(8)코어","2.84GHz+2.42GHz+1.8GHz","Adreno 650",\n,\n,\n,"6GB","128GB","UFS3.1","microSD:최대1TB","5G NR","LTE-A Cat.19","802.11 a/b/g/n/ac/ax","v5.0",\n,"나노유심",\n,\n,"1,200만+1,200만+800만","3,200만","4K,60fps",\n,\n,\n,\n,"F1.8","광학식손떨림보정(OIS)+전자식손떨림보정(EIS)","○","○",\n,"○","○",\n,\n,"○",\n,\n,"○",\n,\n,\n,"스테레오(2개)","32비트 음원재생",\n,"지문인식(온스크린)",\n,\n,\n,"빅스비","삼성페이",\n,"IP68",\n,"USB타입C","4500",\n,\n,"배터리일체형","최대25W","USB PD3.0","Qi무선충전: 최대15W",\n,"74.5","159.8","8.4","190"
"136","갤럭시 S20 Plus","SM-G986","samsung",\n,"안드로이드10","가개통/중고",\n,"6.7","D-AMOLED","3200x1440","525","120Hz","20:09","90.50%",\n,\n,"HDR10+","스냅드래곤865","옥타(8)코어","2.84GHz+2.42GHz+1.8GHz","Adreno 650",\n,\n,\n,"12GB","256GB","UFS3.0","microSD:최대1TB","5G NR","LTE-A Cat.20","802.11 a/b/g/n/ac/ax","v5.0",\n,"나노유심",\n,\n,"6,400만+1,200만+1,200만+30만","1,000만","8K,24fps",\n,\n,\n,\n,"F1.8","광학식손떨림보정(OIS)+전자식손떨림보정(EIS)","○",\n,\n,"○","○",\n,\n,"○",\n,\n,"○","○","○",\n,"스테레오(2개)","32비트 음원재생",\n,"지문인식(온스크린)","얼굴인식",\n,\n,"빅스비","삼성페이",\n,"IP68",\n,"USB타입C","4500",\n,\n,"배터리일체형","최대25W","USB PD3.0","Qi무선충전: 최대15W",\n,"73.7","161.9","7.8","188"
"137","갤럭시 S20 울트라","SM-G988","samsung",\n,"안드로이드10","통신사가입-SKT","17.53","6.9","D-AMOLED","3200x1440","511","120Hz","20:09","89.90%",\n,\n,"HDR10+","스냅드래곤865","옥타(8)코어","2.84GHz+2.42GHz+1.8GHz","Adreno 650",\n,\n,\n,"12GB","256GB","UFS3.0","microSD:최대1TB","5G NR","LTE-A Cat.20","802.11 a/b/g/n/ac/ax","v5.0",\n,"나노유심",\n,\n,"1억800만+4,800만+1,200만+30만","4,000만","8K,24fps",\n,\n,\n,\n,"F1.8","광학식손떨림보정(OIS)+전자식손떨림보정(EIS)",\n,\n,\n,\n,\n,\n,\n,\n,\n,\n,\n,\n,\n,\n,"스테레오(2개)","32비트 음원재생",\n,"지문인식(온스크린)","얼굴인식",\n,\n,"빅스비","삼성페이",\n,"IP68",\n,"USB타입C","5000",\n,\n,"배터리일체형","최대45W","USB PD3.0","Qi무선충전: 최대15W",\n,"76","166.9","8.8","222"
"138","벨벳","LM-G900","lg",\n,"안드로이드10","공기계-새제품","17.2","6.8","OLED","2460x1080","395","60Hz","20.5:9","88.60%",\n,\n,\n,"스냅드래곤765","옥타(8)코어","2.3GHz+2.2GHz+1.8GHz","Adreno 620",\n,\n,\n,"8GB","128GB","UFS2.1","microSD:최대2TB",\n,"LTE-A Cat.18","802.11 a/b/g/n/ac","v5.1",\n,"나노유심",\n,\n,"4,800만+800만+500만","1,600만","2160p(UHD)",\n,\n,\n,\n,"F1.8","전자식손떨림보정(EIS)","○","○","○",\n,\n,\n,\n,"○",\n,\n,"○",\n,\n,"3.5mm","스테레오(2개)",\n,\n,"지문인식(온스크린)",\n,\n,\n,\n,"LG페이","4096단계 필압(별매)","IP68",\n,"USB타입C","4300",\n,\n,"배터리일체형","최대30W","USB PD2.0/퀵차지4+","Qi무선충전: 최대10W",\n,"74.1","167.2","7.9","180"
"139","Q51","LM-Q510","lg",\n,"안드로이드9.0 파이","공기계-새제품","16.51","6.5","IPS-LCD","1560x720","259","60Hz","19:09","82.70%",\n,\n,\n,"미디어텍MT6762","옥타(8)코어","2.0GHz","PowerVR GE8320",\n,\n,\n,"3GB","32GB","eMMC5.1","microSD:최대2TB",\n,"LTE-A Cat.7","802.11 a/b/g/n/ac","v5.0",\n,"나노유심",\n,\n,"1,300만+500만+200만","1,300만","1080p(FHD),30fps",\n,\n,\n,\n,\n,\n,\n,"○","○",\n,\n,\n,\n,"○",\n,\n,"○",\n,\n,"3.5mm","스테레오(2개)",\n,\n,"지문인식(후면)",\n,\n,\n,"구글 어시스턴트","LG페이",\n,\n,\n,"USB타입C","4000",\n,\n,"배터리일체형",\n,\n,\n,\n,"77.9","166.9","8.4","204"
"140","LG폴더2","LM-Y120","lg",\n,"안드로이드","가개통/중고","7.11","2.8","IPS-LCD","320x240","143","60Hz","4:03","40.90%",\n,\n,\n,"스냅드래곤210","쿼드(4)코어","1.1GHz","Adreno 304",\n,\n,\n,"1GB","8GB",\n,"MicroSD",\n,"LTE Cat.4","802.11 b/g/n",\n,\n,"나노유심",\n,\n,"200만",\n,\n,\n,\n,\n,\n,\n,\n,\n,\n,\n,\n,\n,\n,\n,\n,\n,\n,\n,\n,\n,\n,"모노(1개)",\n,\n,\n,\n,\n,\n,\n,\n,\n,\n,\n,\n,"1470",\n,\n,"배터리탈착형",\n,\n,\n,\n,"55","107.9","18","127"
"141","Q61","LM-Q630","lg",\n,"안드로이드9.0 파이","가개통/중고","16.59","6.53","IPS-LCD","2340x1080","395","60Hz","19.5:9","82.10%",\n,\n,\n,"미디어텍MT6765","옥타(8)코어","2.3GHz+1.8GHz","PowerVR GE8320",\n,\n,\n,"4GB","64GB","eMMC","microSD:최대2TB",\n,"LTE-A Cat.6","802.11 a/b/g/n/ac","v5.0",\n,"나노유심",\n,\n,"4,800만+800만+500만+200만","1,600만","1080p(FHD),30fps",\n,\n,\n,\n,"F1.8",\n,\n,"○","○",\n,\n,\n,\n,"○",\n,\n,"○",\n,\n,"3.5mm","모노(1개)",\n,\n,"지문인식(후면)",\n,\n,\n,"구글 어시스턴트","LG페이",\n,\n,\n,"USB타입C","4000",\n,\n,"배터리일체형",\n,\n,\n,\n,"77.5","164.5","8.3","192"
"142","갤럭시 A31","SM-A315","samsung",\n,"안드로이드10","공기계-새제품","16.25","6.4","S-AMOLED","2400x1080","411","60Hz","20:09","84.90%",\n,\n,\n,"미디어텍MT6768","옥타(8)코어","2.0GHz+1.7GHz","Mali G52",\n,\n,\n,"4GB","64GB",\n,"microSD:최대512GB",\n,"LTE-A Cat.6","802.11 a/b/g/n/ac","v5.0",\n,"나노유심",\n,\n,"4,800만+800만+500만+500만","2,000만","1080p(FHD),30fps",\n,\n,\n,\n,"F2.0",\n,\n,"○","○",\n,\n,\n,\n,"○",\n,\n,"○",\n,\n,"3.5mm","모노(1개)",\n,\n,"지문인식(온스크린)",\n,\n,\n,\n,"삼성페이",\n,\n,\n,"USB타입C","5000",\n,\n,"배터리일체형","최대15W","고속충전지원",\n,\n,"73.1","159.3","8.6","186"
"143","갤럭시 A51","SM-A516","samsung",\n,"안드로이드10","공기계-새제품","16.51","6.5","S-AMOLED","2400x1080","405","60Hz","20:09","87.20%",\n,\n,\n,"엑시노스980","옥타(8)코어","2.2GHz+1.8GHz","Mali G76",\n,\n,\n,"6GB","128GB","UFS2.0","microSD:최대1TB","5G NR","LTE-A Cat.16","802.11 a/b/g/n/ac","v5.0",\n,"나노유심",\n,\n,"4,800만+1,200만+500만+500만","3,200만","4k,30fps",\n,\n,\n,\n,"F2.0","전자식손떨림보정(EIS)","○","○","○",\n,\n,\n,\n,"○",\n,\n,"○",\n,\n,"3.5mm","모노(1개)",\n,\n,"지문인식(온스크린)",\n,\n,\n,\n,"삼성페이",\n,\n,\n,"USB타입C","4500",\n,\n,"배터리일체형","최대15W","고속충전지원",\n,\n,"73.6","158.9","8.7","187"
"144","갤럭시 A퀀텀","SM-A716","samsung",\n,"안드로이드10","통신사가입-SKT","17.02","6.7","S-AMOLED","2400x1080","393","60Hz","20:09","88.30%",\n,\n,\n,"엑시노스980","옥타(8)코어","2.2GHz+1.8GHz","Mali G76",\n,\n,\n,"8GB","128GB","UFS2.1","MicroSD","5G NR","LTE-A Cat.16","802.11 a/b/g/n/ac","v5.0",\n,"나노유심",\n,\n,"6,400만+1,200만+500만+500만","3,200만","2160p(UHD),30fps",\n,\n,\n,\n,"F1.8","전자식손떨림보정(EIS)",\n,\n,\n,\n,\n,\n,\n,\n,\n,\n,\n,\n,\n,"3.5mm","모노(1개)",\n,\n,"지문인식(온스크린)",\n,\n,\n,\n,\n,\n,\n,\n,"USB타입C","4500",\n,\n,"배터리일체형","최대25W","고속충전지원",\n,\n,"75.5","162.5","8.1","185"
"145","갤럭시S20 FE","SM-G781","samsung",\n,"안드로이드10","공기계-새제품","16.51","6.5","S-AMOLED","2400x1080","407","120Hz","20:09","84.80%",\n,\n,"HDR10+","스냅드래곤865","옥타(8)코어","2.84GHz+2.42GHz+1.8GHz","Adreno 650",\n,\n,\n,"6GB","128GB","UFS3.1","microSD:최대1TB","5G NR","LTE-A Cat.19","802.11 a/b/g/n/ac/ax","v5.0",\n,"나노유심",\n,\n,"1,200만+1,200만+800만","3,200만","4K,60fps",\n,\n,\n,\n,"F1.8","광학식손떨림보정(OIS)+전자식손떨림보정(EIS)","○","○",\n,"○","○",\n,\n,"○",\n,\n,"○",\n,\n,\n,"스테레오(2개)","32비트 음원재생",\n,"지문인식(온스크린)",\n,\n,\n,"빅스비","삼성페이",\n,"IP68",\n,"USB타입C","4500",\n,\n,"배터리일체형","최대25W","USB PD3.0","Qi무선충전: 최대15W",\n,"74.5","159.8","8.4","190"
"146","갤럭시노트20","SM-N981","samsung",\n,"안드로이드10","공기계-새제품","17.53","6.9","D-AMOLED","3088x1440","496","120Hz","19.3:9","91.70%",\n,\n,"HDR10+","스냅드래곤865+","옥타(8)코어","3.0GHz+2.42GHz+1.8GHz","Adreno 650",\n,\n,\n,"12GB","256GB","UFS3.1","microSD:최대1TB","5G NR","LTE-A Cat.20","802.11 a/b/g/n/ac/ax","v5.0",\n,"나노유심",\n,\n,"1억800만+1,200만+1,200만","1,000만","8K,24fps",\n,\n,\n,\n,"F1.8","광학식손떨림보정(OIS)+전자식손떨림보정(EIS)","○","○",\n,"○","○",\n,"○","○",\n,\n,"○",\n,\n,\n,"스테레오(2개)","32비트 음원재생",\n,"지문인식(온스크린)",\n,\n,\n,"빅스비","삼성페이","4096단계 필압","IP68",\n,"USB타입C","4500",\n,\n,"배터리일체형","최대25W","USB PD3.0","Qi무선충전",\n,"77.2","164.8","8.1","208"
"147","갤럭시노트20 울트라","SM-N986","samsung",\n,"안드로이드10","공기계-새제품","17.53","6.9","D-AMOLED","3088x1440","496","120Hz","19.3:9","91.70%",\n,\n,"HDR10+","스냅드래곤865+","옥타(8)코어","3.0GHz+2.42GHz+1.8GHz","Adreno 650",\n,\n,\n,"12GB","256GB","UFS3.1","microSD:최대1TB","5G NR","LTE-A Cat.20","802.11 a/b/g/n/ac/ax","v5.0",\n,"나노유심",\n,\n,"1억800만+1,200만+1,200만","1,000만","8K,24fps",\n,\n,\n,\n,"F1.8","광학식손떨림보정(OIS)+전자식손떨림보정(EIS)","○","○",\n,"○","○",\n,"○","○",\n,\n,"○",\n,\n,\n,"스테레오(2개)","32비트 음원재생",\n,"지문인식(온스크린)",\n,\n,\n,"빅스비","삼성페이","4096단계 필압","IP68",\n,"USB타입C","4500",\n,\n,"배터리일체형","최대25W","USB PD3.0","Qi무선충전",\n,"77.2","164.8","8.1","208"
"148","Q31","LM-Q310","lg",\n,"안드로이드10","공기계-새제품","14.47","5.7","IPS-LCD","1520x720","295","60Hz","19:09","77.20%",\n,\n,\n,"미디어텍MT6762","옥타(8)코어","2.0GHz","PowerVR GE8320",\n,\n,\n,"3GB","32GB","eMMC5.1","microSD:최대2TB",\n,"LTE","802.11 b/g/n","v5.0",\n,"나노유심",\n,\n,"1,300만+500만","500만","1080p(FHD),30fps",\n,\n,\n,\n,"F1.8",\n,\n,"○","○",\n,\n,\n,\n,"○",\n,\n,"○",\n,\n,"3.5mm","모노(1개)",\n,\n,\n,\n,\n,\n,\n,\n,\n,\n,\n,"마이크로5핀","3000",\n,\n,"배터리일체형",\n,\n,\n,\n,"71","147.9","8.7","145"
"149","Q52","LM-Q520","lg",\n,"안드로이드10","공기계-새제품","16.76","6.6","IPS-LCD","1600x720","266","60Hz","20:09","83.10%",\n,\n,\n,"미디어텍MT6765","옥타(8)코어","2.3GHz+1.8GHz","PowerVR GE8320",\n,\n,\n,"4GB","64GB","eMMC5.1","microSD:최대2TB",\n,"LTE","802.11 a/b/g/n/ac","v5.0",\n,"나노유심",\n,\n,"4,800만+500만+200만+200만","1,300만","1080p(FHD),30fps",\n,\n,\n,\n,"F1.8",\n,\n,"○","○",\n,\n,\n,\n,"○",\n,\n,"○",\n,\n,"3.5mm","모노(1개)",\n,\n,"지문인식(측면)",\n,\n,\n,\n,"LG페이",\n,\n,\n,"USB타입C","4000",\n,\n,"배터리일체형",\n,\n,\n,\n,"76.7","165","8.4","188"
"150","윙","LM-F100","lg",\n,"안드로이드10","공기계-새제품","17.2","6.8","P-OLED","2460x1080","395","60Hz","20.5:9","87.00%",\n,\n,\n,"스냅드래곤765G","옥타(8)코어","2.4GHz+2.2GHz+1.8GHz","Adreno 620",\n,\n,\n,"8GB","128GB","UFS","microSD:최대2TB","5G NR","LTE-A","802.11 a/b/g/n/ac","v5.1",\n,"나노유심",\n,\n,"6,400만+1,300만+1,200만","3,200만","4k,30fps",\n,\n,\n,\n,"F1.8","광학식손떨림보정(OIS)+전자식손떨림보정(EIS)","○","○","○",\n,\n,\n,\n,"○",\n,\n,"○",\n,\n,\n,"모노(1개)",\n,\n,"지문인식(온스크린)",\n,\n,\n,"구글 어시스턴트","LG페이",\n,"IP54",\n,"USB타입C","4000",\n,\n,"배터리일체형",\n,"퀵차지4+","Qi무선충전",\n,"74.5","169.5","10.9","260"
"151","갤럭시 A10e","SM-A102","samsung",\n,"안드로이드9.0 파이","공기계-새제품","14.8","5.83","PLS-LCD","1560x720","295","60Hz","19.5:9","81.40%",\n,\n,\n,"엑시노스7884","옥타(8)코어","1.6GHz+1.35GHz","Mali G71",\n,\n,\n,"2GB","32GB",\n,"microSD:최대512GB",\n,"LTE-A Cat.12","802.11 b/g/n","v5.0",\n,"나노유심",\n,\n,"800만","800만","1080p(FHD),30fps",\n,\n,\n,\n,"F1.9",\n,\n,"○","○",\n,\n,\n,\n,"○",\n,\n,"○",\n,\n,"3.5mm","모노(1개)",\n,\n,\n,\n,\n,\n,\n,\n,\n,\n,\n,"USB타입C","3000",\n,\n,"배터리일체형",\n,\n,\n,\n,"69.6","147.3","8.4","141"
"152","아이폰12","A2403","apple",\n,"iOS14","공기계-새제품","15.49","6.1","OLED","2532x1170","460","60Hz","19.5:9","86.00%",\n,\n,"돌비비젼+HDR10","애플 A14 Bionic","헥사(6)코어",\n,"Apple U1",\n,\n,\n,"6GB","128GB","NVMe","MicroSD 미지원","5G NR","LTE-A Cat.22","802.11 a/b/g/n/ac/ax","v5.0",\n,"나노유심",\n,\n,"1,200만+1,200만+1,200만+TOF 3D","1,200만","4K,60fps",\n,\n,\n,\n,"F1.6","광학식손떨림보정(OIS)+전자식손떨림보정(EIS)","○","○","○",\n,"○",\n,\n,"○",\n,\n,"○","○","○",\n,"스테레오(2개)",\n,\n,\n,"FaceID",\n,\n,"Siri","애플페이(국내미지원)",\n,"IP68",\n,"라이트닝8핀","2815",\n,\n,"배터리일체형","최대18W","USB PD2.0","Qi무선충전: 최대7.5W",\n,"71.5","146.7","7.4","187"
"153","아이폰12 Pro","A2407","apple",\n,"iOS14","공기계-새제품","15.49","6.1","OLED","2532x1170","460","60Hz","19.5:9","86.00%",\n,\n,"돌비비젼+HDR10","애플 A14 Bionic","헥사(6)코어",\n,"Apple U1",\n,\n,\n,"6GB","128GB","NVMe","MicroSD 미지원","5G NR","LTE-A Cat.22","802.11 a/b/g/n/ac/ax","v5.0",\n,"나노유심",\n,\n,"1,200만+1,200만+1,200만+TOF 3D","1,200만","4K,60fps",\n,\n,\n,\n,"F1.6","광학식손떨림보정(OIS)+전자식손떨림보정(EIS)","○","○","○",\n,"○",\n,\n,"○",\n,\n,"○","○","○",\n,"스테레오(2개)",\n,\n,\n,"FaceID",\n,\n,"Siri","애플페이(국내미지원)",\n,"IP68",\n,"라이트닝8핀","2815",\n,\n,"배터리일체형","최대18W","USB PD2.0","Qi무선충전: 최대7.5W",\n,"71.5","146.7","7.4","187"
"154","아이폰12 Pro Max","A2411","apple",\n,"iOS14","통신사가입-KT",\n,"6.7","OLED","2778x1284","458","60Hz","19.5:9","87.40%",\n,\n,"돌비비젼+HDR10","애플 A14 Bionic","헥사(6)코어",\n,"Apple U1",\n,\n,\n,"6GB","256GB","NVMe","MicroSD 미지원","5G NR","LTE-A Cat.22","802.11 a/b/g/n/ac/ax","v5.0",\n,"나노유심",\n,\n,"1,200만+1,200만+1,200만+TOF 3D","1,200만","4K,60fps",\n,\n,\n,\n,"F1.6","광학식손떨림보정(OIS)+전자식손떨림보정(EIS)",\n,\n,\n,\n,\n,\n,\n,\n,\n,\n,\n,\n,\n,\n,"스테레오(2개)",\n,\n,\n,"FaceID",\n,\n,"Siri","애플페이(국내미지원)",\n,"IP68",\n,"라이트닝8핀","3687",\n,\n,"배터리일체형","최대18W","USB PD2.0","Qi무선충전: 최대7.5W",\n,"78.1","160.8","7.4","226"
"155","아이폰12 Mini","A2399","apple",\n,"iOS14","통신사가입-SKT","13.72","5.4","OLED","2340x1080","476","60Hz","19.5:9","85.10%",\n,\n,"돌비비젼+HDR10","애플 A14 Bionic","헥사(6)코어",\n,"Apple U1",\n,\n,\n,"4GB","256GB","NVMe","MicroSD 미지원","5G NR","LTE-A Cat.22","802.11 a/b/g/n/ac/ax","v5.0",\n,"나노유심",\n,\n,"1,200만+1,200만","1,200만","4K,60fps",\n,\n,\n,\n,"F1.6","광학식손떨림보정(OIS)+전자식손떨림보정(EIS)",\n,\n,\n,\n,\n,\n,\n,\n,\n,\n,\n,\n,\n,\n,"스테레오(2개)",\n,\n,\n,"FaceID",\n,\n,"Siri","애플페이(국내미지원)",\n,"IP68",\n,"라이트닝8핀","2227",\n,\n,"배터리일체형","최대18W","USB PD2.0","Qi무선충전: 최대7.5W",\n,"64.2","131.5","7.4","133"
"156","갤럭시폴드2","SM-F916","samsung",\n,"안드로이드10","공기계-새제품","19.3","7.6","D-AMOLED","2208x1768","373","120Hz","5:04","88.60%",\n,\n,"HDR10+","스냅드래곤865+","옥타(8)코어","3.09GHz+2.42GHz+1.8GHz","Adreno 650",\n,\n,\n,"12GB","256GB","UFS3.1","MicroSD 미지원","5G NR","LTE-A Cat.20","802.11 a/b/g/n/ac/ax","v5.0",\n,"나노유심",\n,\n,"1,200만+1,200만+1,200만","1,000만","4K,60fps",\n,\n,\n,\n,"F1.8","광학식손떨림보정(OIS)+전자식손떨림보정(EIS)","○","○","○",\n,"○",\n,\n,"○",\n,\n,"○",\n,\n,\n,"스테레오(2개)","32비트 음원재생",\n,"지문인식(측면)",\n,\n,\n,"빅스비","삼성페이",\n,\n,\n,"USB타입C","4500",\n,\n,"배터리일체형","최대25W","고속충전지원","Qi무선충전: 최대11W",\n,"128.2","159.2","6.9","282"
"157","갤럭시 A12","SM-A125","samsung",\n,"안드로이드10","공기계-새제품","16.51","6.5","TFT-LCD","1600x720","264","60Hz","20:09","85.80%",\n,\n,\n,"미디어텍MT6765","옥타(8)코어","2.3GHz+1.8GHz","PowerVR GE8320",\n,\n,\n,"3GB","32GB","eMMC5.1","microSD:최대1TB",\n,"LTE Cat.4","802.11 b/g/n","v5.0",\n,"나노유심",\n,\n,"4,800만+500만+200만+200만","800만","1080p(FHD),30fps",\n,\n,\n,\n,"F2.0",\n,\n,"○","○",\n,\n,\n,\n,"○",\n,\n,"○",\n,\n,"3.5mm","모노(1개)",\n,\n,"지문인식(측면)",\n,\n,\n,\n,\n,\n,\n,\n,"USB타입C","5000",\n,\n,"배터리일체형","최대15W","고속충전지원",\n,\n,"75.8","164","8.9","205"
"158","갤럭시S21 Ultra","SM-G998","samsung",\n,"안드로이드11","공기계-새제품","17.2","6.8","D-AMOLED","3200x1440","515","120Hz","20:09","89.80%",\n,\n,"HDR10+","엑시노스2100","옥타(8)코어","2.9GHz+2.8GHz+2.2GHz","Mali G78",\n,\n,\n,"12GB","256GB","UFS3.1","MicroSD 미지원","5G NR","LTE-A","802.11 a/b/g/n/ac/ax","v5.2",\n,"나노유심",\n,\n,"1억800만+1,200만+1,000만+1,000만","4,000만","8K,24fps",\n,\n,\n,\n,"F1.8","광학식손떨림보정(OIS)+전자식손떨림보정(EIS)","○","○","○","○","○",\n,"○","○",\n,\n,"○",\n,\n,\n,"스테레오(2개)","32비트 음원재생",\n,"지문인식(온스크린)",\n,\n,\n,"빅스비","삼성페이","4096단계 필압(별매)","IP68",\n,"USB타입C","5000",\n,\n,"배터리일체형","최대25W","USB PD3.0","Qi무선충전: 최대15W",\n,"75.6","165.1","8.9","227"
"159","갤럭시S21 Plus","SM-G996","samsung",\n,"안드로이드11","공기계-새제품","17.02","6.7","D-AMOLED","2400x1080","394","120Hz","20:09","88.30%",\n,\n,"HDR10+","엑시노스2100","옥타(8)코어","2.9GHz+2.8GHz+2.2GHz","Mali G78",\n,\n,\n,"8GB","256GB","UFS3.1","MicroSD 미지원","5G NR","LTE-A","802.11 a/b/g/n/ac/ax","v5.0",\n,"나노유심",\n,\n,"6,400만+1,200만+1,200만","1,000만","8K,24fps",\n,\n,\n,\n,"F1.8","광학식손떨림보정(OIS)+전자식손떨림보정(EIS)","○","○","○","○","○",\n,\n,"○",\n,\n,"○",\n,\n,\n,"스테레오(2개)","32비트 음원재생",\n,"지문인식(온스크린)",\n,\n,\n,"빅스비","삼성페이",\n,"IP68",\n,"USB타입C","4800",\n,\n,"배터리일체형","최대25W","USB PD3.0","Qi무선충전: 최대15W",\n,"75.6","161.5","7.8","200"
"160","갤럭시S21","SM-G991","samsung",\n,"안드로이드11","공기계-새제품","15.75","6.2","D-AMOLED","2400x1080","421","120Hz","20:09","87.20%",\n,\n,"HDR10+","엑시노스2100","옥타(8)코어","2.9GHz+2.8GHz+2.2GHz","Mali G78",\n,\n,\n,"8GB","256GB","UFS3.1","MicroSD 미지원","5G NR","LTE-A","802.11 a/b/g/n/ac/ax","v5.0",\n,"나노유심",\n,\n,"6,400만+1,200만+1,200만","1,000만","8K,24fps",\n,\n,\n,\n,"F1.8","광학식손떨림보정(OIS)+전자식손떨림보정(EIS)","○","○","○","○","○",\n,\n,"○",\n,\n,"○",\n,\n,\n,"스테레오(2개)","32비트 음원재생",\n,"지문인식(온스크린)",\n,\n,\n,"빅스비","삼성페이",\n,"IP68",\n,"USB타입C","4000",\n,\n,"배터리일체형","최대25W","USB PD3.0","Qi무선충전: 최대15W",\n,"71.2","151.7","7.9","169"
"161","넥서스5","LG-D821","lg",\n,"안드로이드6.0 마쉬멜로우","해외구매-새제품","13.22","5.2",\n,"1920x1080","423",\n,\n,\n,\n,\n,\n,\n,"헥사(6)코어","1.8GHz",\n,\n,\n,\n,"2GB","32GB",\n,"MicroSD 미지원",\n,"LTE-A Cat.6","802.11 a/b/g/n/ac","v4.2",\n,"나노유심",\n,\n,"1,230만","500만","2160p(UHD),30fps",\n,\n,\n,\n,\n,\n,\n,"○",\n,\n,\n,\n,\n,"○",\n,"○",\n,\n,\n,"3.5mm",\n,\n,\n,"지문인식",\n,\n,\n,\n,\n,\n,\n,\n,"마이크로5핀","2700",\n,\n,"배터리일체형",\n,"퀵차지2.0",\n,\n,"72.6","147","7.9","136"
"162","옵티머스 뷰","LG-F100","lg",\n,\n,"가개통/중고",\n,\n,\n,\n,\n,\n,\n,\n,\n,\n,\n,\n,\n,\n,\n,\n,\n,\n,\n,\n,\n,\n,\n,\n,\n,\n,\n,"마이크로유심",\n,\n,\n,\n,\n,\n,\n,\n,\n,\n,\n,\n,\n,\n,\n,\n,\n,\n,\n,\n,\n,\n,\n,\n,"3.5mm",\n,\n,\n,\n,\n,\n,\n,\n,\n,\n,\n,\n,\n,\n,\n,\n,\n,\n,\n,\n,\n,\n,\n,\n,\n
"163","옵티머스 G","LG-F180","lg",\n,"안드로이드4.1 젤리빈","가개통/중고","11.68","4.6","IPS-LCD",\n,"400~500",\n,\n,\n,\n,\n,\n,\n,"쿼드(4)코어","1.5GHz",\n,\n,\n,\n,"2GB","32GB","eMMC","MicroSD",\n,"LTE Cat.3",\n,"v4.0",\n,"마이크로유심",\n,\n,"1,200~1,499만","100~199만","1080p(FHD),30fps",\n,\n,\n,\n,\n,\n,\n,\n,"○",\n,\n,\n,\n,"○",\n,\n,\n,\n,\n,"3.5mm",\n,\n,\n,\n,\n,\n,\n,\n,\n,\n,\n,\n,\n,"2300~2999",\n,\n,"배터리일체형",\n,\n,\n,\n,"50~80","100~150","7~10","100~150"
"164","옵티머스 뷰2","LG-F200","lg",\n,\n,"가개통/중고",\n,\n,\n,\n,\n,\n,\n,\n,\n,\n,\n,\n,\n,\n,\n,\n,\n,\n,\n,\n,\n,\n,\n,\n,\n,\n,\n,"마이크로유심",\n,\n,\n,\n,\n,\n,\n,\n,\n,\n,\n,\n,\n,\n,\n,\n,\n,\n,\n,\n,\n,\n,\n,\n,"3.5mm",\n,\n,\n,\n,\n,\n,\n,\n,\n,"러버듐 펜 방식",\n,\n,\n,\n,\n,\n,\n,\n,\n,\n,\n,\n,\n,\n,\n
"165","옵티머스G 프로","LG-F240","lg",\n,"안드로이드4.1 젤리빈","가개통/중고","13.97","5.5",\n,"1920x1080","400",\n,\n,\n,\n,\n,\n,\n,"쿼드(4)코어","1.7GHz",\n,\n,\n,\n,"2GB","32GB",\n,"MicroSD",\n,"LTE Cat.3",\n,"v4.0",\n,"마이크로유심",\n,\n,"1300만","210만",\n,\n,\n,\n,\n,\n,\n,\n,\n,\n,\n,\n,\n,\n,"○",\n,\n,\n,\n,\n,"3.5mm",\n,\n,\n,\n,\n,\n,\n,\n,\n,\n,\n,\n,\n,"3140",\n,\n,"배터리탈착형",\n,\n,\n,\n,"76.1","150.2","9.4","172"
"166","엘지 뷰3","LG-F300","lg",\n,"안드로이드4.4 킷캣","가개통/중고","13.22","5.2","IPS-LCD","1280x960",\n,\n,\n,\n,\n,\n,\n,\n,"쿼드(4)코어","2.3GHz","Adreno 330",\n,\n,\n,"2GB","16GB",\n,"MicroSD",\n,"LTE Cat.4","802.11 a/b/g/n","v4.0",\n,\n,\n,\n,\n,\n,"1080p(FHD),30fps",\n,\n,\n,\n,\n,\n,\n,\n,\n,\n,\n,\n,\n,\n,\n,\n,\n,\n,\n,"3.5mm",\n,\n,\n,\n,\n,\n,\n,\n,\n,\n,\n,\n,\n,\n,\n,\n,"배터리탈착형",\n,\n,\n,\n,\n,\n,\n,\n
"167","프라다폰 3.0","LG-KU5400","lg",\n,\n,"가개통/중고",\n,\n,\n,\n,\n,\n,\n,\n,\n,\n,\n,\n,\n,\n,\n,\n,\n,\n,\n,\n,\n,\n,\n,\n,\n,\n,\n,\n,\n,\n,\n,\n,\n,\n,\n,\n,\n,\n,\n,\n,\n,\n,\n,\n,\n,\n,\n,\n,\n,\n,\n,\n,"3.5mm",\n,\n,\n,\n,\n,\n,\n,\n,\n,\n,\n,\n,\n,\n,\n,\n,\n,\n,\n,\n,\n,\n,\n,\n,\n
"168","옵티머스Q2","LG-LU6500","lg",\n,\n,"가개통/중고",\n,\n,\n,\n,\n,\n,\n,\n,\n,\n,\n,\n,\n,\n,\n,\n,\n,\n,\n,\n,"eMMC",\n,\n,\n,\n,\n,\n,"마이크로유심",\n,\n,\n,\n,\n,\n,\n,\n,\n,\n,\n,\n,\n,\n,\n,\n,\n,\n,\n,\n,\n,\n,\n,\n,"3.5mm",\n,\n,\n,\n,\n,\n,\n,\n,\n,\n,\n,\n,\n,\n,\n,\n,\n,\n,\n,\n,\n,\n,\n,\n,\n
"169","Q70","LM-Q730","lg",\n,"안드로이드9.0 파이","가개통/중고","16.25","6.4","IPS-LCD","2310x1080","398","60Hz",\n,"81.40%",\n,\n,\n,"스냅드래곤675","옥타(8)코어","2.0GHz+1.7GHz","Adreno 612",\n,\n,\n,"4GB","64GB","eMMC","microSD:최대2TB",\n,"LTE-A Cat.12","802.11 a/b/g/n/ac","v5.0",\n,"나노유심",\n,\n,"3,200만+1,300만+500만","1,600만","1080p(FHD),30fps",\n,\n,\n,\n,"F1.8",\n,\n,"○","○",\n,\n,\n,\n,"○",\n,\n,\n,\n,\n,"3.5mm","모노(1개)","32비트 음원재생",\n,"지문인식(후면)",\n,\n,\n,"구글 어시스턴트","LG페이",\n,"IP68",\n,"USB타입C","4000",\n,\n,"배터리일체형","최대15W","고속충전지원",\n,\n,"76.8","162.1","8.3","198"
"170","Q92","LM-Q920","lg",\n,"안드로이드10","공기계-새제품","16.94","6.67","IPS-LCD","2400x1080","395","60Hz","20:09","83.50%",\n,\n,\n,"스냅드래곤765G","옥타(8)코어","2.4GHz+2.2GHz+1.8GHz","Adreno 620",\n,\n,\n,"6GB","128GB",\n,"microSD:최대2TB","5G NR","LTE-A Cat.18","802.11 a/b/g/n/ac","v5.0",\n,"나노유심",\n,\n,"4,800만+800만+500만+200만","3,200만","4k,30fps",\n,\n,\n,\n,"F1.8",\n,\n,"○","○",\n,\n,\n,\n,"○",\n,\n,"○",\n,\n,"3.5mm","스테레오(2개)",\n,\n,"지문인식(측면)",\n,\n,\n,\n,"LG페이",\n,\n,\n,"USB타입C","4000",\n,\n,"배터리일체형","최대15W","고속충전지원",\n,\n,"77.3","166.5","8.5","193"
"171","옵티머스 Z","SU950","lg",\n,\n,"가개통/중고",\n,\n,\n,\n,\n,\n,\n,\n,\n,\n,\n,\n,\n,\n,\n,\n,\n,\n,\n,\n,\n,\n,\n,\n,\n,\n,\n,"마이크로유심",\n,\n,\n,\n,\n,\n,\n,\n,\n,\n,\n,\n,\n,\n,\n,\n,\n,\n,\n,\n,\n,\n,\n,\n,\n,\n,\n,\n,\n,\n,\n,\n,\n,\n,\n,\n,\n,\n,\n,\n,\n,\n,\n,\n,\n,\n,\n,\n,\n,\n
"172","갤럭시 지오","SHW-M290","samsung",\n,"안드로이드2.3 진저브레드","가개통/중고","7.87","3.1","LCD","480x320",\n,\n,\n,\n,\n,\n,\n,\n,"싱글(1)코어","0.8GHz",\n,\n,\n,\n,\n,\n,"eMMC","MicroSD",\n,"3G",\n,"v3.0",\n,\n,\n,\n,"300~499만",\n,\n,\n,\n,\n,\n,\n,\n,\n,\n,\n,\n,\n,\n,\n,\n,\n,\n,\n,\n,\n,"3.5mm",\n,\n,\n,\n,\n,\n,\n,\n,\n,\n,\n,\n,\n,"1000~1999",\n,\n,"배터리탈착형",\n,\n,\n,\n,\n,\n,"10~","100~150"
"173","갤럭시 A10","SM-A105","samsung",\n,"안드로이드9.0 파이","가개통/중고","15.75","6.2","IPS-LCD","1520x720","271","60Hz","19:09","81.60%",\n,\n,\n,"엑시노스7884","옥타(8)코어","1.6GHz+1.35GHz","Mali G71",\n,\n,\n,"2GB","32GB",\n,"microSD:최대512GB",\n,"LTE-A Cat.12","802.11 b/g/n","v5.0",\n,"나노유심",\n,\n,"1,300만","500만","1080p(FHD),30fps",\n,\n,\n,\n,"F1.9",\n,\n,"○","○",\n,\n,\n,\n,"○",\n,\n,\n,\n,\n,"3.5mm","모노(1개)",\n,\n,\n,"얼굴인식",\n,\n,\n,\n,\n,\n,\n,"마이크로5핀","3400",\n,\n,"배터리일체형",\n,\n,\n,\n,"75.8","155.6","8.1","168"
"174","갤럭시 A21s","SM-A217","samsung",\n,"안드로이드10","공기계-새제품","16.51","6.5","TFT-LCD","1600x720","270","60Hz","20:09","82.80%",\n,\n,\n,"엑시노스850","옥타(8)코어","2.0GHz+2.0GHz","Mali G52",\n,\n,\n,"3GB","32GB","eMMC5.1","microSD:최대512GB",\n,"LTE-A Cat.12","802.11 a/b/g/n/ac","v5.0",\n,"나노유심",\n,\n,"4,800만+800만+200만+200만","1,300만","1080p(FHD),30fps",\n,\n,\n,\n,"F2.0",\n,\n,"○","○",\n,\n,\n,\n,"○",\n,\n,"○",\n,\n,"3.5mm","모노(1개)",\n,\n,"지문인식(후면)",\n,\n,\n,\n,\n,\n,\n,\n,"USB타입C","5000",\n,\n,"배터리일체형","최대15W","고속충전지원",\n,\n,"75.3","163.7","8.9","192"
"175","갤럭시 A7 2017","SM-A720","samsung",\n,"안드로이드6.0 마쉬멜로우","가개통/중고","14.47","5.7","AMOLED","1920x1080","386",\n,"16:09","82.80%",\n,\n,\n,"엑시노스7 7880","옥타(8)코어","1.9GHz","Mali T830",\n,\n,\n,"3GB","32GB","eMMC","microSD:최대256GB",\n,"LTE-A Cat.6","802.11 a/b/g/n/ac","v4.2",\n,"나노유심",\n,\n,"1,600만","1,600만","1080p(FHD),30fps",\n,\n,\n,\n,"F1.9",\n,\n,"○","○",\n,\n,"○",\n,"○",\n,"○",\n,\n,\n,"3.5mm","모노(1개)",\n,\n,"지문인식",\n,\n,\n,\n,"삼성페이",\n,"IP68",\n,"USB타입C","3600",\n,\n,"배터리일체형",\n,\n,\n,\n,"77.6","156.8","7.9","186"
"176","갤럭시 M20","SM-M205","samsung",\n,"안드로이드9.0 파이","공기계-새제품","16","6.3","PLS-LCD","2340x1080","409","60Hz","19.5:9","83.60%",\n,\n,\n,"엑시노스7904","옥타(8)코어","1.8GHz+1.8GHz","Mali G71",\n,\n,\n,"3GB","32GB",\n,"MicroSD",\n,"LTE-A Cat.12","802.11 b/g/n","v5.0",\n,"나노유심",\n,\n,"1,300만+500만","800만","1080p(FHD),30fps",\n,\n,\n,\n,"F1.9",\n,\n,"○","○",\n,\n,\n,\n,"○",\n,\n,\n,\n,\n,"3.5mm","모노(1개)",\n,\n,"지문인식(후면)","얼굴인식",\n,\n,\n,\n,\n,\n,\n,"USB타입C","5000",\n,\n,"배터리일체형","최대15W",\n,\n,\n,"74.5","156.4","8.8","186"
"177","옵티머스 LTE 태그","LG-F120","lg",\n,\n,"가개통/중고",\n,\n,\n,\n,\n,\n,\n,\n,\n,\n,\n,\n,\n,\n,\n,\n,\n,\n,\n,\n,\n,\n,\n,\n,\n,\n,\n,"마이크로유심",\n,\n,\n,\n,\n,\n,\n,\n,\n,\n,\n,\n,\n,\n,\n,\n,\n,\n,\n,\n,\n,\n,\n,\n,"3.5mm",\n,\n,\n,\n,\n,\n,\n,\n,\n,\n,\n,\n,\n,\n,\n,\n,\n,\n,\n,\n,\n,\n,\n,\n,\n
"178","LG 젠틀","LG-F580","lg",\n,"안드로이드5.1 롤리팝","가개통/중고","8.12","3.2","IPS-LCD","480x320","180",\n,\n,\n,\n,\n,\n,\n,"쿼드(4)코어","1.1GHz",\n,\n,\n,\n,"1GB","4GB","eMMC","MicroSD",\n,"LTE","802.11 b/g/n",\n,\n,"마이크로유심",\n,\n,"300만",\n,\n,\n,\n,\n,\n,\n,\n,\n,\n,\n,\n,\n,\n,\n,\n,\n,\n,\n,\n,\n,"3.5mm","모노(1개)",\n,\n,\n,\n,\n,\n,\n,\n,\n,\n,\n,\n,"1700",\n,\n,"배터리탈착형",\n,\n,\n,\n,"58.7","117.7","16.6","143"
"179","옵티머스 마하","LG-LU3000","lg",\n,\n,"가개통/중고",\n,\n,\n,\n,\n,\n,\n,\n,\n,\n,\n,\n,\n,\n,\n,\n,\n,\n,\n,\n,\n,\n,\n,\n,\n,\n,\n,"마이크로유심",\n,\n,\n,\n,\n,\n,\n,\n,\n,\n,\n,\n,\n,\n,\n,\n,\n,\n,\n,\n,\n,\n,\n,\n,"3.5mm",\n,\n,\n,\n,\n,\n,\n,\n,\n,\n,\n,\n,\n,\n,\n,\n,\n,\n,\n,\n,\n,\n,\n,\n,\n
"180","옵티머스 빅","LG-LU6800","lg",\n,\n,"가개통/중고",\n,\n,\n,\n,\n,\n,\n,\n,\n,\n,\n,\n,\n,\n,\n,\n,\n,\n,\n,\n,\n,\n,\n,\n,\n,\n,\n,"마이크로유심",\n,\n,\n,\n,\n,\n,\n,\n,\n,\n,\n,\n,\n,\n,\n,\n,\n,\n,\n,\n,\n,\n,\n,\n,"3.5mm",\n,\n,\n,\n,\n,\n,\n,\n,\n,\n,\n,\n,\n,\n,\n,\n,\n,\n,\n,\n,\n,\n,\n,\n,\n
"181","옵티머스 원","LG-KU3700","lg",\n,\n,"공기계-새제품",\n,\n,\n,\n,\n,\n,\n,\n,\n,\n,\n,\n,\n,\n,\n,\n,\n,\n,\n,\n,\n,\n,\n,\n,\n,\n,\n,"마이크로유심",\n,\n,\n,\n,\n,\n,\n,\n,\n,\n,\n,\n,\n,\n,\n,\n,\n,\n,\n,\n,\n,\n,\n,\n,"3.5mm",\n,\n,\n,\n,\n,\n,\n,\n,\n,\n,\n,\n,\n,\n,\n,\n,\n,\n,\n,\n,\n,\n,\n,\n,\n
"182","옵티머스 2X","LG-SU660","lg",\n,\n,"가개통/중고",\n,\n,\n,\n,\n,\n,\n,\n,\n,\n,\n,\n,"듀얼(2)코어",\n,\n,\n,\n,\n,\n,\n,\n,\n,\n,\n,\n,\n,\n,"마이크로유심",\n,\n,\n,\n,\n,\n,\n,\n,\n,\n,\n,\n,\n,\n,\n,\n,\n,\n,\n,\n,\n,\n,\n,\n,"3.5mm",\n,\n,\n,\n,\n,\n,\n,\n,\n,\n,\n,\n,\n,\n,\n,\n,\n,\n,\n,\n,\n,\n,\n,\n,\n
"183","옵티머스 3D","LG-SU760","lg",\n,\n,"가개통/중고",\n,\n,\n,\n,\n,\n,\n,\n,\n,\n,\n,\n,\n,\n,\n,\n,\n,\n,\n,\n,\n,\n,\n,\n,\n,\n,\n,"마이크로유심",\n,\n,\n,\n,\n,\n,\n,\n,\n,\n,\n,\n,\n,\n,\n,\n,\n,\n,\n,\n,\n,\n,\n,\n,"3.5mm",\n,\n,\n,\n,\n,\n,\n,\n,\n,\n,\n,\n,\n,\n,\n,\n,\n,\n,\n,\n,\n,\n,\n,\n,\n
"184","옵티머스 3D 큐브","LG-SU870","lg",\n,\n,"가개통/중고",\n,\n,\n,\n,\n,\n,\n,\n,\n,\n,\n,\n,\n,\n,\n,\n,\n,\n,\n,\n,\n,\n,\n,\n,\n,\n,\n,"마이크로유심",\n,\n,\n,\n,\n,\n,\n,\n,\n,\n,\n,\n,\n,\n,\n,\n,\n,\n,\n,\n,\n,\n,\n,\n,"3.5mm",\n,\n,\n,\n,\n,\n,\n,\n,\n,\n,\n,\n,\n,\n,\n,\n,\n,\n,\n,\n,\n,\n,\n,\n,\n
"185","옵티머스 EX","LG-SU880","lg",\n,\n,\n,\n,\n,\n,\n,\n,\n,\n,\n,\n,\n,\n,\n,\n,\n,\n,\n,\n,\n,\n,\n,\n,\n,\n,\n,\n,\n,\n,"마이크로유심",\n,\n,\n,\n,\n,\n,\n,\n,\n,\n,\n,\n,\n,\n,\n,\n,\n,\n,\n,\n,\n,\n,\n,\n,"3.5mm",\n,\n,\n,\n,\n,\n,\n,\n,\n,\n,\n,\n,\n,\n,\n,\n,\n,\n,\n,\n,\n,\n,\n,\n,\n
"186","갤럭시 네오","SHW-M220","samsung",\n,\n,"가개통/중고",\n,\n,\n,\n,\n,\n,\n,\n,\n,\n,\n,\n,\n,\n,\n,\n,\n,\n,\n,\n,"eMMC",\n,\n,\n,\n,\n,\n,\n,\n,\n,\n,\n,\n,\n,\n,\n,\n,\n,\n,\n,\n,\n,\n,\n,\n,\n,\n,\n,\n,\n,\n,\n,"3.5mm",\n,\n,\n,\n,\n,\n,\n,\n,\n,\n,\n,\n,\n,\n,\n,\n,"배터리탈착형",\n,\n,\n,\n,\n,\n,\n,\n
