pl_id,pl_maker,pl_group,pl_model_code,pl_name,pl_model_name,pl_storage,pl_color_name,pl_hidden,storage_hidden,color_hidden,class_hidden,pl_color_code,pl_launch,pl_size,pl_display_inch,pl_display_cm,pl_weight,pl_battery,pl_front_camera,pl_back_camera,pl_external_storage,pl_review,pl_price,pl_score
1,apple,apple,A2221,아이폰11,iphone11,64|128|256,블랙|그린|옐로|퍼플|RED|화이트,0,0|0|0,0|0|0|0|0|0,0|0|0,#2e3034|#afe2cd|#ffe782|#d8d2e0|#b41325|#f3f3f3,2019.1,75.7 x 150.9 x 8.3,6.1,15.49,194,3100,"1,200만","1,200만+1,200만 화소 (듀얼)",미지원,"아이폰 라인업 중에 적절함이 가장 잘 어울리는 모델.. 적절한 가격,스펙,배터리,카메라성능",SKT:859100|KT:990000|LG:990000,
2,apple,apple,A2215,아이폰11 Pro,iphone11 Pro,64|256|512,스페이스 그레이|실버|골드|미드나이트 그린,0,0|0|0,0|0|0|0,0|0|0,#605f5d|#e4e4e2|#fedcc1|#57605b,2019.1,71.4 x 144 x 8.1,5.8,14.7,188,3406,"1,200만","1,200만+1,200만+1,200만 화소 (트리플)",미지원,카메라가 모든 것을 말한다. 아이폰XS에 비해 많은 부분이 개선되었다. FACE ID 업그레이드도 좋은 소식,SKT:1174800|KT:1375000|LG:1375000,
3,apple,apple,A2218,아이폰11 Pro Max,iphone11 Pro Max,64|256|512,스페이스 그레이|실버|골드|미드나이트 그린,0,0|0|0,0|0|0|0,0|0|0,#605f5d|#e4e4e2|#fedcc1|#57605b,2019.1,77.8 x 158 x 8.1,6.5,16.51,226,3500,"1,200만","1,200만+1,200만+1,200만 화소 (트리플)",미지원,카메라가 모든 것을 말한다. 아이폰XS에 비해 많은 부분이 개선되었다. FACE ID 업그레이드도 좋은 소식,SKT:1328800|KT:1529000|LG:1529000,
4,apple,apple,A2097,아이폰Xs,iphoneXs,64|256|512,실버|골드|스페이스 그레이,0,0|0|0,0|0|0,0|0|0,#e4e4e2|#fadcc2|#262529,2018.09,70.9 x 143.6 x 7.7,5.8,14.7,177,2658,700만,"1,200만+1,200만 화소 (듀얼)",미지원,"A12로 업그레이드 50% 성능향상, 성능 향상 체감하고 싶다면 Xs로!",SKT:940500|KT:1562000|LG:1562000,
5,apple,apple,A2101,아이폰Xs Max,iphoneXs Max,64|256|512,실버|골드|스페이스 그레이,0,0|0|0,0|0|0,0|0|0,#e4e4e2|#fadcc2|#262529,2018.09,77.4 x 157.5 x 7.9,6.5,16.51,208,3174,700만,"1,200만+1,200만 화소 (듀얼)",미지원,"A12로 업그레이드 50% 성능향상, 성능 향상 및 시원한 화면을 체감하고 싶다면 Xs Max로!",SKT:990000|KT:990000|LG:1705000,
6,apple,apple,A2105,아이폰Xr,iphoneXr,64|128|256,블랙|화이트|블루|옐로|코럴|RED,0,0|0|0,0|0|0|0|0|0,0|0|0,#2e3034|#f3f3f3|#48aee6|#f9d045|#ff6e5a|#b41325,2018.09,75.7 x 150.9 x 8.3,6.1,15.49,194,2942,700만,"1,200만",미지원,"LCD로 번인걱정 없지만 넓은 베젤, 약간 부족한 해상도 하지만 아이폰X 시리즈 중 가장 저렴하고 다양한 색상 그리고 빵빵한 배터리",SKT:841500|KT:841500|LG:990000,
7,apple,apple,A1901,아이폰X,iphoneX,64|256,실버|스페이스 그레이,0,0|0,0|0,0|0|0,#e4e4e2|#262529,2017.11,70.9 x 143.6 x 7.7,5.8,14.7,174,2716,700만,"1,200만+1,200만 화소 (듀얼)",미지원,버튼 없는 노치 아이폰 초보자는 X로 먼저 시작해라! 40만원대면 아이폰 노치와 듀얼카메라를 경험 ,SKT:1155000|KT:847000|LG:1155000,
8,apple,apple,A1905,아이폰8,iphone8,64|128|256,실버|골드|스페이스 그레이|RED,0,0|0|0,0|0|0|0,0|0|0,#e4e4e2|#f7e8dd|#262529|#b41325,2017.09,67.3 x 138.4 x 7.3,4.7,11.93,148,1821,700만,"1,200만",미지원,"가벼운 무게, 높은 가성비, 아이폰SE2가 동일 디자인으로 나온다는 것이 중고시장에서 다시 주목 중!",SKT:781000|KT:847000|LG:1142900,
9,apple,apple,A1897,아이폰8 Plus,iphone8 Plus,64|128|256,실버|골드|스페이스 그레이|RED,0,0|0|0,0|0|0|0,0|0|0,#e4e4e2|#f7e8dd|#262529|#b41325,2017.09,78.1 x 158.4 x 7.5,5.5,13.9,202,2691,700만,"1,200만+1,200만 화소 (듀얼)",미지원,아이폰 홈버튼의 마지막 모델~ 골드 컬러가 핫함,SKT:1283700|KT:902000|LG:1283700,
10,apple,apple,A1778,아이폰7,iphone7,32|128|256,실버|골드|로즈골드|블랙|제트블랙|RED,0,0|0|0,0|0|0|0|0|0,0|0|0,#e4e4e2|#f7e8dd|#ecc6c1|#2e3034|#2e3034|#b41325,2016.1,67.1 x 138.3 x 7.1,4.7,11.93,138,1960,700만,"1,200만",미지원,이어폰단자가 사라진 아이폰 최초 모델.아이폰8과 성능면에서 차이가 없다. 무선충전이 필요없다면 8보다는 7,SKT:499400|KT:440000|LG:599500,
11,apple,apple,A1784,아이폰7 Plus,iphone7 Plus,32|128|256,실버|골드|로즈골드|블랙|제트블랙|RED,0,0|0|0,0|0|0|0|0|0,0|0|0,#e4e4e2|#f7e8dd|#ecc6c1|#2e3034|#2e3034|#b41325,2016.1,77.9 x 158.2 x 7.3,5.5,13.9,188,2900,700만,"1,200만+1,200만 화소 (듀얼)",미지원,이어폰단자가 사라진 아이폰 최초 모델.아이폰8플러스와 성능면에서 차이가 없다. 무선충전이 필요없다면 8 플러스보다는 7 플러스,SKT:821700|KT:699600|LG:858000,
12,apple,apple,A1723,아이폰SE,iphoneSE,16|32|64|128,실버|골드|로즈골드|스페이스 그레이,0,0|0|0|0,0|0|0|0,0|0|0,#e4e4e2|#f7e8dd|#ecc6c1|#262529,2016.05,58.6 x 123.8 x 7.6,4,10.1,113,1642,120만,"1,200만",미지원,"성능은 6s, 디자인은 5s, 4인치의 매력은 현재 진행형. 아직도 64기가 스페이스그레이,실버 컬러는 중고거래가 아직도 뜨겁다.",SKT:330000|KT:569800|LG:536800,
13,apple,apple,A1688,아이폰6s,iphone6s,16|32|64|128,실버|골드|로즈골드|스페이스 그레이,0,0|0|0|0,0|0|0|0,0|0|0,#e4e4e2|#f7e8dd|#ecc6c1|#b1b2b7,2015.1,67.1 x 138.3 x 7.1,4.7,11.93,143,1715,500만,"1,200만",미지원,아직까지 iOS 업데이트 지원범위에 있다는 것이 호재!!!! 여전히 사랑받고 있는 모델,SKT:999900|KT:699600|LG:612700,
14,apple,apple,A1687,아이폰6s Plus,iphone6s Plus,16|32|64|128,실버|골드|로즈골드|스페이스 그레이,0,0|0|0|0,0|0|0|0,0|0|0,#e4e4e2|#f7e8dd|#ecc6c1|#b1b2b7,2015.1,77.9 x 158.2 x 7.3,5.5,13.9,192,2750,500만,"1,200만",미지원,아이폰을 네비게이션 전용으로 사용하는 소비자로 인해 수요가 큼. 내구성은…바지 뒷포켓엔 넣치 마세요 ㅜ ,SKT:610500|KT:799700|LG:678700,
15,apple,apple,A1586,아이폰6,iphone6,16|64|128,실버|골드|스페이스 그레이,0,0|0|0,0|0|0,0|0|0,#e4e4e2|#f7e8dd|#b1b2b7,2014.1,67 x 138.1 x 6.9,4.7,11.93,129,1810,120만,800만,미지원,아이폰 커튼현상 게이트가 존재하는 한 6는 불안하다.  ,SKT:965800|KT:965800|LG:534600,
16,apple,apple,A1524,아이폰6 Plus,iphone6 Plus,16|64|128,실버|골드|스페이스 그레이,0,0|0|0,0|0|0,0|0|0,#e4e4e2|#f7e8dd|#b1b2b7,2014.1,77.9 x 158.2 x 7.3,5.5,13.9,172,2750,120만,800만,미지원,아이폰 커튼현상 게이트가 존재하는 한 6 플러스는 불안하다.  ,SKT:399300|KT:809600|LG:477400,
17,apple,apple,A1530,아이폰5s,iphone5s,16|32|64,실버|골드|스페이스 그레이,0,0|0|0,0|0|0,0|0|0,#e4e4e2|#f7e8dd|#b1b2b7,2013.1,58.6 x 123.8 x 7.6,4,10.1,112,1560,120만,800만,미지원,LG U+ 통신사는 안돼요~ 16기가 5s 아직도 거래가 된다는게 실화? ,SKT:946000|KT:550000,
18,apple,apple,A1532,아이폰5c,iphone5c,8|16|32,그린|화이트|블루|핑크|옐로우,0,0|0|0,0|0|0|0|0,0|0|0,#9dc761|#f3f3f5|#58bbe4|#ee756c|#f1dd60,2013.1,59.2 x 124.4 x 8.97,4,10.1,132,1510,120만,800만,미지원,LG U+ 통신사는 안돼요~애플의 첫 보급형 모델,SKT:396000|KT:396000,
19,apple,apple,A1428,아이폰5,iphone5,16|32|64,블랙|화이트,0,0|0|0,0|0,0|0|0,#2e3034|#f3f3f3,2012.12,58.6 x 123.8 x 7.6,4,10.1,112,1440,120만,800만,미지원,LG U+ 통신사는 안돼요~ 32기가는 중고거래 매물로 종종 나오는 모델~,SKT:484000|KT:484000,
20,apple,apple,A1387,아이폰4s,iphone4s,8|16|32|64,블랙|화이트,0,0|0|0|0,0|0,0|0|0,#2e3034|#f3f3f3,2011.11,58.6 x 115.2 x 9.3,3.54,9,140,1432,300만,800만,미지원,LG U+ 통신사는 안돼요~Apple 30핀 충전단자입니다. 장난으로 구매하진 마세요~ 아직도 신기하게 중고 매물이 있어요,SKT:484000|KT:484000,
21,apple,apple,A1332,아이폰4,iphone4,8|16|32,블랙|화이트,0,0|0|0,0|0,0|0|0,#2e3034|#f3f3f3,2011.03,58.6 x 115.2 x 9.3,3.54,9,137,1420,30만,500만,미지원,출시된지 6년 후인 2016년에 갑자기 20만원에 판매가 되어 언박싱 모델도 거래중. LG U+ 통신사는 안돼요~Apple 30핀 충전단자입니다. 장난으로 구매하진 마세요~ 아직도 중고 매물이 있어요~신기,SKT:814000|KT:484000,
22,samsung,a_series,SM-A908,갤럭시 A90 5G,Galaxy A90 5G,128,블랙|화이트,0,0,0|0,0|0|0,#000000|#FFFFFF,2019.09,76.4 x 164.8 x 8.4,6.7,17.02,206,4500,"3,200만","4,800만+800만+500만 (트리플)","2 TB, 512 GB",방수/방진과 무선충전이 안되는 것 치곤 A시리즈 치곤 비싼 출고가.   ,SKT:550000|KT:550000|LG:550000,
23,samsung,a_series,SM-A505,갤럭시 A50,Galaxy A50,64,블랙|화이트|코랄,0,0,0|0|0,0|0|0,#000000|#FFFFFF|#F2756D,2019.06,74.7 x 158.5 x 7.7,6.4,16.3,166,4000,"2,500만","2,500만+800만+500만 (트리플)","2 TB, 512 GB","넓은 화면, 디스프레이 지문인식, 삼성페이,USB-C타입지원은 Good, 무선충전이 안되는 것은 아쉬움, 학생이나 어르신에게 적합 모델",SKT:429000|KT:429000|LG:429000,
24,samsung,a_series,SM-A405,갤럭시 A40,Galaxy A40,64,블랙|화이트|코랄|블루,0,0,0|0|0|0,0|0|0,#000000|#FFFFFF|#F2756D|#0000ff,2019.07,69.2 x 144.4 x 7.9,5.9,14.99,140,3100,"2,500만","1,600만+500만 (듀얼)","2 TB, 512 GB",갤럭시 A30보다 상위 기기임에 불구하고 Always On Display를 지원하지 않는게 흠. 딱히 나쁘지도 좋은지도 않은 보급형,SKT:399300,
25,samsung,a_series,SM-A305,갤럭시 A30,Galaxy A30,32,블랙|화이트|레드,0,0,0|0|0,0|0|0,#000000|#FFFFFF|#fb0b0c,2019.05,74.7 x 158.5 x 7.7,6.4,16.3,165,4000,"1,600만","1,600만+500만 (듀얼)","2 TB, 256 GB",배터리용량은 큰데 연비가 좋치 않음. 통신비 지원 모델이라 그런지 중고 매물도 많음,SKT:349800|KT:349800|LG:349800,
26,samsung,samsung,SM-A205,갤럭시 와이드4,Galaxy Wide4,32,블랙|골드,0,0,0|0,0|0|0,#000000|#f1d977|,2019.05,74.7 x 158.4 x 7.8,6.4,16.3,169,4000,800만,"1,300만+500만 (듀얼)","2 TB, 512 GB","갤럭시 와이드4로 국내 출시된 모델, 삼성페이가 안되는 모델, 어르신에게 적합한 모델",SKT:209000,
27,samsung,a_series,SM-G887,갤럭시 A9 Pro,Galaxy A9 Pro,128,블랙|앱솔루트 블랙|블루,0,0,0|0|0,0|0|0,#000000|#000000|#0000ff,2019.01,74.9 x 158.4 x 7.4,6.4,16.3,173,3400,"2,400만","2,400만+1,000만+500만 (트리플)",128 GB,공시지원금 받고 개통된 제품이 중고매물로 올라와 있기 때문에 선택약정이 불가능하여 확정기변이 아닌 유심기변으로 사용해야 하는 매물이 많음. 이 점 유의하고 거래하세요.,SKT:449900|KT:449900|LG:449900,
28,samsung,a_series,SM-G885,갤럭시 A8 Star,Galaxy A8 Star,64,블랙|화이트,0,0,0|0,0|0|0,#000000|#FFFFFF,2018.07,77 x 162.4 x 7.6,6.3,16,191,3700,"2,400만","2,400만+1,600만 (듀얼)","2 TB, 400 GB","삼성페이 / 방수 빙진 미지원이 아쉬운 모델, 가성비 성능이 좋은 모델 ",SKT:499400,
29,samsung,a_series,SM-A920,갤럭시 A9 2018,Galaxy A9 2018,128,캐비어 블랙|버블검 핑크|레모네이드 블루,0,0,0|0|0,0|0|0,#000000|#FF00FF|#0000ff,2018.12,77 x 162.5 x 7.8,6.3,16,18.3,3800,"2,400만","2,400만+1,000만+800만+500만 (쿼드)","2 TB, 512 GB","4개의 갤럭시 최초 카메라, A시리즈에 카메라 기능은 놀랍지만 가격과 방수지원과 삼성페이 리더기 결제기능이 없는건 타격이 크다.",SKT:599500|KT:599500|LG:599500,
30,samsung,a_series,SM-A530,갤럭시 A8 2018,Galaxy A8 2018,32,블랙|그레이|블루|골드,0,0,0|0|0|0,0|0|0,#000000|#9292ee|#0000ff|#f1d977,2018.01,70.6 x 149.2 x 8.4,5.6,14.19,172,3000,"1,600만+800만 (듀얼)","1,600만","2 TB, 256 GB","갤럭시S8과 노트8를 베이스로 만든 A시리지 중 효율성이 좋은 모델, 후면이 아닌 전면이 듀얼 카메라 탑재(셀피 촬영시 라이브 포커스가 가능)",SKT:499400|KT:599500|LG:499400,
31,samsung,a_series,SM-A600,갤럭시 A6 2018,Galaxy A6 2018,32,블랙|라벤더|골드,0,0,0|0|0,0|0|0,#000000|#f1c232|#f1d977,2018.06,70.8 x 149.9 x 7.7,5.6,14.19,159,3000,"1,600만","1,600만","2 TB, 256 GB",A30 모델과 동일하게 효도폰으로 적합,SKT:346500|KT:346500|LG:346500,
32,samsung,a_series,SM-A750,갤럭시 A7 2018,Galaxy A7 2018,32|64,블랙|블루|골드,0,0,0|0|0,0|0|0,#000000|#0000ff|#f1d977,2018.1,76.8 x 159.8 x 7.5,6,15.24,168,3300,"2,400만","2,400만+800만+500만 (트리플)","2 TB, 512 GB",트리플 카메라와 준수한 기능들 USB-C타입이 아닌 마이크로 5핀 충전 단자는 왠지 아쉬움. 우측 측면에 지문인식 홈버튼이 있어서 기존 후면 지문 모델을 쓰신 분이라면 적응기간이 필요함. 중고 중저가폰에 준수함.,SKT:499400|KT:499400|LG:499400,
33,samsung,a_series,SM-A520,갤럭시 A5 2017,Galaxy A5 2017,32,블랙 스카이|블루 미스트|피치 클라우드,0,0,0|0|0,0|0|0,#000000|#f4cccc|#cfe2f3,2017.01,71.4 x 146.1 x 7.9,5.2,13.22,157,3000,"1,600만","1,600만","2 TB, 256 GB","전작보다 높아진 RAM(3GB), 넉넉해진 내장 메모리(32GB), 방수방진 A시리지 중 최초 지원(IP68), USB-C타입으로 바뀐 첫번째 A시리즈",SKT:297000|KT:297000|LG:297000,
34,samsung,a_series,SM-A810,갤럭시 A8 2016,Galaxy A8 2016,32,핑크|블루|실버,0,0,0|0|0,0|0|0,#d9c2c8|#c8ddea|#c7c8ca,2016.1,76.8 x 156.6 x 7.2,5.7,14.4,182,3300,800만,"1,600만","2 TB, 256 GB",갤럭시S6와 동급 성능! 자이로 센서가 없기 때문에 관련 기능 어플이나 기능은 사용 못함.,SKT:399300,
35,samsung,a_series,SM-A310,갤럭시 A3 2016,Galaxy A3 2016,16,블랙|핑크 골드|화이트|골드,0,0,0|0|0|0,0|0|0,#000000|#fad8d2|#ffffff|#f1d977,2106.03,65.2 x 134.5 x 7.3,4.7,11.93,132,2300,500만,"1,300만","2 TB, 256 GB",\N,SKT:352000|KT:352000|LG:352000,
36,samsung,a_series,SM-A510,갤럭시 A5 2016,Galaxy A5 2016,16,블랙|핑크 골드|화이트|골드,0,0,0|0|0|0,0|0|0,#000000|#fad8d2|#ffffff|#f1d977,2015.01,71 x 144.8 x 7.3,5.2,13.22,155,2900,500만,"1,300만","2 TB, 128 GB",\N,SKT:429000|KT:429000|LG:429000,
37,samsung,a_series,SM-A710,갤럭시 A7 2016,Galaxy A7 2016,16,블랙|핑크 골드|화이트|골드,0,0,0|0|0|0,0|0|0,#000000|#fad8d2|#ffffff|#f1d977,2016.01,74.1 x 151.5 x 7.3,5.5,13.9,172,3300,500만,"1,300만","2 TB, 128 GB",\N,SKT:528000|KT:528000|LG:528000,
38,samsung,a_series,SM-A800,갤럭시 A8,Galaxy A8,32,미드나잇 블랙|펄 화이트|샴페인 골드,0,0,0|0|0,0|0|0,#000000|#ffffff|#fedeb9,2015.07,76.8 x 158 x 5.9,5.7,14.4,151,3050,500만,"1,600만","2 TB, 128 GB",\N,SKT:399300,
39,samsung,a_series,SM-A500,갤럭시 A5,Galaxy A5,16,미드나잇 블랙|펄 화이트|샴페인 골드,0,0,0|0|0,0|0|0,#000000|#ffffff|#fedeb9,2015.01,69.7 x 139.3 x 6.7,5,12.7,123,2300,500만,"1,300만","2 TB, 64 GB",\N,SKT:399300|KT:58080|LG:399300,
40,samsung,a_series,SM-A300,갤럭시 A3,Galaxy A3,16,블랙|블루|골드,0,0,0|0|0,0|0|0,\N,2015.01,\N,\N,\N,\N,\N,\N,\N,\N,\N,SKT:352000|KT:352000|LG:352000,
41,samsung,a_series,SM-A700,갤럭시 A7,Galaxy A7,16,미드나잇 블랙|펄 화이트|샴페인 골드,0,0,0|0|0,0|0|0,#000000|#ffffff|#fedeb9,2015.01,76.2 x 151 x 6.3,5.5,13.9,150,2600,500만,"1,300만","2 TB, 64 GB",\N,SKT:499400|KT:58080|LG:499400,
42,samsung,a_series,SHW-M100,갤럭시 A,Galaxy A,8,블랙,0,0,0,0|0|0,\N,2010.04,\N,\N,\N,\N,\N,\N,\N,\N,\N,SKT:748000,
43,samsung,j_series,SM-J250,갤럭시 J2 Pro,Galaxy J2 Pro,16,블랙|골드,0,0,0|0,0|0|0,#000000|#dedaca,2015.01,69.7 x 139.3 x 6.7,5,12.7,123,2600,500만,800만,"2 TB, 256 GB",\N,SKT:199100|KT:199100|LG:199100,
44,samsung,j_series,SM-J330,갤럭시 J3 2017,Galaxy J3 2017,16,블랙|핑크|블루|골드,0,0,0|0|0|0,0|0|0,#000000|#d9c2c8|#aebdd2|#dedaca,2017.08,70.1 x 140.9 x 8.7,5,12.7,142,2400,500만,"1,300만","2 TB, 256 GB",\N,LG:244200,
45,samsung,j_series,SM-J530,갤럭시 J5 2017,Galaxy J5 2017,32,블랙|핑크|블루|골드,0,0,0|0|0|0,0|0|0,#000000|#d9c2c8|#aebdd2|#dedaca,2017.07,71.3 x 146.2 x 8,5.2,13.22,160,3000,"1,300만","1,300만","2 TB, 256 GB",\N,SKT:297000|KT:297000|LG:297000,
46,samsung,j_series,SM-J730,갤럭시 J7 2017,Galaxy J7 2017,32,블랙|골드,0,0,0|0,0|0|0,#000000|#dedaca,2017.07,74.8 x 152.5 x 8,5.5,13.9,181,3600,"1,300만","1,300만","2 TB, 128 GB",\N,KT:396000,
47,samsung,j_series,SM-J320,갤럭시 J3 2016,Galaxy J3 2016,8,블랙|화이트|골드,0,0,0|0|0,0|0|0,#000000|#FFFFFF|#dedaca,2017.08,70.1 x 140.9 x 8.7,5,12.7,142,2600,500만,800만,"2 TB, 256 GB",\N,SKT:231000|KT:231000|LG:231000,
48,samsung,j_series,SM-J710,갤럭시 J7 2016,Galaxy J7 2016,16,블랙|화이트|골드|핑크,0,0,0|0|0|0,0|0|0,#000000|#FFFFFF|#dedaca|#d9c2c8,2016.04,76 x 151.7 x 7.8,5.5,13.9,170,3300,500만,"1,300만","2 TB, 128 GB",\N,KT:363000,
49,samsung,j_series,SM-J510,갤럭시 J5 2016,Galaxy J5 2016,16,블랙|화이트|골드|핑크,0,0,0|0|0|0,0|0|0,#000000|#FFFFFF|#dedaca|#d9c2c8,2016.04,72.3 x 145.8 x 8.1,5.2,13.22,159,3100,500만,"1,300만","2 TB, 128 GB",\N,SKT:297000|KT:297000|LG:297000,
50,samsung,j_series,SM-J700,갤럭시 J7,Galaxy J7,16,블랙|화이트|골드,0,0,0|0|0,0|0|0,#000000|#FFFFFF|#dedaca,2015.11,79.1 x 152.2 x 7.9,5.5,13.9,171,3000,500만,"1,300만","2 TB, 128 GB",\N,KT:58080,
51,samsung,j_series,SM-J600,갤럭시 J6,Galaxy J6,32,블랙|퍼플|골드,0,0,0|0|0,0|0|0,#000000|#800080|#dedaca,2018.07,70.2 x 149.3 x 8.2,5.6,14.19,154,3000,800만,"1,300만","2 TB, 256 GB",\N,LG:330000,
52,samsung,j_series,SM-J500,갤럭시 J5,Galaxy J5,16,화이트,0,0,0,0|0|0,#FFFFFF,2015.07,73 x 142 x 8.5,5,12.7,149,2600,500만,"1,300만","2 TB, 128 GB",삼성 갤럭시 센스,SKT:264000,
53,samsung,j_series,SM-J415,갤럭시 J4 Plus,Galaxy J4 Plus,32,블랙|골드,0,0,0|0,0|0|0,#000000|#aa998b,2018.11,76.7 x 161.3 x 7.9,6,15.24,178,3300,500만,"1,300만","2 TB, 512 GB",\N,SKT:264000,
54,samsung,s_series,SM-G977,갤럭시S10 5G,GalaxyS10 5G,256|512,마제스틱 블랙|로얄 골드|크라운 실버,0,0|0,0|0|0,0|0|0,#000000|#f1d977|#c7c8ca,2019.03,77.1 x 162.6 x 7.9,6.7,17.02,198,4500,"1,000만","1,600만+1,200만+1,200만 (트리플)",미지원,\N,SKT:799700|KT:799700|LG:799700,
55,samsung,s_series,SM-G970,갤럭시S10e,GalaxyS10e,128,프리즘 블랙|프리즘 화이트|카나리아 옐로우,0,0,0|0|0,0|0|0,#000000|#FFFFFF|#42787a|#f9d251,2019.03,69.9 x 142.2 x 7.9,5.8,14.7,150,3100,"1,000만","1,600만+1,200만 (듀얼)","2 TB, 512 GB",\N,SKT:899800|KT:899800|LG:899800,
56,samsung,s_series,SM-G973,갤럭시S10,GalaxyS10,128|512,프리즘 블랙|프리즘 화이트|프리즘 그린|플라밍고 핑크,0,0|0,0|0|0|0,0|0|0,#000000|#FFFFFF|#42787a|#fd846e,2019.03,70.4 x 149.9 x 7.8,6.1,15.49,157,3400,"1,000만","1,600만+1,200만+1,200만 (트리플)","2 TB, 512 GB",\N,SKT:998800|KT:998800|LG:998800,
57,samsung,s_series,SM-G975,갤럭시S10 Plus,GalaxyS10 Plus,128|512|1T,프리즘 블랙|프리즘 화이트|세라믹 블랙|세라믹 화이트|플라밍고 핑크,0,0|0|0,0|0|0|0|0,0|0|0,#000000|#FFFFFF|#000000|#fcfbf9|#fd846e,2019.03,74.1 x 157.6 x 7.8,6.4,16.3,198,4100,"1,000만+800만 (듀얼)","1,600만+1,200만+1,200만 (트리플)","2 TB, 512 GB",\N,SKT:1196800|KT:1045000|LG:1397000,
58,samsung,s_series,SM-G960,갤럭시S9,GalaxyS9,64,미드나잇 블랙|코랄 블루|라일락 퍼플|버건디 레드|선라이즈 골드|폴라리스 블루,0,0,0|0|0|0|0|0,0|0|0,#000000|#4a86e8|#9900ff|#980000|#f1c232|#9fc5e8,2018.03,68.7 x 147.7 x 8.5,5.8,14.7,163,3000,800만,"1,200만","2 TB, 512 GB",\N,SKT:858000|KT:858000|LG:858000,
59,samsung,s_series,SM-G965,갤럭시S9 Plus,GalaxyS9 Plus,64|256,미드나잇 블랙|코랄 블루|라일락 퍼플|버건디 레드|선라이즈 골드,0,0|0,0|0|0|0|0,0|0|0,#000000|#4a86e8|#9900ff|#980000|#f1c232,2018.03,73.8 x 158.1 x 8.5,6.2,15.75,189,3500,800만,"1,200만+1,200만 (듀얼)","2 TB, 512 GB",\N,SKT:968000|KT:968000|LG:968000,
60,samsung,s_series,SM-G950,갤럭시S8,GalaxyS8,64,미드나잇 블랙|오키드 그레이|아크틱 실버|코랄 블루|메이플 골드,0,0,0|0|0|0|0,0|0|0,#000000|#b8b3c7|#cacdd4|#95b6e1|#dac9b9,2017.04,68.1 x 148.9 x 8,5.8,14.7,155,3000,800만,"1,200만","2 TB, 256 GB",\N,SKT:599500|KT:599500|LG:599500,
61,samsung,s_series,SM-G955,갤럭시S8 Plus,GalaxyS8 Plus,64|128,미드나잇 블랙|오키드 그레이|코랄 블루|메이플 골드,0,0|0|0,0|0|0|0,0|0|0,#000000|#b8b3c7|#95b6e1|#dac9b9,2017.04,73.4 x 159.5 x 8.1,5.8,14.7,173,3500,800만,"1,200만","2 TB, 256 GB",\N,SKT:899800|KT:899800|LG:899800,
62,samsung,s_series,SM-G930,갤럭시S7,GalaxyS7,32|64,블랙 오닉스|화이트 펄|골드 플래티넘|실버 티타늄,0,0|0,0|0|0|0,0|0|0,#000000|#FFFFFF|#dac9b9|#cacdd4,2016.03,69.6 x 142.4 x 7.9,5.1,13,152,3000,500만,"1,200만","2 TB, 256 GB",\N,SKT:699600|KT:495000|LG:699600,
63,samsung,s_series,SM-G935,갤럭시S7 Edge,GalaxyS7 Edge,32|64|128,블랙 오닉스|화이트 펄|골드 플래티넘|실버 티타늄,0,0|0|0,0|0|0|0,0|0|0,#000000|#FFFFFF|#dac9b9|#cacdd4,2016.12,72.6 x 150.9 x 7.7,5.5,13.9,157,3600,500만,"1,200만","2 TB, 256 GB",\N,SKT:755700 |KT:755700 |LG:755700,
64,samsung,s_series,SM-G928,갤럭시S6 Edge Plus,GalaxyS6 Edge Plus,32|64,블랙 사파이어|골드 플래티넘,0,0|0,0|0,0|0|0,#000000|#dac9b9,2015.08,75.8 x 154.4 x 6.9,5.7,14.4,153,3000,800만,"1,600만",미지원,\N,SKT:599500|KT:599500|LG:599500,
65,samsung,s_series,SM-G925,갤럭시S6 Edge,GalaxyS6 Edge,32|64|128,블랙 사파이어|화이트 펄|골드 플래티넘|그린 에메랄드,0,0|0|0,0|0|0|0,0|0|0,#000000|#FFFFFF|#dac9b9|#153127,2015.04,70.1 x 142.1 x 7,5.1,13,132,2600,500만,"1,600만",미지원,\N,SKT:735900|KT:735900|LG:735900,
66,samsung,s_series,SM-G920,갤럭시S6,GalaxyS6,32|64,블랙 사파이어|화이트 펄|골드 플래티넘|블루 토파즈,0,0|0,0|0|0|0,0|0|0,#000000|#FFFFFF|#dac9b9|#00BFFF,2015.04,70.5 x 143.4 x 6.8,5,13,138,2550,500만,"1,600만",미지원,\N,SKT:679800|KT:679800|LG:679800,
67,samsung,s_series,SM-G900,갤럭시S5,GalaxyS5,32,챠콜 블랙|시머리 화이트|일렉트릭 블루|코퍼 골드,0,0,0|0|0|0,0|0|0,#363b44|#FFFFFF|#4180ae|#826244,2014.03,72.5 x 142 x 8.1,5.1,13,145,2800,200만,"1,200만",최대 128 GB,\N,SKT:666600|KT:264000|LG:666600,
68,samsung,s_series,SM-G906,갤럭시S5 LTE-A,GalaxyS5 LTE-A,32,챠콜 블랙|시머리 화이트|일렉트릭 블루|코퍼 골드,0,0,0|0|0|0,0|0|0,#363b44|#FFFFFF|#4180ae|#826244,2014.06,72.5 x 142 x 8.1,5.1,13,145,2800,200만,"1,600만",최대 128 GB,\N,SKT:699600|KT:264000|LG:699600,
69,samsung,s_series,SHV-E300,갤럭시S4 ,GalaxyS4,16|32,블랙 미스트|화이트 프로스트,0,0|0,0|0,0|0|0,#000000|#FFFFFF,2013.04,69.8 x 136.6 x 7.9,5,12.7,130,2600,200만,"1,300만",최대 64GB,\N,SKT:550000|KT:550000|LG:550000,
70,samsung,s_series,SHV-E330,갤럭시S4 LTE-A,GalaxyS4 LTE-A,16|32,블랙 미스트|화이트 프로스트,0,0|0,0|0,0|0|0,#000000|#FFFFFF,2013.06,69.8 x 136.6 x 7.9,5,12.7,130,2600,200만,"1,300만",최대 64GB,\N,SKT:499400|KT:499400|LG:499400,
71,samsung,s_series,SHV-E470,갤럭시S4 Active,GalaxyS4 Active,32,그레이|화이트,0,0,0|0,0|0|0,#353535|#FFFFFF,2013.06,71.3 x 139.7 x 9.1,5,12.7,151,2600,200만,"1,300만",최대 64GB,\N,SKT:528000,
72,samsung,s_series,SM-C105,갤럭시S4 Zoom,GalaxyS4 Zoom,8|16,블랙 미스트|화이트 프로스트,0,0|0,0|0,0|0|0,#000000|#FFFFFF,2013.06,63.5 x 125.5 x 15.4,4.3,10.9,208,2330,190만,"1,600만",최대 64GB,\N,SKT:649000|KT:649000|LG:649000,
73,samsung,s_series,SHV-E370,갤럭시S4 Mini,GalaxyS4 Mini,8|16|32,블랙 미스트|화이트 프로스트,0,0|0|0,0|0,0|0|0,#000000|#FFFFFF,2013.06,61.3 x 124.6 x 8.94,4.3,10.9,107,1900,100만,800만,최대 64GB,\N,KT:256900,
74,samsung,s_series,SHV-E210,갤럭시S3 LTE,GalaxyS3 LTE,16|32,페블 블루|마블 화이트,0,0|0,0|0,0|0|0,#283C55|#FFFFFF,2012.07,70.6 x 136.6 x 8.6,4.8,12.1,138.5,2100,190만,800만,최대 64GB,\N,SKT:649000|KT:649000|LG:649000,
75,samsung,s_series,SHV-M440,갤럭시S3 3G,GalaxyS3 3G,16|32,페블 블루|마블 화이트,0,0|0,0|0,0|0|0,#283C55|#FFFFFF,2012.06,70.6 x 136.6 x 8.6,4.8,12.1,133,2100,190만,800만,최대 64GB,\N,SKT:649000|KT:649000|LG:649000,
76,samsung,s_series,SHW-M250,갤럭시S2 ,GalaxyS2,8|16|32,블랙|화이트,0,0|0|0,0|0,0|0|0,#000000|#FFFFFF,2011.04,66.1 x 125.3 x 8.5,4.3,10.9,121,1850,200만,800만,최대 64GB,\N,SKT:499400|KT:499400|LG:499400,
77,samsung,s_series,SHV-E120,갤럭시S2 HD LTE,GalaxyS2 HD LTE,16,블랙|화이트,0,0,0|0,0|0|0,#000000|#FFFFFF,2011.1,68.8 x 132.65 x 9.5,4.6,11.8,142,1850,200만,800만,최대 64GB,\N,\n,
78,samsung,s_series,SHV-E110,갤럭시S2 LTE,GalaxyS2 LTE,16,블랙|화이트,0,0,0|0,0|0|0,#000000|#FFFFFF,2011.09,68.8 x 129.8 x 9.49,4.5,11.4,135.5,1850,200만,800만,최대 64GB,\N,\n,
79,samsung,s_series,SHW-M110,갤럭시S,GalaxyS,16,블랙,0,0,0,0|0|0,#00000,2010.06,64.2 x 122.4 x 9.9,4,10.1,121,1500,30만,500만,최대 32GB,\N,\n,
80,samsung,s_series,SHW-M190,갤럭시S Hoppin,GalaxyS Hoppin,16,실버,0,0,0,0|0|0,#6C6C6E,2011.03,64 x 122.4 x 10.9,4,10.1,129,1500,30만,500만,최대 32GB,\N,\n,
81,samsung,samsung,SM-G720,갤럭시그랜드 맥스,GalaxyGrand Max,16,화이트,0,0,0,0|0|0,#FFFFFF,2015.01,74.8 x 146 x 7.95,5.25,13.3,163,2500,500만,800만,"2 TB, 64 GB",\N,SKT:319000|KT:316800|LG:319000,
82,samsung,samsung,SM-G710,갤럭시그랜드2,GalaxyGrand2,16,블랙|화이트,0,0,0|0,0|0|0,#000000|#FFFFFF,2014.03,75.3 x 146.8 x 8.95,5.25,13.3,163,2600,190만,800만,"2 TB, 64 GB",\N,SKT:200000|KT:374000|LG:374000,
83,samsung,samsung,SHV-E270,갤럭시그랜드,GalaxyGrand,8,화이트,0,0,0,0|0|0,#FFFFFF,2013.01,76.9 x 143.5 x 9.6,5,12.7,162,2000,190만,800만,"2 TB, 64 GB",\N,SKT:269500|KT:269500,
84,samsung,note_series,SM-N971,갤럭시노트10,GalaxyNote10,256,아우라 블랙|아우라 레드|아우라 핑크|아우라 글로우,0,0,0|0|0|0,0|0|0,"#000000|#ff4848|#fd846e|linear-gradient(to bottom, #ccbcc6 , #07b5cc)",2019.08,71.8 x 151 x 7.9,6.3,16,168,3500,"1,000만","1,600만+1,200만+1,200만 (트리플)",미지원,\N,SKT:1248500|KT:995500|LG:1248500,
85,samsung,note_series,SM-N976,갤럭시노트10 Plus,GalaxyNote10 Plus,256|512,아우라 블랙|아우라 화이트|아우라 블루|아우라 글로우,0,0|0,0|0|0|0,0|0|0,"#000000|#FFFFFF|#072676|linear-gradient(to bottom, #ccbcc6 , #07b5cc)",2019.08,77.2 x 162.33 x 7.9,6.8,17.2,196,4300,"1,000만","1,600만+1,200만+1,200만 (트리플)","2 TB, 1 TB",\N,SKT:1397000|KT:1144000|LG:1397000,
86,samsung,note_series,SM-N960,갤럭시노트9,GalaxyNote9,128|512,미드나잇 블랙|오션 블루|라벤더 퍼플|메탈릭 코퍼,0,0|0,0|0|0|0,0|0|0,#000000|#183168|#c19ebe|#d29880,2018.08,76.4 x 161.9 x 8.8,6.4,16.3,201,4000,800만,"1,200만+1,200만 (듀얼)","2 TB, 512 GB",\N,SKT:799700|KT:799700|LG:799700,
87,samsung,note_series,SM-N950,갤럭시노트8,GalaxyNote8,64|256,미드나잇 블랙|오키드 그레이|딥씨 블루|메이플 골드,0,0|0,0|0|0|0,0|0|0,#000000|#8f8b9c|#183168|#c4b69c,2017.09,74.8 x 162.5 x 8.6,6.3,16,195,3300,800만,"1,200만+1,200만 (듀얼)","2 TB, 256 GB",\N,SKT:1331000,
88,samsung,note_series,SM-N935,갤럭시노트FE,GalaxyNoteFE,64,블랙 오닉스|골드 플래티넘|실버 티타늄|블루 코랄,0,0,0|0|0|0,0|0|0,#000000|#dedaca|#cacdd4|#dedaca,2016.08,73.9 x 153.5 x 7.9,5.7,14.4,169,3200,500만,"1,200만","2 TB, 256 GB",\N,SKT:699600|KT:699600|LG:699600,
89,samsung,note_series,SM-N930,갤럭시노트7,GalaxyNote7,64,블랙|블루|골드|실버,0,0,0|0|0|0,0|0|0,\N,2016.08,\N,\N,\N,\N,\N,\N,\N,\N,\N,SKT:988900|KT:988900|LG:988900,
90,samsung,note_series,SM-N920,갤럭시노트5,GalaxyNote5,32|64|128,블랙|화이트|골드|실버,0,0|0|0,0|0|0|0,0|0|0,#000000|#ffffff|#f1d977|#e8e8e8,2015.08,76.1 x 153.2 x 7.6,5.7,14.4,171,3000,500만,"1,600만",미지원,\N,SKT:699600|KT:821700|LG:821700,
91,samsung,note_series,SM-N910,갤럭시노트4,GalaxyNote4,32,챠콜 블랙|프로스트 화이트|브론즈 골드|블로섭 핑크,0,0,0|0|0|0,0|0|0,#6b6e75|#FFFFFF|#aa998b|#d4bbc1,2014.09,78.6 x 153.5 x 8.5,5.7,14.4,176,3220,370만,"1,600만","2 TB, 128 GB",\N,SKT:799700|KT:316800|LG:799700,
92,samsung,note_series,SM-N916,갤럭시노트4 S-LTE,GalaxyNote4 S-LTE,32,챠콜 블랙|프로스트 화이트|실버|블로섭 핑크,0,0,0|0|0|0,0|0|0,#6b6e75|#FFFFFF|#d5a6bd|#d4bbc1,2014.12,78.6 x 153.5 x 8.5,5.7,14.4,176,3220,370만,"1,600만","2 TB, 128 GB",\N,SKT:799700,
93,samsung,note_series,SM-N915,갤럭시노트4 Edge,GalaxyNote4 Edge,32|64,챠콜 블랙|프로스트 화이트,0,0|0,0|0,0|0|0,#6b6e75|#FFFFFF,2014.1,82.4 x 151.3 x 8.3,5.6,14.19,174,3000,370만,"1,600만","2 TB, 128 GB",\N,SKT:699600|KT:699600|LG:699600,
94,samsung,note_series,SM-N900,갤럭시노트3,GalaxyNote3,32,제트블랙|클래식 화이트|블러쉬 핑크,0,0,0|0|0,0|0|0,#2B2D2E|#FFFFFF|#d4bbc1,2013.09,79.2 x 151.2 x 8.3,5.7,14.4,168,3200,200만,"1,300만","2 TB, 64 GB",\N,SKT:880000|KT:880000|LG:880000,
95,samsung,note_series,SM-N750,갤럭시노트3 Neo,GalaxyNote3 Neo,16,제트블랙|클래식 화이트|민트 레몬,0,0,0|0|0,0|0|0,#2B2D2E|#FFFFFF|#A3C6AA,2014.03,77.4 x 148.4 x 8.6,5.7,14.4,162,3200,200만,"1,300만",최대 64GB,\N,SKT:599500|KT:599500|LG:599500,
96,samsung,note_series,SHV-E250,갤럭시노트2,GalaxyNote2,16|32|64,티타늄 그레이|마블 화이트,0,0|0|0,0|0,0|0|0,#6b6e75|#FFFFFF,2012.09,80.5 x 151.1 x 9.4,5.55,14,180,3100,190만,800만,최대 64GB,\N,SKT:847000|KT:847000|LG:847000,
97,samsung,note_series,SHV-E160,갤럭시노트,GalaxyNote,16|32,카본 블랙|세라믹 화이트|베리 핑크,0,0|0,0|0|0,0|0|0,#1f262f|#ffffff|#c22352,2011.11,83 x 146.9 x 9.7,5.29,13.43,178,2500,200만,800만,최대 64GB,\N,\n,
98,samsung,samsung_folder,SM-G160,갤럭시폴더2,GalaxyFolder2,16|32,블랙|레드,0,0|0,0|0,0|0|0,#000000|#980000,2017.06,60.2 x 122 x 15.4,3.8,9.6,160,1950,500만,800만,미지원,\N,SKT:253000|KT:253000|LG:253000,
99,samsung,samsung,SM-G610,갤럭시 온7 2016,Galaxy On7 2016,16,블랙|골드,0,0,0|0,0|0|0,#000000|#f1d978,2016.11,75 x 151.7 x 8,5.5,13.9,167,3300,800만,"1,300만","2 TB, 64 GB",\N,SKT:344300,
100,samsung,samsung,SM-G600,갤럭시와이드,GalaxyWide,16,블랙|화이트|골드,0,0,0|0|0,0|0|0,#000000|#FFFFFF|#f1d978,2016.07,77.5 x 151.8 x 8.2,5.5,13.9,172,3500,500만,"1,300만","2 TB, 128 GB",\N,SKT:297000,
101,samsung,samsung,SM-J737,갤럭시와이드3,GalaxyWide3,32,블랙|블루 실버,0,0,0|0,0|0|0,#000000|#AEBDD2,2018.05,76.2 x 153.3 x 8.7,5.5,13.9,180,3300,"1,300만","1,300만","2 TB, 400 GB",\N,SKT:297000,
102,samsung,samsung,SM-G850,갤럭시알파,GalaxyAlpha,32,챠콜 블랙|다즐링 화이트|프로스티드 골드|슬릭 실버|스쿠버 블루,0,0,0|0|0|0|0,0|0|0,#6b6e75|#ffffff|#aa998b|#cacdd4|#57abde,2014.09,65.5 x 132.4 x 6.7,4.7,11.93,115,1860,210만,"1,200만",미지원,\N,SKT:528000|KT:58080|LG:495000,
103,samsung,samsung,SHW-M585,갤럭시코어,GalaxyCore,8,페블 블루|마블 화이트,0,0,0|0,0|0|0,#283C55|#FFFFFF,2014.07,67.6 x 129.3 x 8.95,4.3,10.9,124,1800,30만,500만,최대 64GB,\N,KT:176000,
104,samsung,samsung,SHW-M580,갤럭시코어 Safe,GalaxyCore Safe,8,페블 블루|마블 화이트,0,0,0|0,0|0|0,#283C55|#FFFFFF,2014.03,67.6 x 129.3 x 8.95,4.3,10.9,124,1800,30만,500만,최대 64GB,\N,\n,
105,samsung,samsung,SHW-M570,갤럭시코어 Advance,GalaxyCore Advance,8,블랙,0,0,0,0|0|0,#000000,2014.02,70.5 x 133.3 x 9.7,4.7,11.93,145,2000,50만,500만,최대 64GB,\N,SKT:269500,
106,samsung,samsung,SM-T255,갤럭시W,GalaxyW,16,블랙|화이트|레드,0,0,0|0|0,0|0|0,#000000|#FFFFFF|#553139,2014.06,99.6 x 191.8 x 8.8,7,17.78,245,3200,200만,800만,최대 64GB,\N,SKT:319000,
107,samsung,samsung,SM-C115,갤럭시줌2,GalaxyZoom2,8|16,챠콜 블랙|시머리 화이트|일렉트릭 블루,0,0|0,0|0|0,0|0|0,#6b6e75|#ffffff|#aa998b|#57abde,2014.05,70.8 x 137.5 x 16.6,4.8,12.1,200,2430,200만,"2,070만",최대 64GB,\N,SKT:297000,
108,samsung,samsung,SHV-E500,갤럭시윈,GalaxyWin,8,화이트,0,0,0,0|0|0,#FFFFFF,2013.11,70.7 x 133.3 x 9.7,4.6,11.8,152,2000,30만,500만,최대 64GB,\N,SKT:297000|LG:297000,
109,samsung,samsung,SM-G910,갤럭시라운드,GalaxyRound,32,럭셔리 브라운,0,0,0,0|0|0,#312D2C,2013.1,79.6 x 151.1 x 7.9,5.7,14.8,154,2800,200만,1200만,최대 64GB,\N,SKT:759000,
110,samsung,samsung,SHV-E400,갤럭시골든,GalaxyGolden,16,샴페인 골드,0,0,0,0|0|0,#fedeb9,2013.08,59.5 x 118 x 15.8,3.7,9.3,179,1820,190만,800만,최대 64GB,\N,SKT:799700|KT:799700,
111,samsung,samsung,SHV-E310,갤럭시메가 6.3,GalaxyMega 6.3,16,블랙,0,0,0,0|0|0,#000000,2013.06,88 x 167.6 x 8,6.3,16,199,3200,160만,800만,"2 TB, 64 GB",\N,SKT:799700|KT:799700|LG:799700,
112,samsung,samsung,SHV-E220,갤럭시팝,GalaxyPop,8|16,스틸 그레이|크리스탈 화이트|페스티벌 오렌지,0,0|0,0|0|0,0|0|0,#6b6e75|#ffffff|#E0431A,2013.01,68.1 x 134.2 x 9.05,4.6,11.8,134,2000,100만,800만,최대 64GB,\N,SKT:319000,
113,samsung,samsung,SHV-E170,갤럭시R style,GalaxyR style,16,화이트,0,0,0,0|0|0,#FFFFFF,2012.06,66 x 125 x 9.5,4.3,10.9,127,1650,130만,500만,최대 64GB,\N,\n,
114,samsung,samsung,SHW-M340,갤럭시M style,GalaxyM style,4,블루 블랙|플래티넘 실버,0,0,0|0,0|0|0,#6b6e75|#ffffff,2012.01,63 x 122.5 x 9.99,4,10.1,123.5,1650,30만,300만,최대 32GB,\N,\n,
115,samsung,samsung,SHW-M240,갤럭시에이스,GalaxyAce,0.5,화이트,0,0,0,0|0|0,#FFFFFF,2011.01,59.9 x 112.4 x 11.5,3.5,8.89,114,1350,\N,500만,최대 32GB,\N,\n,
116,samsung,samsung,SHW-M130,갤럭시U,GalaxyU,8,블랙|화이트,0,0,0|0,0|0|0,#000000|#FFFFFF,2010.08,59.6 x 119.5 x 12.4,3.7,9.3,131,1500,30만,500만,최대 32GB,\N,\n,
117,samsung,samsung,SM-A202,갤럭시진2,GalaxyJean2,32,블랙|화이트,0,0,0|0,0|0|0,#000000|#FFFFFF,2019.06,69.7 x 147.4 x 8.4,5.8,14.7,141,3000,800민,"1,300만+500만 (듀얼)","2 TB, 512 GB",\N,\n,
118,samsung,samsung,SM-J415-KA,카카오 리틀프렌즈 폰2,kakao LittleFriends Phone2,32,블랙,0,0,0,0|0|0,\N,2018.11,76.7 x 161.3 x 7.9,6,15.24,178,3300,500만,"1,300만","2 TB, 512 GB",\N,\n,
119,samsung,samsung,SM-G611,갤럭시 온7 프라임,Galaxy On7 Prime,32,블랙|골드,0,0,0|0,0|0|0,#000000|#f1d978,2018.02,75 x 151.7 x 8.1,5.5,13.9,166,3300,"1,300만","1,300만","2 TB, 256 GB",\N,SKT:344300|KT:344300|LG:344300,
121,samsung,samsung_folder,SM-B510,삼성 마스터폰 ,Samsung MasterPhone KT 3G,0.25,실버,0,0,0,0|0|0,#cccccc,2014.05,57.5 x 112.5 x 14.8,3,7.6,119,1000,30만,300만,"2 TB, 16 GB",\N,SKT:242000,
122,samsung,samsung_folder,SM-B510,삼성 마스터폰 SKT 3G,Samsung MasterPhone SKT 3G,0.25,실버,0,0,0,0|0|0,\N,2014.05,57.5 x 112.5 x 14.8,3,7.6,119,1000,30만,300만,"2 TB, 16 GB",\N,SKT:242000,
123,samsung,samsung_folder,SM-B510,삼성 마스터폰 LG 3G,Samsung MasterPhone LG 3G,0.25,실버,0,0,0,0|0|0,\N,2014.05,57.5 x 112.5 x 14.8,3,7.6,119,1000,30만,300만,"2 TB, 16 GB",\N,SKT:242000,
124,lg,lg,LG-F370,F70,F70,4|8,블랙|화이트,0,0|0,0|0,0|0|0,#000000|#FFFFFF,2014.05,66.4 x 127.5 x 9.95,4.5,11.4,129.6,2440,30만,500만,최대 32GB,\N,SKT:259600|KT:198000|LG:259600,
125,lg,g_series,LM-G820,G8 ThinQ,G8 ThinQ,128,뉴 오로라 블랙|뉴 모로칸 블루|카민 레드,0,0,0|0|0,0|0|0,#000000|#003153|#6F1111,2019.03,71.8 x 151.9 x 8.4,6.1,15.49,167,3500,800만,"1,600만+1,200만+1,200만 (트리플)",2 TB,\N,SKT:897600|KT:897600|LG:897600,
126,lg,g_series,LM-G710,G7 ThinQ,G7 ThinQ,64,뉴 오로라 블랙|뉴 모로칸 블루|라즈베리 로즈,0,0,0|0|0,0|0|0,#000000|#003153|#C23352,2018.05,71.9 x 153.2 x 7.9,6.1,15.49,162,3000,800만,"1,600만+1,600만 (듀얼)",2 TB,\N,SKT:898700|KT:898700|LG:898700,
127,lg,g_series,LM-G710P,G7 ThinQ Plus,G7 ThinQ Plus,128,뉴 오로라 블랙|뉴 모로칸 블루|라즈베리 로즈,0,0,0|0|0,0|0|0,#000000|#003153|#C23352,2018.05,71.9 x 153.2 x 7.9,6.1,15.49,162,3000,800만,"1,600만+1,600만 (듀얼)",2 TB,\N,SKT:898700|KT:898700|LG:898700,
128,lg,g_series,LGM-G600,G6 ThinQ,G6 ThinQ,32|64,아스트로 블랙|미스틱 화이트|아이스 플래티넘|테라 골드|마린 블루|라벤더 바이올렛|라즈베리 로즈,0,0|0,0|0|0|0|0|0|0,0|0|0,#000000|#FFFFFF|#7f899a|#aa8a80|#7695bd|#d8bfd8|#c23352,2017.03,71.9 x 148.9 x 7.9,5.7,14.4,163,3300,500만,"1,300만+1,300만 (듀얼)",2 TB,\N,SKT:819500|KT:819500|LG:819500,
129,lg,g_series,LGM-G600P,G6 ThinQ Plus,G6 ThinQ Plus,128,옵티컬 아스트로 블랙|옵티컬 테라 골드|옵티컬 마린 블루,0,0,0|0|0,0|0|0,#000000|#aa8a80|#7695bd,2017.06,71.9 x 148.9 x 7.9,5.7,14.4,163,3300,500만,"1,300만+1,300만 (듀얼)",2 TB,\N,SKT:957000|KT:957000|LG:957000,
130,lg,g_series,LG-F700,G5,G5,32,티탄|골드|실버|핑크,0,0,0|0|0|0,0|0|0,#353535|#c2baa7|#c0c0c0|#d4bbc1,2016.03,73.9 x 149.4 x 7.7,5.3,13.4,159,2800,800만,"1,600만",2 TB,\N,SKT:699600|KT:699600|LG:699600,
131,lg,g_series,LG-F500,G4,G4,32,메탈릭 그레이|세라믹 화이트|골드,0,0,0|0|0,0|0|0,#353535|#ffffff|#aa998b,2015.04,76.1 x 148.9 x 6.3,5.5,13.9,155,3000,800만,"1,600만",2 TB,\N,SKT:599500|KT:154000|LG:599500,
132,lg,g_series,LG-F400,G3,G3,16|32,메탈릭 블랙|실크 화이트|샤인 골드|문 바이올렛|버건디 레드,0,0|0,0|0|0|0|0,0|0|0,#353535|#ffffff|#aa998b|#4b0082|#c71585,2014.05,74.6 x 146.3 x 8.9,5.5,13.9,151,3000,210만,"1,300만","2 TB, 128 GB",\N,SKT:499400|KT:58080|LG:499400,
133,lg,g_series,LG-F410,G3 A,G3 A,32,티탄|화이트,0,0,0|0,0|0|0,#353535|#ffffff,2014.08,71.6 x 141 x 9.8,5.2,13.22,146.8,2610,210만,"1,300만","2 TB, 64 GB",\N,SKT:451000,
134,lg,g_series,LG-F470,G3 Beat,G3 Beat,8,메탈릭 블랙|실크 화이트|샤인 골드,0,0,0|0|0,0|0|0,#353535|#ffffff|#aa998b,2014.07,74.6 x 146.3 x 8.9,5.2,13.22,134,2610,210만,"1,300만",최대 32GB,\N,SKT:352000|KT:99000|LG:352000,
135,lg,g_series,LG-F490,G3 Screen,G3 Screen,32,블랙|화이트,0,0,0|0,0|0|0,#000000|#FFFFFF,2014.1,81.8 x 157.8 x 9.5,5.2,13.22,182,3000,210만,"1,300만",최대 2TB,\N,LG:154000,
136,lg,g_series,LG-F460,G3.Cat6,G3.Cat6,16|32,메탈릭 블랙|실크 화이트|샤인 골드,0,0|0,0|0|0,0|0|0,#353535|#ffffff|#aa998b,2014.07,74.6 x 146.3 x 8.9,5.5,13.9,154,3000,210만,"1,300만","2 TB, 128 GB",\N,SKT:550000|KT:550000|LG:550000,
137,lg,g_series,LG-F320,G2,G2,32,블랙|화이트,0,0,0|0,0|0|0,#000000|#FFFFFF,2013.08,70.9 x 138.5 x 8.9,5.2,13.22,143,2610,210만,"1,300만","2 TB, 64 GB",\N,SKT:616000|KT:616000|LG:616000,
138,lg,g_series,LG-F350,G Pro2,G Pro2,32,티탄|화이트|실버,0,0,0|0|0,0|0|0,#353535|#ffffff|#c0c0c0,2014.02,81.9 x 157.9 x 8.3,5.9,14.99,172,3200,210만,"1,300만","2 TB, 64 GB",\N,\n,
139,lg,g_series,LG-F430,Gx2,Gx2,8,티탄 블랙|화이트,0,0,0|0,0|0|0,#000000|#FFFFFF,2014.08,79.2 x 152.1 x 9.1,5.7,14.4,168,3200,130만,800만,최대 64GB,\N,\n,
140,lg,g_series,LG-F310,Gx,Gx,32,블랙|화이트,0,0,0|0,0|0|0,#000000|#FFFFFF,2013.12,76.1 x 150.6 x 9.2,5.5,13.9,167,3140,210만,"1,300만",최대 64GB,\N,\n,
141,lg,g_series,LG-F510,G Flex2,G Flex2,16|32|64,플래티넘 실버|플라멩코 레드,0,0|0|0,0|0,0|0|0,#000000|#CE0000,2015.01,75.3 x 149.1 x 7.1,5.5,13.9,152,3000,210만,"1,300만",2 TB,\N,SKT:899800|KT:99000|LG:899800,
142,lg,g_series,LG-F340,G Flex,G Flex,32,티탄 실버,0,0,0,0|0|0,#000000,2013.11,81.6 x 160.5 x 7.9,5.5,13.9,177,3500,210만,"1,300만",미지원,\N,SKT:799700|KT:233200|LG:799700,
143,lg,lg,LG-Q720CS,Stylo 5,Stylo 5,32,그레이|로즈,0,0,0|0,0|0|0,\N,국내미출시,\N,\N,\N,\N,\N,\N,\N,\N,\N,\n,
144,lg,lg,LG-Q720AM,Stylo 5 Plus,Stylo 5 Plus,32,블랙,0,0,0,0|0|0,\N,국내미출시,\N,\N,\N,\N,\N,\N,\N,\N,\N,\n,
145,lg,lg,LG-MP450,Stylus 3,Stylus 3,16,티탄|핑크|골드,0,0,0|0|0,0|0|0,\N,국내미출시,\N,\N,\N,\N,\N,\N,\N,\N,\N,\n,
146,lg,lg,LG-F720,Stylus 2,Stylus 2,16,티탄|화이트,0,0,0|0,0|0|0,#353535|#ffffff,2016.03,79.6 x 155 x 7.4,5.7,14.4,145,3000,800만,"1,300만",2 TB,\N,\n,
147,lg,lg,LG-F560,G 스타일로,G Stylo,8,티탄|화이트,0,0,0|0,0|0|0,#353535|#ffffff,2015.04,79.2 x 154.3 x 9.6,5.7,14.4,163,3000,500만,800만,2 TB,\N,\n,
148,lg,lg,LG-D690,G3 Stylus,G3 Stylus,8,블랙|화이트|골드,0,0,0|0|0,0|0|0,\N,2014.08,75.9 x 149.3 x 10.2,5.5,13.9,163,3000,\N,"1,300만",2 TB,\N,\n,
149,lg,k_series,LG-F670,K10,K10,8|16,인디고 블랙|화이트,0,0|0,0|0,0|0|0,#28303D|#ffffff,2016.01,74.8 x 146.6 x 8.8,5.3,13.4,140,2300,500만,"1,300만","2 TB, 128 GB",\N,SKT:275000|KT:275000|LG:275000,
150,lg,lg,LG-F820,U폰,U phone,32,블랙|화이트|핑크,0,0,0|0|0,0|0|0,#000000|#FFFFFF|#D8C6C6,2016.1,73.2 x 147.5 x 6.9,5.2,13.22,135,3000,800만,"1,300만",2 TB,\N,\n,
151,lg,lg,LG-F620,클래스,LG CLASS,16,블루 블랙|골드|실버,0,0,0|0|0,0|0|0,#334050|#c2baa7|#c0c0c0,2015.09,71.8 x 142 x 7.4,5,12.7,147,2050,800만,"1,300만",2 TB,\N,\n,
152,lg,lg,LG-F540,볼트,LG Volt,8,티탄|화이트|골드,0,0,0|0|0,0|0|0,#353535|#ffffff|#c2baa7,2015.04,66.1 x 133.3 x 9.9,4.7,11.93,119,2100,100만,800만,최대 32GB,\N,SKT:257400|LG:297000,
153,lg,lg,LG-F520,아카,LG AKA,16,우키(화이트)|에기(옐로우)|소울(네이비)|요요(핑크),0,0,0|0|0|0,0|0|0,#ffffff|#F8D000|#242834|#E94F75,2014.11,71.9 x 138.7 x 9.9,5,12.7,135.5,2540,210만,800만,최대 32GB,\N,\n,
154,lg,q_series,LM-Q925,Q9,Q9,64,뉴 오로라 블랙|뉴 플래티넘 그레이,0,0,0|0,0|0|0,#181D30|#7C7B81,2019.01,71.9 x 153.2 x 7.9,6.1,15.49,159,3000,800만,"1,600만",2 TB,\N,SKT:499400|KT:499400|LG:499400,
155,lg,q_series,LM-Q927,Q9 One,Q9 One,64,뉴 오로라 블랙|뉴 플래티넘 블루,0,0,0|0,0|0|0,#181D30|#003153,2019.02,71.9 x 153.2 x 7.9,6.1,15.49,156,3000,800만,"1,600만",2 TB,\N,LG:399300,
156,lg,q_series,LM-Q815,Q8 2018,Q8 2018,32,오로라 블랙|모로칸 블루,0,0,0|0,0|0|0,#000000|#003153,2018.08,77.7 x 160.1 x 8.4,6.2,15.75,172,3300,500만,"1,600만",2 TB,\N,SKT:539000|KT:539000|LG:539000,
157,lg,q_series,LGM-X800,Q8,Q Stylus Plus,32,오로라 블랙|모로칸 블루,0,0,0|0,0|0|0,#000000|#003153,2017.08,71.9 x 149 x 8,5.2,13.22,146,3000,500만,"1,600만+800만 (듀얼)",2 TB,\N,LG:616000,
158,lg,q_series,LMQ710,Q Stylus,Q Stylus,32,블랙,0,0,0,0|0|0,\N,2018.08,77.8 x 160.2 x 8.4,6.2,15.75,172,\N,500만,"1,600만",2 TB,\N,\n,
159,lg,q_series,LMQ710HS,Q Stylus Alpha,Q Stylus Alpha,32,블랙|블루,0,0,0|0,0|0|0,\N,\N,77.8 x 160.2 x 8.4,6.2,15.75,172,3300,500만,"1,300만",2 TB,\N,\n,
160,lg,q_series,LM-Q720,Q7,Q7,32,오로라 블랙|모로칸 블루|라벤더 바이올렛,0,0,0|0|0,0|0|0,#000000|#003153|#D88FD8,2018.06,69.3 x 143.8 x 8.4,5.5,13.9,145,3000,500만,"1,300만",2 TB,\N,SKT:419100|KT:419100|LG:419100,
161,lg,q_series,LM-Q725,Q7 Plus,Q7 Plus,64,모로칸 블루,0,0,0,0|0|0,#003153,2018.06,69.3 x 143.8 x 8.4,5.5,13.9,145,3000,500만,"1,600만",2 TB,\N,SKT:517000|KT:517000|LG:517000,
162,lg,q_series,LG-X600,Q6,Q6,32,아스트로 블랙|미스틱 화이트|아이스 플래티넘,0,0,0|0|0,0|0|0,#000000|#FFFFFF|#7f899a,2017.08,69.3 x 142.5 x 8.1,5.5,13.9,149,3000,500만,"1,300만",2 TB,\N,SKT:419100|KT:419100|LG:419100,
163,lg,q_series,LGM-X600,Q6 Plus,Q6 Plus,64,마린 블루,0,0,0,0|0|0,#003153,2017.08,69.3 x 142.5 x 8.1,5.5,13.9,149,3000,500만,"1,300만",2 TB,\N,SKT:484000|KT:484000|LG:484000,
164,lg,v_series,LM-V500,V50 ThinQ,V50 ThinQ,128,아스트로 블랙,0,0,0,0|0|0,#000000,2019.05,76.1 x 159.2 x 8.3,6.4,16.3,183,4000,800만+500만 (듀얼),"1,600만+1,200만+1,200만 (트리플)",2 TB,\N,SKT:999900|KT:899800|LG:750200,
165,lg,v_series,LM-V510,V50s ThinQ,V50s ThinQ,256,오로라 블랙,0,0,0,0|0|0,#000000,2019.1,75.8 x 159.3 x 8.4,6.4,16.3,192,4000,"3,200만","1,600만+1,200만 (듀얼)",2 TB,\N,SKT:999900|KT:999900|LG:999900,
166,lg,v_series,LM-V409,V40 ThinQ,V40 ThinQ,128,뉴 플래티넘 그레이|뉴 모로칸 블루|카민 레드,0,0,0|0|0,0|0|0,#7C7B81|#003153|#CE0000,2018.1,75.8 x 158.7 x 7.7,6.4,16.3,169,3300,800만+500만 (듀얼),"1,600만+1,200만+1,200만 (트리플)",2 TB,\N,SKT:1049400|KT:1049400|LG:1049400,
167,lg,v_series,LM-V350,V35,V35,64,뉴 오로라 블랙,0,0,0,0|0|0,#000000,2018.07,75.4 x 151.7 x 7.3,6,15.24,157,3300,800만,"1,600만+1,200만 (듀얼)",2 TB,\N,SKT:1048300|KT:1048300|LG:1048300,
168,lg,v_series,LGM-V300S,V30s ThinQ,V30s ThinQ,128|256,뉴 플래티넘 그레이,0,0|0,0,0|0|0,#7C7B81,2018.03,75.4 x 151.7 x 7.3,6,15.24,157,3300,500만,"1,600만+1,300만 (듀얼)",2 TB,\N,SKT:849200,
169,lg,v_series,LGM-V300,V30,V30,64|128,오로라 블랙|모로칸 블루|라벤더 바이올렛|클라우드 실버,0,0|0,0|0|0|0,0|0|0,#000000|#003153|#D88FD8|#d3d3d3,2017.09,75.4 x 151.7 x 7.3,6,15.24,157,3300,500만,"1,600만+1,300만 (듀얼)","2 TB, 256 GB",\N,SKT:948200|KT:948200|LG:948200,
170,lg,v_series,LG-F800,V20,V20,64,티탄|실버|핑크,0,0,0|0|0,0|0|0,#c0c0c0|#353535|#e5c5ca,2016.09,78.1 x 159.7 x 7.6,5.7,14.4,174,3200,500만,"1,600만+800만 (듀얼)",2 TB,\N,SKT:899800|KT:899800|LG:899800,
171,lg,v_series,LG-F600,V10,V10,64,럭스 화이트|오션 블루|모던 베이지|오팔 블루|스페이스 블랙,0,0,0|0|0|0|0,0|0|0,#e3e2dd|#2c2b3b|#c3bbb9|#91a8b0|#202022,2015.1,79.3 x 159.6 x 8.6,5.7,14.4,192,3000,500만,"1,600만",2 TB,세컨드 스크린,SKT:599500|KT:599500|LG:599500,
172,lg,x_series,LM-X510,X5 2018,X5 2018,32,모로칸 블루,0,0,0,0|0|0,#003153,2018.06,78.1 x 154.7 x 8.9,5.5,13.9,171,4500,500만,"1,300만",2 TB,\N,SKT:363000|KT:363000|LG:363000,
173,lg,x_series,LM-X410,X4,X4,16,블랙|골드,0,0,0|0,0|0|0,#000000|#c2baa7,2018.05,75.1 x 148.6 x 8.6,5.3,13.4,172.3,3000,500만,800만,2 TB,\N,SKT:297000|KT:297000|LG:297000,
174,lg,x_series,LM-X415,X4 Plus,X4 Plus,32,모로칸 블루|라벤더 바이올렛,0,0,0|0,0|0|0,#003153|#D88FD8,2018.02,75.1 x 148.6 x 8.6,5.3,13.4,172.3,3000,500만,"1,300만",2 TB,\N,SKT:349800|KT:349800|LG:349800,
175,lg,x_series,LM-X625,X6 2019,X6 2019,64,뉴 오로라 블랙|뉴 모로칸 블루,0,0,0|0,0|0|0,#000000|#003153,2019.06,77 x 161.3 x 8.7,6.26,15.9,172,3500,"1,300만","1,600만+500만 (듀얼)",2 TB,\N,SKT:349800|KT:349800|LG:349800,
176,lg,x_series,LM-X420,X4 2019,X4 2019,32,뉴 오로라 블랙|뉴 플래티넘 그레이,0,0,0|0,0|0|0,#000000|#7C7B81,2019.04,71.9 x 153 x 8.3,5.7,14.4,150,3000,800만,"1,600만",2 TB,\N,LG:297000,
177,lg,x_series,LM-X220,X2 2019,X2 2019,32,뉴 오로라 블랙,0,0,0,0|0|0,#000000,2019.08,71.5 x 147 x 8.2,5.45,13.84,147,3000,500만,"1,300만",2 TB,\N,SKT:209000|KT:198000,
178,lg,x_series,LM-X210,X2 2018,X2 2018,16,오로라 블랙,0,0,0,0|0|0,#000000,2018.07,71.9 x 144.8 x 8.2,5,12.7,152,2500,500만,800만,2 TB,\N,SKT:198000,
179,lg,x_series,LGM-X320,X500,X500,32,네이비|골드,0,0,0|0,0|0|0,#000046|#c2baa7,2017.06,78.1 x 154.7 x 8.4,5.5,13.9,164,4500,500만,"1,300만",2 TB,\N,SKT:319000|KT:319000|LG:319000,
180,lg,x_series,LGM-X401,X401,X401,16|32,블랙|골드,0,0|0,0|0,0|0|0,#000000|#c2baa7,2017.12,75.29 x 148.7 x 7.99,5.3,13.4,142,2800,500만,"1,300만",2 TB,X400을 그 해 12월 재출시 모델,SKT:289300|LG:289300,
181,lg,x_series,LGM-K121,X400,X400,16|32,블랙|골드,0,0|0,0|0,0|0|0,#000000|#c2baa7,2017.02,75.29 x 148.7 x 7.99,5.3,13.4,142,2800,500만,"1,300만",2 TB,\N,SKT:319000|KT:319000|LG:319000,
182,lg,x_series,LGM-K120,X300,X300,16,실버|다크 블루,0,0,0|0,0|0|0,#d3d3d3|#000046,2017.01,72.1 x 144.8 x 8.09,5,12.7,142,2500,500만,"1,300만",2 TB,\N,SKT:253000|KT:253000|LG:253000,
183,lg,lg,LG-F750,엑스파워,X Power,16,인디고 블랙|화이트,0,0,0|0,0|0|0,#28303D|#ffffff,2016.07,74.9 x 148.9 x 7.9,5.3,13.4,139,4100,800만,"1,300만",2 TB,\N,LG:253000,
184,lg,x_series,LG-F770,X5,X5,16,인디고 블랙|화이트,0,0,0|0,0|0|0,#28303D|#ffffff,2016.07,76.9 x 151.6 x 7.2,5.5,13.9,133,2800,500만,"1,300만",최대 32GB,\N,LG:363000,
185,lg,x_series,LG-F740,X스킨,X Skin,16,블랙|골드,0,0,0|0,0|0|0,#000000|#c2baa7,2016.06,71.4 x 144.8 x 6.9,5,12.7,122,2100,500만,800만,최대 32GB,\N,LG:176000,
186,lg,x_series,LG-F690,X캠,X Cam,16,티탄 실버|핑크,0,0,0|0,0|0|0,#353535|#e5c5ca,2016.06,73.6 x 147.5 x 6.9,5.2,13.22,118,2520,800만,"1,300만+500만 (듀얼)",2 TB,\N,SKT:396000|LG:396000,
187,lg,x_series,LG-F650,X스크린,X Screen,16,블랙|화이트|핑크 골드,0,0,0|0|0,0|0|0,#000000|#FFFFFF|#D8C6C6,2016.03,71.8 x 142.6 x 7.1,5,12.7,120,2300,500만,"1,300만",2 TB,1.76인치 세컨드 스크린 탑재,SKT:316800|KT:316800|LG:319000,
188,lg,lg,LG-H791,넥서스 5x,Nexus 5x,16,카본|쿼츠|아이스,0,0,0|0|0,0|0|0,#353535|#ffffff|#a3c2bd,2016.03,72.6 x 147 x 7.9,5.2,13.22,136,2700,500만,"1,230만",미지원,\N,SKT:242000|KT:33000|LG:242000,
189,lg,lg,LG-F260,옵티머스 LTE3,Optimus LTE3,8,블랙|화이트,0,0,0|0,0|0|0,#000000|#FFFFFF,2013.03,68.2 x 131.7 x 9.6,4.7,11.93,133,2540,130만,800만,최대 32GB,\N,\n,
190,lg,lg_folder,LG-F610,와인 스마트 재즈,Wine Smart Jazz,4,베이지|브라운,0,0,0|0,0|0|0,#9D9C98|#514843,2015.09,58.7 x 117.7 x 16.6,3.2,8.13,143,1700,30만,300만,최대 32GB,\N,LG:242000,
191,lg,lg_folder,LG-F480,와인 스마트,Wine Smart,4,블랙|화이트,0,0,0|0,0|0|0,#000000|#FFFFFF,2014.09,59.4 x 118.6 x 16.9,3.5,8.89,140.8,1700,30만,800만,최대 64GB,\N,SKT:297000|KT:55000|LG:99000,
192,lg,lg_folder,LG-T480,와인 스마트 3G,Wine Smart 3G,4,블랙|화이트,0,0,0|0,0|0|0,#000000|#FFFFFF,2014.09,59.4 x 118.6 x 16.9,3.5,8.89,140.8,1700,30만,800만,최대 64GB,\N,\n,
193,lg,lg_folder,LM-Y110,LG폴더,LG Folder,8,블랙|골드,0,0,0|0,0|0|0,#000000|#c2baa7,2018.03,112.7 x 54.1 x 17.4,3,7.62,130,1470,\N,500만,최대 32GB,\N,SKT:220000|KT:220000|LG:220000,
194,lg,lg_folder,LGM-X100,스마트폴더,SmartFolder,0,화이트|블루,0,0,0|0,0|0|0,#FFFFFF|#0D1D29,2017.1,58.7 x 117.6 x 16.9,3.3,8.38,142,1940,500만,500만,최대 32GB,\N,SKT:297000|LG:297000,
195,samsung,folderble,SM-F907,갤럭시 폴드,Galaxy Fold,512,코스모스 블랙|스페이스 실버,0,0,0|0,0|0|0,#000000|#D0D8DF,2019.09,117.9 x 160.9 x 6.9,7.3,18.53,263,4235,"1,000만+1,000만+800만(트리플)","1,600만+1,200만+1,200만(트리플)",미지원,플렉시블 디스플레이을 탑재한 세계 최초로 인폴딩 구조의 삼성 안드로이드 스마트폰. 커버쪽에 4.6인치 멀티터치 지원 스크린이 있으며 태블릿에 가까운 사용자 환경을 제공하는게 특징이다.,SKT:1500400|KT:1705000|LG:1705000,
196,apple,apple,A2775,아이폰SE(2020),iphoneSE (2020),64|128|256,블랙|RED|화이트,0,0|0|0,0|0|0,0|0|0,#2e3034|#b41325|#f3f3f3,2020.05,67.3 x 138.4 x 7.3,4.7,11.93,148,1821,700만,"1,200만",미지원,스펙비교? 부질없음. 아이폰을 50만원대로 사용한다는데. 홈버튼의 귀환,"SKT:539000|KT:539000|LG: 539,000",
197,samsung,a_series,SM-A805,갤럭시 A80,Galaxy A80,128,팬텀 블랙|고스트 화이트|엔젤 골드,0,0,0|0|0,0|0|0,#000000|#FFFFFF|#DAAF69,2019.11,76.5 x 165.2 x 9.3,6.7,17.02,220,3700,"4,800만+800만+TOF 3D","4,800만+800만+TOF 3D",미지원,"로테이팅 카메라, 셀카찍을때 갑툭튀하는 카메라로 모든 시선을 한몸에...",SKT:599500,
198,samsung,folderble,SM-F700,갤럭시 Z플립,Galaxy Z Flip,256,미러 블랙|미러 퍼플|미러 골드,0,0|0|0,0|0|0,0|0|0,#000000|#A187F5|#f1d977,2020.02,73.6 x 167.3 x 7.2,6.7,17.02,183,3300,"1,000만","1,200만+1,200만",미지원,위아래로 접히는 삼성 두번째 폴더블폰~ 접으면 한손에 조약돌 사이즈,SKT:1188000|KT:1188000|LG:1188000,
199,samsung,s_series,SM-G981,갤럭시 S20,Galaxy S20,128,코스믹 그레이|클라우드 블루|클라우드 핑크|클라우드 화이트|아우라 레드,0,0,0|0|0|0|0,0|0|0,#7f7f7f|#afe0ff|#ffccd6|#ffffff|#fa4856,2020.03,69.1 x 151.7 x 7.9,6.2,17.75,163,4000,"1,000만","6,400만+1,200만+1,200만",최대 1TB,"아이폰11보다 뛰어난 스크롤 반응속도! 개선된 지문인식. But, 20대9라는 자꾸 길어지는 디스플레이",SKT:1188000|KT:1144000|LG:1144000,
200,samsung,s_series,SM-G986,갤럭시 S20 Plus,Galaxy S20 Plus,256,코스믹 블랙|코스믹 그레이|클라우드 블루|클라우드 화이트|아우라 레드|아우라 블루,0,0,0|0|0|0|0|0,0|0|0,#000000|#7f7f7f|#afe0ff|#ffffff|#316fe4|#316fe4,2020.03,73.7 x 161.9 x 7.8,6.7,17.02,188,4500,"1,000만","6,400만+1,200만+1,200만",최대 1TB,"S20보다 내장 메모리 2배, 화면 0.5인치, 배터리 커진 버젼 ",SKT:1144000|KT:1045000|LG:1248500,
210,samsung,s_series,SM-G988,갤럭시 S20 울트라,Galaxy S20 Ultra,256,코스믹 블랙|코스믹 그레이,0,0,0|0,0|0|0,#000000|#7f7f7f,2020.03,76 x 166.9 x 8.8,6.9,17.53,222,5000,"4,000만","1억800만+4,800만+1,200만+30만",최대 1TB,"1억800만 화소, 100배줌 지원하는 역대급 카메라 스펙 스마트폰!",SKT:1248500|KT:1199000|LG:1298000,
211,lg,g_series,LM-G900,벨벳,VELVET,128,오로라 화이트|오로라 그레이|오로라 그린|일루전 선셋,0,0,0|0|0|0,0|0|0,"#000000|#474854|#0A9790|linear-gradient(to bottom, #E1E587,#E6575D)",2020.05,74.1 x 167.1 x 7.85,6.8,17.2,180,4300,"1,600만","4,800만+800만+500만",최대 2TB,쟁쟁한 경쟁자들 사이에 LG 플래그십 스마트폰으로 출시! 블랙베리와 같은 이쁜 쓰레기가 될 것인가? 아님 G시리즈를 계승하여 LG 스마트폰의 부활을 알릴것인가?,SKT:899800|KT:899800|LG:899800,
212,lg,q_series,LM-Q510,Q51,Q51,32,프로즌 화이트|문라이트 티탄,0,0,0|0,0|0|0,#ffffff|#3F434C,2020.05,77.9 x 166.9 x 8.4,6.5,16.51,204,4000,"1,300만","1,300만+500만+200만",최대 2TB,"공신폰 일명 공부폰! 데이터, 와이파이 완벽 차단! ",SKT:319000|KT:319000|LG:319000,
213,lg,lg_folder,LM-Y120,LG폴더2,LG Folder 2,8,화이트|뉴 플레티넘 그레이,0,0,0|0,0|0|0,#ffffff|#3F434C,2020.04,55 x 107.9 x 18,2.8,7.11,127,1470,\N,200만,최대 32GB,"4G LTE 지원의 피처폰, LG 폴더의 후속작, FM라디오 지원",SKT:198000|LG:198000,
214,lg,q_series,LM-Q630,Q61,Q61,64,프로즌 화이트|문라이트 티탄,0,0,0|0,0|0|0,#ffffff|#3F434C,2020.05,77.5 x 164.5 x 8.3,6.53,16.59,192,4000,"1,600만","4,800만+800만+500만+200만(쿼드)",최대 2TB,"쿼드 카메라와 접사, LG페이 지원하는 LG 보급형!",SKT:369600|KT:369600|LG:369600,
215,samsung,a_series,SM-A315,갤럭시 A31,Galaxy A31,64|128,프리즘 크러시 블랙|프리즘 크러시 화이트|프리즘 크러시 블루,0,0|0,0|00,0|0|0,#000000|#ffffff|#374085,2020.05,73.1 x 159.3 x 8.6,6.4,16.25,185,5000,"2,000만","4,800만+800만+500만+500만(쿼드)","2 TB, 512 GB","삼성페이, 쿼드 카메라를 탑재한 20년 보급형 스마트폰!",SKT:374000|KT:374000|LG:374000,
216,samsung,a_series,SM-A516,갤럭시 A51,Galaxy A51,128,프리즘 큐브 블랙|프리즘 큐브 화이트|프리즘 큐브 핑크,0,0,0|0|0,0|0|0,#000000|#ffffff|#F789A2,2020.05,73.6 x 158.9 x 8.7,6.5,16.51,187,4500,"3,200만","4,800만+1,200만+500만+500만(쿼드)","2 TB, 512 GB",국내는 5G 모델로 출시된 가성비 보급형 스마트폰!,SKT:572000|KT:473000|LG:473000,
217,samsung,a_series,SM-A716,갤럭시 A퀀텀,Galaxy A Quantum,128,프리즘 큐브 블랙|프리즘 큐브 실버|프리즘 큐브 블루,0,0,0|0|0,0|0|0,#000000|#DBDEE6|#016FC8,2020.05,75.5 x 162.5 x 8.1,6.7,17.02,185,4500,"3,200만","6,400만+1,200만+500만+500만(쿼드)","2 TB, 1TB 공식지원",스마트폰 최초 양자난수생성칩 탑재되어 보안 한층 강화! 중급형 라인업인 갤럭시 A 시리즈답게 무선충전과 방수방진을 지원하지 않음,SKT:548900,
218,samsung,s_series,SM-G781,갤럭시S20 FE,Galaxy S20 FE,128,클라우드 레드|클라우드 라벤더|클라우드 네이비|클라우드 화이트|클라우드 민트,0,0,0|0|0|0|0,0|0|0,#e03f45|#f4daf7|#475578|#f7f3f2|#c0e0d1,2020.1,74.5 x 159.8 x 8.4,6.5,16.51,190,4500,"3,200만","1,200만+1,200만+800만",최대 1 TB,"메모리 6기가, 없던 컬러,  군더더기 없이 필요한 스펙만 가지고 출시!",SKT:899800|KT:899800|LG:899800,
219,samsung,note_series,SM-N981,갤럭시노트20,GalaxyNote20,256,미스틱 그레이|미스틱 그린|미스틱 브론즈,0,0,0|0|0,0|0|0,#505050|#bdecc8|#e4ab9c,2020.09,75.2 x 161.6 x 8.3,6.7,17.02,192,4300,"1,000만","6,400만+1,200만+1,200만",미지원,"삼성 플래그쉽 노트시리즈, 엑시노스가 아닌 스냅드래곤을 채택한 삼성의 탁월함에 박수",SKT:1199000|KT:1199000|LG:1199000,
220,samsung,note_series,SM-N986,갤럭시노트20 울트라,GalaxyNote20 Ultra  ,256,미스틱 블랙|미스틱 화이트|미스틱 브론즈,0,0,0|0|0,0|0|0,#000000|#FFFFFF|#e4ab9c,2020.09,77.2 x 164.8 x 8.1,6.9,17.53,208,4500,"1,000만","1억800만+1,200만+1,200만",최대 1 TB,"5G 지원 모델, 지문이 묻어나지 않는 헤이즈 공법이 적용된 컬러는 미스틱 브론즈 색상에만 적용? 갑툭튀는 케이스로 해결!",SKT:1452000|KT:1452000|LG:1452000,
221,lg,q_series,LM-Q310,Q31,LG Q31,32,메탈릭 실버,0,0,0,0|0|0,#D7D7D7,2020.09,147.9 x 71 x 8.7,5.7,14.47,145,3000,500만,"1,300만+500만",최대 2TB,"미 국방부 군사표준규격을 통과한 내구성! 하지만 방수,방진은 No~ 20만원대 초저가 스마트폰이지만 지문인식센서 없고 LG 페이도 빠짐. 아쉽지만 가격으로 승부!",SKT:209000|KT:209000|LG:209000,
222,lg,q_series,LM-Q520,Q52,LG Q52,64,실키 화이트|실키 레드,0,0,0|0,0|0|0,#ffffff|#A31E3D,2020.1,165 x 76.7 x 8.4,6.6,16.76,186,4000,"1,300만","4,800만+500만+200만+200만",최대 2TB,"LG 2020년 마지막 작품! 가성비갑! 6.6대화면, 쿼드카메라를 출고가 33만원에! 팔면 팔수록 손해보는 모델일듯",SKT:330000|KT:330000|LG:330000,
223,lg,q_series,LM-F100,윙,LG Wing,128,일루전 스카이|오로라 그레이,0,0,0|0,0|0|0,#CFDCED|#1F2020,2020.1,74.5 x 169.5 x 10.9,6.8,17.2,260,4000,"3,200만","6,400만+1,300만+1,200만",최대 2TB,"스위블모드의 시초! ㅓ/ㅏ/ㅗ/ㅜ 등 다양한 형태로 스크린 활용가능, 두 개의 디스플레이에서 확장 모드를 지원하는 앱이 많아지길~ 유튜브 풀스크린으로 화면 보면서 댓글 달 수 있는 유일한 모델! ",SKT:1098900|KT:1098900|LG:1098900,
224,samsung,a_series,SM-A102,갤럭시 A10e,Galaxy A10e,32,블랙|화이트,0,0,0|0,0|0|0,#000000|#FFFFFF,2020.01,69.6 x 147.3 x 8.4,5.83,14.8,141,3000,800만,800만,최대 2TB,공신폰 모델. 20만원대 출고가. 중고시장에서 풀박스로 공장출시필름도 안뜯은 제품이 많이 거래되고 있다.,SKT:199100|LG:199100,
225,lg,lg,LG-D821,넥서스5,Google Nexus5 16G  ,16|32,블랙화이트|레드,0,0|0,0|0|0,0|0|0,#2e3034|#f3f3f3|#b41325,2013.11,69.2 x 137.8 x 8.6,5,12.5,130,2300,1200만,800만,미지원,,SKT:459800,
226,lg,lg,LG-F100,옵티머스 뷰,Optimus VU  ,32,블랙|화이트,0,0,0|0,0|0|0,#000000|#FFFFFF,2012.03,90.4 x 139.6 x 8.5,5,12.5,168,2080,130만,800만,미지원,,\n,
227,lg,g_series,LG-F180,옵티머스 G,Optimus G  ,32,플래티넘 화이트|코도반 레드|오닉스 블랙,0,0,0|0|0,0|0|0,#FFFFFF|#6B3D45|#000000,2015.09,68.9 x 131.9 x 8.5,4.7,11.75,145,2100,130만,1310만,미지원,,SKT:499400|KT:499400|LG:255200,
228,lg,lg,LG-F200,옵티머스 뷰2,Optimus VU2,14.9,일루젼 블랙|일루젼 화이트|일루젼 핑크,0,0,0|0|0,0|0|0,#000000|#FFFFFF|#DD4460,2012.09,85.6 x 132.2 x 9.4,5,12.5,159,2150,130만,800만,최대 32GB,,SKT:499400|KT:499400|LG:255200,
229,lg,g_series,LG-F220,옵티머스 GK,LG Optimus GK  ,16|32,인디고 블랙|플래티넘 화이트,0,0|0,0|0,0|0|0,#000000|#FFFFFF,2014.01,139.1 x 69.9 x 9.9,5,12.5,156,3100,\N,1300만,최대 64GB,,\n,
230,lg,g_series,LG-F240,옵티머스G 프로,Optimus G Pro  ,16|32,인디고 블랙|루나 화이트,0,0|0,0|0,0|0|0,#000000|#FFFFFF,2013.02,76.1 x 150.2 x 9.4,5.5,13.75,160,3140,210만,800만,최대 64GB,,SKT:399300|KT:399300|LG:399300,
231,lg,lg,LG-F300,엘지 뷰3,LG Vu3  ,16,인디고 블랙|화이트|민트,0,0,0|0|0,0|0|0,#000000|#FFFFFF|#2C726F,2013.09,85.6 x 132.1 x 9.4,5.2,13,161,2610,210만,1310만,최대 64GB,,SKT:643500|KT:154000|LG:297000,
232,lg,lg,LG-F570,엘지 밴드플레이,LG 밴드플레이  ,16,블랙|화이트,0,0,0|0,0|0|0,#000000|#FFFFFF,2015.06,71.9 x 139.7 x 8.3,5,12.5,126,2300,490만,1300만,최대 128 GB,,SKT:297000,
233,lg,lg,LG-KU5400,프라다폰 3.0,PRADA 3.0  ,8,블랙,0,0,0,0|0|0,#000000,2011.12,69 x 127.5 x 8.5,4.3,10.75,138,1540,130만,800만,최대 32GB,,\n,
234,lg,lg,LG-LU5400,프라다폰 3.0,PRADA 3.0  ,8,블랙,0,0,0,0|0|0,#000000,2011.12,69 x 127.5 x 8.5,4.3,10.75,138,1540,130만,800만,최대 32GB,,\n,
235,lg,q_series,LG-LU6500,옵티머스Q2,OPTIMUS Q2  ,8,블랙,0,0,0,0|0|0,\N,2011.1,65 x 123 x 12.3,4,10,147,1500,30만,500만,최대 32GB,,\n,
236,lg,lg,LG-SU540,프라다폰 3.0,PRADA 3.0  ,8,블랙,0,0,0,0|0|0,#000000,2011.12,69 x 127.5 x 8.5,4.3,10.75,138,1540,130만,800만,최대 32GB,,\n,
237,lg,q_series,LM-Q727,Q7,LG Q7  ,32,라벤더 바이올렛|모로칸 블루|오로라 블랙,0,0,0|0|0,0|0|0,#D8BFD8|#003153|#000000,2018.06,69.3 x 143.8 x 8.4,5.5,13.75,145,3000,800만,1300만,2 TB,,LG:419100,
238,lg,q_series,LM-Q730,Q70,LG Q70  ,64,블랙,0,0,0,0|0|0,#000000,2019.06,76.8 x 162.1 x 8.3,6.4,16,198,4000,1600만,3200만,2 TB,,SKT:548900|KT:548900|LG:548900,
239,lg,q_series,LM-Q920,Q92,LG Q92  ,128,세라믹 화이트|미러 티탄|미러 레드,0,0,0|0|0,0|0|0,#F7F7F7|#424959|8A082A,2020.08,77.3 x 166.5 x 8.5,6.67,16.675,193,4000,3600만,4800만,2 TB,,SKT:499400|KT:499400|LG:499400,
240,lg,z_series,SU950,옵티머스 Z,Optimus Z  ,1,블랙,0,0,0,0|0|0,\N,2010.07,56.8 x 117.9 x 11.1,3.5,8.75,135,1350,\N,500만,최대 16GB,,\n,
241,samsung,samsung,SHV-E275,갤럭시 그랜드,GALAXY GRAND  ,8,블랙|화이트|골드,0,0,0|0|0,0|0|0,\N,2013.01,76.9 x 143.5 x 9.6,5,12.5,162,2100,190만,800만,"2 TB, 64 GB",,\n,
242,samsung,samsung,SHW-M290,갤럭시 지오,GALAXY Gio  ,157.9,블랙|화이트|레드,0,0,0|0|0,0|0|0,\N,2011.1,57.5 x 110.5 x 12.2,3.2,8,102,1350,\N,320만,최대 32GB,,\n,
243,samsung,a_series,SM-A105,갤럭시 A10,Samsung Galaxy A10  ,32,블랙|블루|레드,0,0,0|0|0,0|0|0,#000000|#3350A2|#DC3931,2019.05,75.6 x 155.6 x 7.94,6.2,15.5,168,3400,490만,1300만,최대 512GB,,209000,
244,samsung,a_series,SM-A217,갤럭시 A21s,Samsung Galaxy A21s  ,32|64,화이드|블랙|레드,0,0|0,0|0|0,0|0|0,#FFFFFF|#000000|#DC3931,2020.07,75.3 x 163.7 x 8.9,6.5,16.25,192,5000,1300만,4800만,최대 512GB,,SKT:319000,
245,samsung,a_series,SM-A720,갤럭시 A7 2017,Samsung Galaxy A7 2017  ,32,블랙 스카이|골드 샌드|블루 미스트|피치 클라우드,0,0,0|0|0|0,0|0|0,#000000|#C6B79A|#F4CCCC|#CFE2F3,2017.07,77.6 x 156.8 x 7.9,5.7,14.25,186,3600,1590만,1590만,최대 256GB,,SKT:499400,
246,samsung,samsung,SM-G150,갤럭시 폴더,Galaxy Folder  ,8,블랙|화이트|앱솔루트 블랙,0,0,0|0|0,0|0|0,#595a60|#FFFFFF|#000000,2015.07,60.2 x 122 x 15.3,3.8,9.5,155,1800,190만,800만,최대 128 GB,,SKT:297000|KT:297000|LG:297000,
247,samsung,samsung,SM-G165,갤럭시 폴더2,Samsung Galaxy Folder2 LTE  ,16,블랙|와인 레드,0,0,0|0,0|0|0,#595a60|#a75564,2017.06,60.2 x 122 x 15.4,3.8,9.5,160,1950,500만,800만,최대 256GB,,SKT:253000|KT:231000|LG:231000 ,
248,samsung,samsung,SM-J727,갤럭시 와이드2,Samsung Galaxy Wide 2  ,16,블랙|실버,0,0,0|0,0|0|0,#3d414a|#c5c6cd,2017.07,76.4 x 151.5 x 8.6,5.5,13.75,167,3300,490만,1300만,최대 256GB,,SKT:333300,
249,samsung,m_series,SM-M205,갤럭시 M20,Samsung Galaxy M20  ,32|64,코랄 블랙|오션 블루,0,0|0,0|0,0|0|0,#000000|#314b9d,2017.07,74.5 x 156.4 x 8.8,6.3,15.75,186,5000,800만,1280만,최대 512GB,,\n,
