pl_id,pl_model_code,pl_name,star,market,write_id,upload_day,title,text,Target,URL
210,SM-G988,갤럭시 S20 울트라,,11번가,blu*******,2020-11-15,,"
새제품급은 무슨...헐 
중고제품 중고라고 안써놓고 파는건 여전하네 
새제품급이라는 말에 속지말고 
중고 s급으로 사는게 안속고 사는것임 
판매자도 100만원짜리 산 소비자한테 불친절 쩜 
내가 100원짜리산것도아니고
",삼성전자 갤럭시 S20 울트라 256GB 공기계(중고),https://www.11st.co.kr/catalog/catalogDetail.tmall?method=catalogDetail&ctlgNo=21453855&trTypeCd=PW08&trCtgrNo=585021
210,SM-G988,갤럭시 S20 울트라,5,11번가,538***,2020-10-27,,"
걸럭시S20 울트라 988N을 사용해보니까 속도도 상당히 빠르고 S급을 받아보니까 외관도 새거같고 성능도 좋아요. 오래도록 고장없이 잘 사용했으면 좋겠어요.
",삼성전자 갤럭시 S20 울트라 256GB 공기계(중고),https://www.11st.co.kr/catalog/catalogDetail.tmall?method=catalogDetail&ctlgNo=21453855&trTypeCd=PW08&trCtgrNo=585021
210,SM-G988,갤럭시 S20 울트라,5,11번가,sjs*****,2020-04-20,,"
가개통폰이라 가격싸게 잘산것같습니다. 원하는 통신사로 보내주셔서 딱좋았습니다. 아쉬운점은 사은품이 없다는것과 바로확정기변이 안된다는것입니다~
",삼성전자 갤럭시 S20 울트라 256GB 공기계(중고),https://www.11st.co.kr/catalog/catalogDetail.tmall?method=catalogDetail&ctlgNo=21453855&trTypeCd=PW08&trCtgrNo=585021
210,SM-G988,갤럭시 S20 울트라,5,11번가,rhz****,2020-06-25,,"
상품은 만족스럽습니다.. 다만 배송이 너무나도 느려요.. 이전 기기가 고장나서 주문하고 일주일간 폰없이 지냈네요 ㅎㅎ
",삼성전자 갤럭시 S20 울트라 256GB 공기계(중고),https://www.11st.co.kr/catalog/catalogDetail.tmall?method=catalogDetail&ctlgNo=21453855&trTypeCd=PW08&trCtgrNo=585021
210,SM-G988,갤럭시 S20 울트라,5,11번가,ljs*****,2020-12-22,,"
빨리오네요 주문하고 3일정도 내로 도착했어요. 
풀박스 안와서문의했는데 바로 보내주셧어요 굿굿
",삼성전자 갤럭시 S20 울트라 256GB 공기계(중고),https://www.11st.co.kr/catalog/catalogDetail.tmall?method=catalogDetail&ctlgNo=21453855&trTypeCd=PW08&trCtgrNo=585021
210,SM-G988,갤럭시 S20 울트라,,11번가,pat******,2021-01-01,,"
리퍼인데 뒷면에 닦이지 않는 자국들이 굉장히 많네요. 반품하기 귀찮아서 그냥 사용합니다.
",삼성전자 갤럭시 S20 울트라 256GB 공기계(중고),https://www.11st.co.kr/catalog/catalogDetail.tmall?method=catalogDetail&ctlgNo=21453855&trTypeCd=PW08&trCtgrNo=585021
210,SM-G988,갤럭시 S20 울트라,5,11번가,dud******,2020-12-29,,"
포장 깔끔하게 안전하게 빠르게 도착
",삼성전자 갤럭시 S20 울트라 256GB 공기계(중고),https://www.11st.co.kr/catalog/catalogDetail.tmall?method=catalogDetail&ctlgNo=21453855&trTypeCd=PW08&trCtgrNo=585021
210,SM-G988,갤럭시 S20 울트라,5,11번가,rob*******,2020-09-25,,"
박스가 없어서 아쉽지만 새제품과 같아요.
",삼성전자 갤럭시 S20 울트라 256GB 공기계(중고),https://www.11st.co.kr/catalog/catalogDetail.tmall?method=catalogDetail&ctlgNo=21453855&trTypeCd=PW08&trCtgrNo=585021
210,SM-G988,갤럭시 S20 울트라,5,11번가,yah****,2020-08-12,,"
피드백 좋고 제품도 좋고 만족 합니다
",삼성전자 갤럭시 S20 울트라 256GB 공기계(중고),https://www.11st.co.kr/catalog/catalogDetail.tmall?method=catalogDetail&ctlgNo=21453855&trTypeCd=PW08&trCtgrNo=585021
210,SM-G988,갤럭시 S20 울트라,5,11번가,gs1***,2020-06-07,,"
내게 행운인지 모르지만 한마디로 굿 최고입니다. 휴대폰 중고 구입해봤지만 비닐도 제거하지 않은 폰을 받은 것은 처음입니다.
",삼성전자 갤럭시 S20 울트라 256GB 공기계(중고),https://www.11st.co.kr/catalog/catalogDetail.tmall?method=catalogDetail&ctlgNo=21453855&trTypeCd=PW08&trCtgrNo=585021
210,SM-G988,갤럭시 S20 울트라,,11번가,jan*******,2020-08-08,,"
마음에별로좋으것아니오 쓰는것은이상없어도다른로고가자주뜨는것은문제
",삼성전자 갤럭시 S20 울트라 256GB 공기계(중고),https://www.11st.co.kr/catalog/catalogDetail.tmall?method=catalogDetail&ctlgNo=21453855&trTypeCd=PW08&trCtgrNo=585021
210,SM-G988,갤럭시 S20 울트라,5,11번가,kan****,2020-08-05,,"
새폰이라고 봐도 무방합니다. 단 새폰을 샀을적에 받는 사은품이 없다는 단점이 있지만(이어폰은 있음) 알뜰폰 유심 끼워 사용하기엔 이만한 폰이 없습니다. 잘 사용하겠습니다.
",삼성전자 갤럭시 S20 울트라 256GB 공기계(중고),https://www.11st.co.kr/catalog/catalogDetail.tmall?method=catalogDetail&ctlgNo=21453855&trTypeCd=PW08&trCtgrNo=585021
210,SM-G988,갤럭시 S20 울트라,4,11번가,par******,2020-08-26,,"
공기계 구매해서 사용하는데 만족합니다
",삼성전자 갤럭시 S20 울트라 256GB 공기계(중고),https://www.11st.co.kr/catalog/catalogDetail.tmall?method=catalogDetail&ctlgNo=21453855&trTypeCd=PW08&trCtgrNo=585021
210,SM-G988,갤럭시 S20 울트라,5,11번가,hea********,2020-11-14,,"
기대많이 안했는데 사은품도 많이 챙겨주시고 제품은 새것같이 말할것도 없구요 감사합니다 잘쓸께요~
",삼성전자 갤럭시 S20 울트라 256GB 공기계(중고),https://www.11st.co.kr/catalog/catalogDetail.tmall?method=catalogDetail&ctlgNo=21453855&trTypeCd=PW08&trCtgrNo=585021
210,SM-G988,갤럭시 S20 울트라,3,11번가,hl3***,2021-01-16,,"
빠르고 안전하게 잘 보내 주셨어요. 우체국 택배로. 포장도 잘 되었네요. 구매 리뷰 쓰면기프티콘 준다는 안내장이 한장 왔는데.. 쓰기가 참,.. 어렵네요.. 구매는 11번간데.. 쓰는곳은 카톡친구추가해서 구매내역 찾아 하라는데.. 거기에 구매 내역이 없다고 나오고,,, 뭐죠?
",삼성전자 갤럭시 S20 울트라 256GB 공기계(중고),https://www.11st.co.kr/catalog/catalogDetail.tmall?method=catalogDetail&ctlgNo=21453855&trTypeCd=PW08&trCtgrNo=585021
210,SM-G988,갤럭시 S20 울트라,5,11번가,soo****,2020-05-19,,"

",삼성전자 갤럭시 S20 울트라 256GB 공기계(중고),https://www.11st.co.kr/catalog/catalogDetail.tmall?method=catalogDetail&ctlgNo=21453855&trTypeCd=PW08&trCtgrNo=585021
210,SM-G988,갤럭시 S20 울트라,5,11번가,shc*******,2020-05-27,,"

",삼성전자 갤럭시 S20 울트라 256GB 공기계(중고),https://www.11st.co.kr/catalog/catalogDetail.tmall?method=catalogDetail&ctlgNo=21453855&trTypeCd=PW08&trCtgrNo=585021
210,SM-G988,갤럭시 S20 울트라,,11번가,oog***,2020-12-26,,"

",삼성전자 갤럭시 S20 울트라 256GB 공기계(중고),https://www.11st.co.kr/catalog/catalogDetail.tmall?method=catalogDetail&ctlgNo=21453855&trTypeCd=PW08&trCtgrNo=585021
230,SM-A125,갤럭시 A12,5,11번가,cjd****,2020-11-12,,"
친절하시고 다만족하는데 일하는중에 받은통화에 통화내용도 잘기억이안나고 배송중 락이걸리는거는 생각도못하고 유심다운로드안되서 하루죙일 씨름하다 고객센터까지 다녀와서 어렵게개통했네요....택배상자안에 안내문이라도 해동폰은 개통전(락) 상태이니 꼭 받으시고 연락달라는 내용이라도 써놔주세요.. 통화한내용을 일일히 기억하기가 힘들다보니 미련하게 고생하고 삽질했네요 ㅠㅠㅋ
",삼성전자 갤럭시 A12 32GB 공기계(중고),https://www.11st.co.kr/catalog/catalogDetail.tmall?method=catalogDetail&ctlgNo=48855667&trTypeCd=PW08&trCtgrNo=585021
230,SM-A125,갤럭시 A12,5,11번가,shi*****,2020-12-18,,"
아주 친절하십니다 
다른 가게와는 달리 전화로 상세히 도와주셔서 잘 개통했습니다 
 
잘 쓰겠습니다
",삼성전자 갤럭시 A12 32GB 공기계(중고),https://www.11st.co.kr/catalog/catalogDetail.tmall?method=catalogDetail&ctlgNo=48855667&trTypeCd=PW08&trCtgrNo=585021
230,SM-A125,갤럭시 A12,4,11번가,iri****,2021-01-08,,"
좋아요. 생가보다 성능이 좋네요. 저렴이버젼이라 무선충전 삼성페이안되는것은 좀 아쉽네요
",삼성전자 갤럭시 A12 32GB 공기계(중고),https://www.11st.co.kr/catalog/catalogDetail.tmall?method=catalogDetail&ctlgNo=48855667&trTypeCd=PW08&trCtgrNo=585021
230,SM-A125,갤럭시 A12,4,11번가,ber*****,2020-11-20,,"
색상이 원하는 색이 오진 않았지만 
판매하시는분이 친절하시네요
",삼성전자 갤럭시 A12 32GB 공기계(중고),https://www.11st.co.kr/catalog/catalogDetail.tmall?method=catalogDetail&ctlgNo=48855667&trTypeCd=PW08&trCtgrNo=585021
230,SM-A125,갤럭시 A12,5,11번가,arm****,2021-01-03,,"
배송 빠르고, 개통도 통화로 가르쳐 준대로 하면 쉽게 되어서 좋음.
",삼성전자 갤럭시 A12 32GB 공기계(중고),https://www.11st.co.kr/catalog/catalogDetail.tmall?method=catalogDetail&ctlgNo=48855667&trTypeCd=PW08&trCtgrNo=585021
230,SM-A125,갤럭시 A12,5,11번가,esu*******,2021-03-29,,"
알뜰폰인데도 잘됫어요~~ 
안될까봐 조마조마 했는뎅 이상없이 너무좋네요~~!!
",삼성전자 갤럭시 A12 32GB 공기계(중고),https://www.11st.co.kr/catalog/catalogDetail.tmall?method=catalogDetail&ctlgNo=48855667&trTypeCd=PW08&trCtgrNo=585021
230,SM-A125,갤럭시 A12,5,11번가,arm****,2021-01-03,,"
배송 빠르고 개통도 쉽고 빠름.
",삼성전자 갤럭시 A12 32GB 공기계(중고),https://www.11st.co.kr/catalog/catalogDetail.tmall?method=catalogDetail&ctlgNo=48855667&trTypeCd=PW08&trCtgrNo=585021
230,SM-A125,갤럭시 A12,5,11번가,shr****,2020-12-17,,"
판매자분 아주 친절합니다
",삼성전자 갤럭시 A12 32GB 공기계(중고),https://www.11st.co.kr/catalog/catalogDetail.tmall?method=catalogDetail&ctlgNo=48855667&trTypeCd=PW08&trCtgrNo=585021
230,SM-A125,갤럭시 A12,5,11번가,jan*****,2020-11-27,,"
상품도 좋고 가격도 착하고 직원분 넘 친절하세요
",삼성전자 갤럭시 A12 32GB 공기계(중고),https://www.11st.co.kr/catalog/catalogDetail.tmall?method=catalogDetail&ctlgNo=48855667&trTypeCd=PW08&trCtgrNo=585021
230,SM-A125,갤럭시 A12,4,11번가,joo******,2020-11-26,,"
좋은가격에 잘 구매했습니다.
",삼성전자 갤럭시 A12 32GB 공기계(중고),https://www.11st.co.kr/catalog/catalogDetail.tmall?method=catalogDetail&ctlgNo=48855667&trTypeCd=PW08&trCtgrNo=585021
230,SM-A125,갤럭시 A12,5,11번가,who****,2020-12-18,,"

",삼성전자 갤럭시 A12 32GB 공기계(중고),https://www.11st.co.kr/catalog/catalogDetail.tmall?method=catalogDetail&ctlgNo=48855667&trTypeCd=PW08&trCtgrNo=585021
230,SM-A125,갤럭시 A12,5,11번가,hor*****,2021-03-27,,"

",삼성전자 갤럭시 A12 32GB 공기계(중고),https://www.11st.co.kr/catalog/catalogDetail.tmall?method=catalogDetail&ctlgNo=48855667&trTypeCd=PW08&trCtgrNo=585021
232,SM-G996,갤럭시S21 Plus,5,11번가,bon*********,2021-02-09,,"
잘샀습니다. 설연휴 전에 받아서 기쁜건 덤~!
",삼성전자 갤럭시 S21 플러스 5G 256GB 공기계(중고),https://www.11st.co.kr/catalog/catalogDetail.tmall?method=catalogDetail&ctlgNo=47500242&trTypeCd=PW08&trCtgrNo=585021
233,SM-G991,갤럭시S21,5,11번가,hyo*****,2021-03-06,,"
광주 광역시언데 어제 신청 오늘 왔네요. 
제품에 이상 없읍니다. 
감사합니다. 잘 사용 하겠습니다.
",삼성전자 갤럭시 S21 5G 256GB 공기계(중고),https://www.11st.co.kr/catalog/catalogDetail.tmall?method=catalogDetail&ctlgNo=47500234&trTypeCd=PW08&trCtgrNo=585021
233,SM-G991,갤럭시S21,5,11번가,125******,2021-04-03,,"
좋아요
",삼성전자 갤럭시 S21 5G 256GB 공기계(중고),https://www.11st.co.kr/catalog/catalogDetail.tmall?method=catalogDetail&ctlgNo=47500234&trTypeCd=PW08&trCtgrNo=585021
233,SM-G991,갤럭시S21,5,11번가,ass*******,2021-02-18,,"
가개통폰이지만 새상품이라 아주 만족스럽습니다. 작동도 잘 되고 주변 기기와도 잘 호환됩니다. 절대 강추합니다. 한가지 아쉬운 점은.... 화면보호필름 정도 서비스로 넣어주면 좋았을텐데....
",삼성전자 갤럭시 S21 울트라 5G 256GB 공기계(중고),https://www.11st.co.kr/catalog/catalogDetail.tmall?method=catalogDetail&ctlgNo=47500261&trTypeCd=PW08&trCtgrNo=585021
233,SM-G991,갤럭시S21,5,11번가,bon*********,2021-02-09,,"
잘샀습니다. 설연휴 전에 받아서 기쁜건 덤~!
",삼성전자 갤럭시 S21 플러스 5G 256GB 공기계(중고),https://www.11st.co.kr/catalog/catalogDetail.tmall?method=catalogDetail&ctlgNo=47500242&trTypeCd=PW08&trCtgrNo=585021
230,SM-A125,갤럭시 A12,,11번가,ara****,2021-03-08,,"
상품 보다는 서비스에 실망했어요. 
본인 외 수령하지 못하고 수령지 주소 변경도 안되어 문의해도 많은 시간을 기다려야 하고 답변도 명확하지 않으며 SKT, 대리점, 11번가 3곳이 서로 우리는 해줄 수 없으니 저쪽에 문의하라는 답변도 수차례고 
돌고돌아 결국 처음 전화한 곳에서 처리되는 우수꽝스런 상황이었어요. 
본인 외 수령안된다 하여 재주문으로 제품을 받았으나 수령시 정작 본인확인 절차따위는 없었어요. 
또한, 수령시간 협의도 불가능하여 퀵서비스 시간에 무조건 맞춰야하는 불편함도 컸어요. 
또한, 전화통화 할때마다 개인정보늘 많게는 5~6가지 확인해 매우 불편했네요.
",삼성전자 갤럭시 A12 32GB SKT가입,https://www.11st.co.kr/catalog/catalogDetail.tmall?method=catalogDetail&ctlgNo=48489707&trTypeCd=PW08&trCtgrNo=585021
230,SM-A125,갤럭시 A12,4,11번가,hah****,2021-03-21,,"
토요일 점심쯤에 주문했는데 세시간종도 지나고 받았나봐요. 개통에 대한 언급이 없어서 기다리다가 고객센터로 전화해서 안내 받고 한시간 정도 있다가 개통되었어요. 
주문당일에 제품받고 개통까지 빠르게 처리되었어요. 
초등생용휴대폰으로 적당한것같아요
",삼성전자 갤럭시 A12 32GB SKT가입,https://www.11st.co.kr/catalog/catalogDetail.tmall?method=catalogDetail&ctlgNo=48489707&trTypeCd=PW08&trCtgrNo=585021
230,SM-A125,갤럭시 A12,4,11번가,ksy********,2021-02-18,,"
초등학생 용으로는 커보이나 그냥 만족 합니다 저렴하게 잘 샀습니다
",삼성전자 갤럭시 A12 32GB SKT가입,https://www.11st.co.kr/catalog/catalogDetail.tmall?method=catalogDetail&ctlgNo=48489707&trTypeCd=PW08&trCtgrNo=585021
230,SM-A125,갤럭시 A12,5,11번가,bes*******,2021-03-21,,"
어른들 쓰시기 좋아요.
",삼성전자 갤럭시 A12 32GB SKT가입,https://www.11st.co.kr/catalog/catalogDetail.tmall?method=catalogDetail&ctlgNo=48489707&trTypeCd=PW08&trCtgrNo=585021
230,SM-A125,갤럭시 A12,5,11번가,han*****,2021-02-16,,"
좋은 제품 감사합니다
",삼성전자 갤럭시 A12 32GB SKT가입,https://www.11st.co.kr/catalog/catalogDetail.tmall?method=catalogDetail&ctlgNo=48489707&trTypeCd=PW08&trCtgrNo=585021
230,SM-A125,갤럭시 A12,5,11번가,sto****,2021-03-23,,"

",삼성전자 갤럭시 A12 32GB SKT가입,https://www.11st.co.kr/catalog/catalogDetail.tmall?method=catalogDetail&ctlgNo=48489707&trTypeCd=PW08&trCtgrNo=585021
231,SM-G998,갤럭시S21 Ultra,5,11번가,sup******,2021-02-06,,"
장점 
1.빠른 배송이 만족스러움 주문 당일 배송 조회에 위치가 업데이트 되지 않아 다음날 늦게 올 줄 알았는데 오전내에 배송이 옴 
2.1:1문의하기가 퇴근 시간 이후에도 가능해 이것저것 물어볼수 있었음 
3.개통 방법이 자세하게 기재되어 쉽게 개통함 
 
단점 
1.최저가는 아님 
2.사은품이 다양하지 않았고 선택이 되지 않음 
 
기기는 잘 작동됨
",삼성전자 갤럭시 S21 울트라 5G 256GB SKT가입,https://www.11st.co.kr/catalog/catalogDetail.tmall?method=catalogDetail&ctlgNo=46911794&trTypeCd=PW08&trCtgrNo=585021
231,SM-G998,갤럭시S21 Ultra,5,11번가,hye*****,2021-01-30,,"
사전예약 마지막날 11시50분 마감에 45분 주문 배송 늦을거라 생각했는데 화요일 배송 왔더라고요 대박이쥬 ㅋ 
개통도 전화드리고 밀려있다 하셨는데 빠르게 된듯요 
귀찮을땐 전화한통으로 개통하기 쉬워요~ ㅋ 
딸내미 아이폰도 11번가에서 샀는데 제일 싸고 빠르고 이젠 핸드폰은 11번가에서 사려고요^^
",삼성전자 갤럭시 S21 울트라 5G 256GB SKT가입,https://www.11st.co.kr/catalog/catalogDetail.tmall?method=catalogDetail&ctlgNo=46911794&trTypeCd=PW08&trCtgrNo=585021
231,SM-G998,갤럭시S21 Ultra,5,11번가,ghf***,2021-01-24,,"
11번가에서 폰 처음 사보는데 skt랑 제휴라 뭔가ㅍ 편하네요! 노트8에서 갈아탔는데 진짜 21울트라는 신세계... 썼던 폰중에 역대급으로 큼! 제일 무겁지만ㅋㅋㅋㅋ아무튼 스피커도 너무좋고 카메라는 대박... 어둠 속에서 똥싸는 우리 강아지 사진도 다 찍힘.. 야간모드 무엇.. 갤s21울트라도 11번가에서의 구입도 만-족
",삼성전자 갤럭시 S21 울트라 5G 256GB SKT가입,https://www.11st.co.kr/catalog/catalogDetail.tmall?method=catalogDetail&ctlgNo=46911794&trTypeCd=PW08&trCtgrNo=585021
231,SM-G998,갤럭시S21 Ultra,4,11번가,woo****,2021-01-23,,"
개통이 요청중이라고 만뜨고 뭐가 없네요 
그래서 고객센터에 연락해서 개통했습니다 
쫌 연락을 주던지 하라고 하던지 기다리다 지치게 만드네요
",삼성전자 갤럭시 S21 울트라 5G 256GB SKT가입,https://www.11st.co.kr/catalog/catalogDetail.tmall?method=catalogDetail&ctlgNo=46911794&trTypeCd=PW08&trCtgrNo=585021
231,SM-G998,갤럭시S21 Ultra,4,11번가,mis***,2021-01-23,,"
기기도 좋고 배송도 빨랐습니다, 개통이 바로되지 않아 콜센터 직원분들과 여러번 통화로 확인과 부탁을 드렸습니다.
",삼성전자 갤럭시 S21 울트라 5G 256GB SKT가입,https://www.11st.co.kr/catalog/catalogDetail.tmall?method=catalogDetail&ctlgNo=46911794&trTypeCd=PW08&trCtgrNo=585021
231,SM-G998,갤럭시S21 Ultra,5,11번가,a09****,2021-01-23,,"
상품 포장 잘돼서 왔구요 
배송도 빨랐고 쿠폰써서 할인해서 싸게 잘 구매했습니다 
사은품도 이쁘네요
",삼성전자 갤럭시 S21 울트라 5G 256GB SKT가입,https://www.11st.co.kr/catalog/catalogDetail.tmall?method=catalogDetail&ctlgNo=46911794&trTypeCd=PW08&trCtgrNo=585021
231,SM-G998,갤럭시S21 Ultra,5,11번가,kss******,2021-01-23,,"
쓰고 있습니다 
좋은 것은 차차 알아가게 되겠지요 
즐거운 갤럭시의 세계를 느껴보려합니다
",삼성전자 갤럭시 S21 울트라 5G 256GB SKT가입,https://www.11st.co.kr/catalog/catalogDetail.tmall?method=catalogDetail&ctlgNo=46911794&trTypeCd=PW08&trCtgrNo=585021
231,SM-G998,갤럭시S21 Ultra,5,11번가,dab*****,2021-01-22,,"
일단 기기는 신형이라 좋은거구요 개통 상담원의 약간의 불친절함만 빼면 만족 합니다ㅋㅋ
",삼성전자 갤럭시 S21 울트라 5G 256GB SKT가입,https://www.11st.co.kr/catalog/catalogDetail.tmall?method=catalogDetail&ctlgNo=46911794&trTypeCd=PW08&trCtgrNo=585021
231,SM-G998,갤럭시S21 Ultra,5,11번가,hyu******,2021-02-23,,"
배송속도 너무좋았고 s20울트라서불편했던근접 사진 너무잘나오네요 덤으로 s펜사용가능해서 더더욱편해졌습니다!
",삼성전자 갤럭시 S21 울트라 5G 256GB SKT가입,https://www.11st.co.kr/catalog/catalogDetail.tmall?method=catalogDetail&ctlgNo=46911794&trTypeCd=PW08&trCtgrNo=585021
231,SM-G998,갤럭시S21 Ultra,5,11번가,par***********,2021-01-25,,"
갤7엣지썼는데 이번에 바？는데 정말빠르고 좋네요. 
갤7엣지와는다르게 엣지이면서도 플랫같네요. 그래서 더좋아보이네요.
",삼성전자 갤럭시 S21 울트라 5G 256GB SKT가입,https://www.11st.co.kr/catalog/catalogDetail.tmall?method=catalogDetail&ctlgNo=46911794&trTypeCd=PW08&trCtgrNo=585021
231,SM-G998,갤럭시S21 Ultra,5,11번가,gud****,2021-02-28,,"
현재 사용중이며 불편함은 좀 화면이 큰 정도... 
팬을 장착하면 더 크지만 그대신 노트 사용이 너무 쉬워 좋아여!!
",삼성전자 갤럭시 S21 울트라 5G 256GB SKT가입,https://www.11st.co.kr/catalog/catalogDetail.tmall?method=catalogDetail&ctlgNo=46911794&trTypeCd=PW08&trCtgrNo=585021
231,SM-G998,갤럭시S21 Ultra,5,11번가,lyl*******,2021-01-23,,"
넘 빨리와서 감사합니다 카메라 기능이 너무나 와 닿았어요 단점은 없어요
",삼성전자 갤럭시 S21 울트라 5G 256GB SKT가입,https://www.11st.co.kr/catalog/catalogDetail.tmall?method=catalogDetail&ctlgNo=46911794&trTypeCd=PW08&trCtgrNo=585021
231,SM-G998,갤럭시S21 Ultra,5,11번가,min*****,2021-01-22,,"
요즘 이슈화되었던 발열이나 무게는 부담없는정도입니당. 폰도 이뿌고 넘 만족합니다^^
",삼성전자 갤럭시 S21 울트라 5G 256GB SKT가입,https://www.11st.co.kr/catalog/catalogDetail.tmall?method=catalogDetail&ctlgNo=46911794&trTypeCd=PW08&trCtgrNo=585021
231,SM-G998,갤럭시S21 Ultra,5,11번가,joh****,2021-03-16,,"
카메라 등 성능은 매우 좋은데 무게가 너무 무겁네요. 
카메라 성능은 압도적으로 좋아요.
",삼성전자 갤럭시 S21 울트라 5G 256GB SKT가입,https://www.11st.co.kr/catalog/catalogDetail.tmall?method=catalogDetail&ctlgNo=46911794&trTypeCd=PW08&trCtgrNo=585021
231,SM-G998,갤럭시S21 Ultra,5,11번가,jun*****,2021-01-23,,"
무광이라 마음에 들고 카메라 성능 좋네요.
",삼성전자 갤럭시 S21 울트라 5G 256GB SKT가입,https://www.11st.co.kr/catalog/catalogDetail.tmall?method=catalogDetail&ctlgNo=46911794&trTypeCd=PW08&trCtgrNo=585021
231,SM-G998,갤럭시S21 Ultra,4,11번가,cor****,2021-01-23,,"
사은품도 좋았구요. 빠른배송도 좋네요
",삼성전자 갤럭시 S21 울트라 5G 256GB SKT가입,https://www.11st.co.kr/catalog/catalogDetail.tmall?method=catalogDetail&ctlgNo=46911794&trTypeCd=PW08&trCtgrNo=585021
231,SM-G998,갤럭시S21 Ultra,5,11번가,par***********,2021-01-25,,"
내거 사면서 아들거도 같이샀네요.
",삼성전자 갤럭시 S21 울트라 5G 256GB SKT가입,https://www.11st.co.kr/catalog/catalogDetail.tmall?method=catalogDetail&ctlgNo=46911794&trTypeCd=PW08&trCtgrNo=585021
231,SM-G998,갤럭시S21 Ultra,5,11번가,coo***,2021-01-25,,"
말이 필요 할까요??ㅋㅋㅋㅋ 최곱니다♡♡ 너무 좋아요^^
",삼성전자 갤럭시 S21 울트라 5G 256GB SKT가입,https://www.11st.co.kr/catalog/catalogDetail.tmall?method=catalogDetail&ctlgNo=46911794&trTypeCd=PW08&trCtgrNo=585021
231,SM-G998,갤럭시S21 Ultra,5,11번가,sun*******,2021-01-23,,"
개통 빠르고 좋아요.
",삼성전자 갤럭시 S21 울트라 5G 256GB SKT가입,https://www.11st.co.kr/catalog/catalogDetail.tmall?method=catalogDetail&ctlgNo=46911794&trTypeCd=PW08&trCtgrNo=585021
231,SM-G998,갤럭시S21 Ultra,5,11번가,suc***,2021-01-26,,"

",삼성전자 갤럭시 S21 울트라 5G 256GB SKT가입,https://www.11st.co.kr/catalog/catalogDetail.tmall?method=catalogDetail&ctlgNo=46911794&trTypeCd=PW08&trCtgrNo=585021
231,SM-G998,갤럭시S21 Ultra,5,11번가,par*****,2021-01-24,,"
22일 오전 9시에 우체국택배로 받았어요! 혹시나 배송 밀릴까봐 걱정했는데 빠르게 받아볼 수 있어서 좋았습니다. 같은 시기에 다른 통신사 혹은 자급제폰으로 동일 제품을 구매한 지인이 6명이 있는데 그중에 제가 제일 빨리 받았더라고요:) 다음에 폰 바꾸게 되면 또 이용할게요!
",삼성전자 갤럭시 S21 울트라 5G 512GB SKT가입,https://www.11st.co.kr/catalog/catalogDetail.tmall?method=catalogDetail&ctlgNo=46911796&trTypeCd=PW08&trCtgrNo=585021
231,SM-G998,갤럭시S21 Ultra,5,11번가,ide****,2021-01-22,,"
배송 엄청빠르네요 아이폰배송 한달걸려도 안와서 버렸는데 잘 산거같아요 그런데 발열이슈가 소프트웨어 업데이트 된다고 하긴 하지만 새폰이 이거뭐 게임뿐만아니라 그냥 앱들 설정하는데도 
발열이 심하네요
",삼성전자 갤럭시 S21 울트라 5G 512GB SKT가입,https://www.11st.co.kr/catalog/catalogDetail.tmall?method=catalogDetail&ctlgNo=46911796&trTypeCd=PW08&trCtgrNo=585021
231,SM-G998,갤럭시S21 Ultra,4,11번가,son*******,2021-01-24,,"
11번가에서 상담원 통해 상담받고 구매했는데 여기 저기 알아본 곳 중에 제일 저렴하게 구매한 것 같아요. 아쉬운 점은 사은품이 랜덤발송이라 라이언이랑 어피치 중에 어피치가 와서 실망했어요. 다음에는 선택할 수 있었으면 좋겠어요.
",삼성전자 갤럭시 S21 울트라 5G 512GB SKT가입,https://www.11st.co.kr/catalog/catalogDetail.tmall?method=catalogDetail&ctlgNo=46911796&trTypeCd=PW08&trCtgrNo=585021
231,SM-G998,갤럭시S21 Ultra,5,11번가,lee******,2021-01-24,,"
카메라 성능이 아주 좋네요ㅎㅎ 단점은 아직 제대로 만져보지 못해서 모르겠고 카메라가 아주 잘나오네요 역대급인듯 
아 단점 하나 있네요 마이크로 sd카드는 이번에 왜 빠졌는지 모르겠네요
",삼성전자 갤럭시 S21 울트라 5G 512GB SKT가입,https://www.11st.co.kr/catalog/catalogDetail.tmall?method=catalogDetail&ctlgNo=46911796&trTypeCd=PW08&trCtgrNo=585021
231,SM-G998,갤럭시S21 Ultra,5,11번가,y86****,2021-01-23,,"
빠른 배송 좋은 제품 만족 합니다. 
 
기본으로 액정 필름이 붙어 있어 좋네요. 
 
추기 필름까지 함께 보내주고 
 
사은품을 직접 신청해야되는건 불편하네요.
",삼성전자 갤럭시 S21 울트라 5G 512GB SKT가입,https://www.11st.co.kr/catalog/catalogDetail.tmall?method=catalogDetail&ctlgNo=46911796&trTypeCd=PW08&trCtgrNo=585021
231,SM-G998,갤럭시S21 Ultra,5,11번가,mys******,2021-03-02,,"
발열 없고 출시후 문제라고 했던 부분들 전혀 뮨제없음. 
괜한 설래발들 덕분에 사전예약 건 취소하고 사은품 놓치고 재주문함. 그래도 만족함
",삼성전자 갤럭시 S21 울트라 5G 512GB SKT가입,https://www.11st.co.kr/catalog/catalogDetail.tmall?method=catalogDetail&ctlgNo=46911796&trTypeCd=PW08&trCtgrNo=585021
231,SM-G998,갤럭시S21 Ultra,5,11번가,lea*******,2021-01-23,,"
빠른배송 , 친철한 안내 감사드립니다. 액정필름은 제가 붙여 ？f는데 어렵네요ㅠ 2장 여유가 잇엇으면 합니다. 감사합니다
",삼성전자 갤럭시 S21 울트라 5G 512GB SKT가입,https://www.11st.co.kr/catalog/catalogDetail.tmall?method=catalogDetail&ctlgNo=46911796&trTypeCd=PW08&trCtgrNo=585021
231,SM-G998,갤럭시S21 Ultra,5,11번가,cls****,2021-01-23,,"
생각보다 빨리 받을수 있었어요~~ 
기기변경이라 유심바로 장착후에 개통되었구요~ 
데이터도 잘 옮겼어요~~ 핸드폰 바꾸기 넘 쉽네요.. 
사은품도 잘 받았어여^^
",삼성전자 갤럭시 S21 울트라 5G 512GB SKT가입,https://www.11st.co.kr/catalog/catalogDetail.tmall?method=catalogDetail&ctlgNo=46911796&trTypeCd=PW08&trCtgrNo=585021
231,SM-G998,갤럭시S21 Ultra,5,11번가,skt****,2021-01-23,,"
사전예약통해 오늘사전자개통햇네여 
전작보다 매끄러운느낌에 색상도좋아요 
새출시폰답게 깨끗히 잘쓸게요
",삼성전자 갤럭시 S21 울트라 5G 512GB SKT가입,https://www.11st.co.kr/catalog/catalogDetail.tmall?method=catalogDetail&ctlgNo=46911796&trTypeCd=PW08&trCtgrNo=585021
231,SM-G998,갤럭시S21 Ultra,4,11번가,bii***,2021-02-15,,"
배송빠르고 좋네요 계속 사용해봐야 알 수 있을듯 합ㄴ다.
",삼성전자 갤럭시 S21 울트라 5G 512GB SKT가입,https://www.11st.co.kr/catalog/catalogDetail.tmall?method=catalogDetail&ctlgNo=46911796&trTypeCd=PW08&trCtgrNo=585021
231,SM-G998,갤럭시S21 Ultra,5,11번가,che***,2021-01-22,,"
빠른배송 좋은상품 쉬운가입 감사합니다
",삼성전자 갤럭시 S21 울트라 5G 512GB SKT가입,https://www.11st.co.kr/catalog/catalogDetail.tmall?method=catalogDetail&ctlgNo=46911796&trTypeCd=PW08&trCtgrNo=585021
231,SM-G998,갤럭시S21 Ultra,4,11번가,sto*****,2021-01-23,,"
성능이 좋아 구매했습니다
",삼성전자 갤럭시 S21 울트라 5G 512GB SKT가입,https://www.11st.co.kr/catalog/catalogDetail.tmall?method=catalogDetail&ctlgNo=46911796&trTypeCd=PW08&trCtgrNo=585021
231,SM-G998,갤럭시S21 Ultra,5,11번가,ssg****,2021-01-26,,"

",삼성전자 갤럭시 S21 울트라 5G 512GB SKT가입,https://www.11st.co.kr/catalog/catalogDetail.tmall?method=catalogDetail&ctlgNo=46911796&trTypeCd=PW08&trCtgrNo=585021
231,SM-G998,갤럭시S21 Ultra,5,11번가,hy2***,2021-01-28,,"
싼가격에 구매했네요
",삼성전자 갤럭시 S21 울트라 5G 512GB SKT가입,https://www.11st.co.kr/catalog/catalogDetail.tmall?method=catalogDetail&ctlgNo=46911796&trTypeCd=PW08&trCtgrNo=585021
231,SM-G998,갤럭시S21 Ultra,5,11번가,hon**********,2021-01-26,,"
다좋았습니다. 다만 아쉬운게 예정배송일이 나오지않은게 아쉬웠습니다. 그래도 사전개통 당일날 받아서 그건 좋았습니다. 별은 5점드립니다
",삼성전자 갤럭시 S21 울트라 5G 512GB SKT가입,https://www.11st.co.kr/catalog/catalogDetail.tmall?method=catalogDetail&ctlgNo=46911796&trTypeCd=PW08&trCtgrNo=585021
231,SM-G998,갤럭시S21 Ultra,5,11번가,ten******,2021-01-26,,"
좋아요~ 만족합니다
",삼성전자 갤럭시 S21 울트라 5G 512GB SKT가입,https://www.11st.co.kr/catalog/catalogDetail.tmall?method=catalogDetail&ctlgNo=46911796&trTypeCd=PW08&trCtgrNo=585021
231,SM-G998,갤럭시S21 Ultra,5,11번가,dlt********,2021-01-28,,"
저번 주에 사전예약 주문하고 다다음날 왔네요 자급제 주문한 친구는 아직도 못 받았는데 생각보다 엄청 빨리 와서 놀랐어요 아이폰 12 프로 때는 본인인증 오류로 주문도 못하고 개판이어서 엄청 실망했었는데 이번엔 공식대리점 만족스럽네요 배송도 개통도 모두 빨라서 좋았습니다.
",삼성전자 갤럭시 S21 울트라 5G 512GB SKT가입,https://www.11st.co.kr/catalog/catalogDetail.tmall?method=catalogDetail&ctlgNo=46911796&trTypeCd=PW08&trCtgrNo=585021
231,SM-G998,갤럭시S21 Ultra,5,11번가,kbk*****,2021-01-26,,"
배송도 빠르고 제품도 좋네요~~
",삼성전자 갤럭시 S21 울트라 5G 512GB SKT가입,https://www.11st.co.kr/catalog/catalogDetail.tmall?method=catalogDetail&ctlgNo=46911796&trTypeCd=PW08&trCtgrNo=585021
231,SM-G998,갤럭시S21 Ultra,5,11번가,kor******************,2021-01-26,,"
좋아요~
",삼성전자 갤럭시 S21 울트라 5G 512GB SKT가입,https://www.11st.co.kr/catalog/catalogDetail.tmall?method=catalogDetail&ctlgNo=46911796&trTypeCd=PW08&trCtgrNo=585021
231,SM-G998,갤럭시S21 Ultra,5,11번가,kul*******,2021-01-26,,"
배송2일만에ㅜ왔어요 짱짱
",삼성전자 갤럭시 S21 울트라 5G 512GB SKT가입,https://www.11st.co.kr/catalog/catalogDetail.tmall?method=catalogDetail&ctlgNo=46911796&trTypeCd=PW08&trCtgrNo=585021
232,SM-G996,갤럭시S21 Plus,5,11번가,kws****,2021-04-07,,"

",삼성전자 갤럭시 S21 플러스 5G 256GB LG U+ 완납폰(단말할인),https://www.11st.co.kr/catalog/catalogDetail.tmall?method=catalogDetail&ctlgNo=47500246&trTypeCd=PW08&trCtgrNo=585021
232,SM-G996,갤럭시S21 Plus,5,11번가,i_a******,2021-03-17,,"
상담하면서 구매하니까 편하고 좋았어요 
아버지폰이라 구형폰 쓰셔서 따로 유심구매했는데 
11번가 구매내역 보는 창에서 개통신청누르면 2시간정도 있다 알아서 개통되고 껏다켰다 2번했더니 다됨 
근데 민팃 atm에서 폰 반납하는거 너무 어려워요ㅜㅜ 
대리점 직원분이 도와주셨어요ㅜㅜ 아님 반납 못할뻔
",삼성전자 갤럭시 S21 플러스 5G 256GB SKT가입,https://www.11st.co.kr/catalog/catalogDetail.tmall?method=catalogDetail&ctlgNo=46911792&trTypeCd=PW08&trCtgrNo=585021
232,SM-G996,갤럭시S21 Plus,5,11번가,luc******,2021-03-26,,"
삼성애서 충전기랑 젤리케이스 안주네여 ㅠㅠ 
다행히 sk에서 케이스를 넣어 주셨어요 
감사합니다. 
 
원래 가습기랑 블루투스.스피커는 주는지.알았는데 
sk마크있는 박스에 젤리케이스랑 액정필름이 있네요 
액정 필름은 폰에 붙어있어서 나중에 사용해봐야겠어요 
sk에서준 케이스는 그렇게 고퀄리티는 아닙니다. 
좀 두껍고요 옆면에 줄있어서 매끄럽지.않아요 
그래도 없는것보단 ㅋㅋㅋ
",삼성전자 갤럭시 S21 플러스 5G 256GB SKT가입,https://www.11st.co.kr/catalog/catalogDetail.tmall?method=catalogDetail&ctlgNo=46911792&trTypeCd=PW08&trCtgrNo=585021
232,SM-G996,갤럭시S21 Plus,4,11번가,poe****,2021-02-01,,"
새제품 답게 파격적인 디자인과 확실한 급나누기 
욕심을 버린다면 얇은베젤과 적당한 카메라에 만족스러운 성능 
발열에 있어서는 확실히 느껴지지만 하드한 환경이 아니면 발생하지 않고 s9+의 wqhd보다 좋은 fhd화면 등 디스플레이에서의 급나누기에도 불구하고 선방하는 성능
",삼성전자 갤럭시 S21 플러스 5G 256GB SKT가입,https://www.11st.co.kr/catalog/catalogDetail.tmall?method=catalogDetail&ctlgNo=46911792&trTypeCd=PW08&trCtgrNo=585021
232,SM-G996,갤럭시S21 Plus,5,11번가,kmw*****,2021-03-24,,"
인터넷으로 구매를 하는건 처음이어서 걱정도 많았는데 
개통도 쉬웠네요 
배송도 우체국으로 바로 받아보았고 사은품도 잘왔습니다. 
 
갤21 발열문제가 심하다고 해서 걱정스러웠는데 맨처음 개통시 데이터옮기기 작업을 할때만 뜨거웠고 시간이 지나니 별문제 없었네요. 
최신폰을 좋은가격에 쓸수있어서 만족합니다~~
",삼성전자 갤럭시 S21 플러스 5G 256GB SKT가입,https://www.11st.co.kr/catalog/catalogDetail.tmall?method=catalogDetail&ctlgNo=46911792&trTypeCd=PW08&trCtgrNo=585021
232,SM-G996,갤럭시S21 Plus,5,11번가,qha***,2021-01-22,,"
일단 개통전날 배송이와서 좋았어요 
다음날 자동으로 개통되는줄 알알는데 늦게까지 안되길래 전화해서 바로개통했습니다 색상은 생각보다 실버끼가 많이도네요
",삼성전자 갤럭시 S21 플러스 5G 256GB SKT가입,https://www.11st.co.kr/catalog/catalogDetail.tmall?method=catalogDetail&ctlgNo=46911792&trTypeCd=PW08&trCtgrNo=585021
232,SM-G996,갤럭시S21 Plus,5,11번가,nac********,2021-01-23,,"
사전구매예약하구 바로 다음날 받았네요 
너무 빠른 배송 빠른 개통으로 놀랐네요 
논란이된 발열문제는 잘 모르겠어요 
그립감도 좋구 가볍구 너무 맘에 듭니다 
카메라는 말할것도 없구요 
암튼 대만족입니다
",삼성전자 갤럭시 S21 플러스 5G 256GB SKT가입,https://www.11st.co.kr/catalog/catalogDetail.tmall?method=catalogDetail&ctlgNo=46911792&trTypeCd=PW08&trCtgrNo=585021
232,SM-G996,갤럭시S21 Plus,5,11번가,psu********,2021-01-22,,"
아이 중학교 선물입니다 
구매시 난관이 있었지만 
상담사께서 아주 잘 해결해 주셔서 
편한게 개통했네요 
갤럭시 21로 아이가 참 좋아 하네요 
그리고 
착한 가격은 덤 입니다 
사은품도 아이가 좋아합니다
",삼성전자 갤럭시 S21 플러스 5G 256GB SKT가입,https://www.11st.co.kr/catalog/catalogDetail.tmall?method=catalogDetail&ctlgNo=46911792&trTypeCd=PW08&trCtgrNo=585021
232,SM-G996,갤럭시S21 Plus,5,11번가,me5***,2021-01-22,,"
사전예약 끝나기도 전에 도착했어요 
색상이 너무 마음에 들어요 
개통은 사전공지를 안해줘서 좀 기다렸지만 전화한통으로 개통이되서 쉬웠어요 
다만 유심을 넣은후 폰을 5-6번 정도 껏다키니 ？營윱求？ 
만족합니다^^~~~
",삼성전자 갤럭시 S21 플러스 5G 256GB SKT가입,https://www.11st.co.kr/catalog/catalogDetail.tmall?method=catalogDetail&ctlgNo=46911792&trTypeCd=PW08&trCtgrNo=585021
232,SM-G996,갤럭시S21 Plus,4,11번가,lai******,2021-03-22,,"
잘 쓰고 있습니다. 다만 개통센터가 11번가도 아니고 skt직통도 아니라 상담번호가 따로 있는 건 좀 불편했네요. 보험가입도 안되어있고ㅜㅜ
",삼성전자 갤럭시 S21 플러스 5G 256GB SKT가입,https://www.11st.co.kr/catalog/catalogDetail.tmall?method=catalogDetail&ctlgNo=46911792&trTypeCd=PW08&trCtgrNo=585021
232,SM-G996,갤럭시S21 Plus,5,11번가,wrt***,2021-01-29,,"
핸드폰 배송도 빠르고 개통도빨라요 처음에 유심인식이안되서 놀랐는데 전하하니까 바로해결해주시네요
",삼성전자 갤럭시 S21 플러스 5G 256GB SKT가입,https://www.11st.co.kr/catalog/catalogDetail.tmall?method=catalogDetail&ctlgNo=46911792&trTypeCd=PW08&trCtgrNo=585021
232,SM-G996,갤럭시S21 Plus,5,11번가,kwa*******,2021-01-23,,"
신속배송 감사합니다. 
11번가 갤럭시 폰예약매장 넘 좋아요. 
아무리 둘러봐도 ?11번가 할인최고? 
적극 추천합니다.
",삼성전자 갤럭시 S21 플러스 5G 256GB SKT가입,https://www.11st.co.kr/catalog/catalogDetail.tmall?method=catalogDetail&ctlgNo=46911792&trTypeCd=PW08&trCtgrNo=585021
232,SM-G996,갤럭시S21 Plus,5,11번가,paj******,2021-04-01,,"
아니 비싼 기계 사는 데 달랑 핸드폰만 보내 줍니까?케이스랑 필름 있는 줄 알고 바로 개통하려다 .. 필름도 없고 케이스도 없고 .. 
충전기도 이젠 안 들어 있고..
",삼성전자 갤럭시 S21 플러스 5G 256GB SKT가입,https://www.11st.co.kr/catalog/catalogDetail.tmall?method=catalogDetail&ctlgNo=46911792&trTypeCd=PW08&trCtgrNo=585021
232,SM-G996,갤럭시S21 Plus,5,11번가,cjs******,2021-04-05,,"
디자인 아주 좋아요, 무광 블랙 아주 이쁘네요 
s21핑크 사고 너무 만족스러워 남동생 블랙으로 또 구매했습니다
",삼성전자 갤럭시 S21 플러스 5G 256GB SKT가입,https://www.11st.co.kr/catalog/catalogDetail.tmall?method=catalogDetail&ctlgNo=46911792&trTypeCd=PW08&trCtgrNo=585021
232,SM-G996,갤럭시S21 Plus,5,11번가,qus*****,2021-02-09,,"
쿠폰 못써서 좀 속상했었는데 다시 결재해주시고 친절하고 개통편하고..앞으로는 요렇게 사야겠어요~최고~!!
",삼성전자 갤럭시 S21 플러스 5G 256GB SKT가입,https://www.11st.co.kr/catalog/catalogDetail.tmall?method=catalogDetail&ctlgNo=46911792&trTypeCd=PW08&trCtgrNo=585021
232,SM-G996,갤럭시S21 Plus,5,11번가,ans*****,2021-04-02,,"
배송 늦을수도 있다했는데 담날 바로 왔어요 최신폰이라 더 좋아요
",삼성전자 갤럭시 S21 플러스 5G 256GB SKT가입,https://www.11st.co.kr/catalog/catalogDetail.tmall?method=catalogDetail&ctlgNo=46911792&trTypeCd=PW08&trCtgrNo=585021
232,SM-G996,갤럭시S21 Plus,5,11번가,hay*********,2021-03-07,,"
배송은 빠르고 개통에도 문제 없었는데 유심문제로 좀 해맸네요
",삼성전자 갤럭시 S21 플러스 5G 256GB SKT가입,https://www.11st.co.kr/catalog/catalogDetail.tmall?method=catalogDetail&ctlgNo=46911792&trTypeCd=PW08&trCtgrNo=585021
232,SM-G996,갤럭시S21 Plus,5,11번가,fly*******,2021-04-07,,"
가격넘좋고요 
이상없고 아주만족합니다 
역시 휴대폰 살때는 11번가죠 ㅎ
",삼성전자 갤럭시 S21 플러스 5G 256GB SKT가입,https://www.11st.co.kr/catalog/catalogDetail.tmall?method=catalogDetail&ctlgNo=46911792&trTypeCd=PW08&trCtgrNo=585021
232,SM-G996,갤럭시S21 Plus,4,11번가,ron********,2021-02-18,,"
배송도 빠르고 안전하게 포장되어 배송되니 만족스럽니다.
",삼성전자 갤럭시 S21 플러스 5G 256GB SKT가입,https://www.11st.co.kr/catalog/catalogDetail.tmall?method=catalogDetail&ctlgNo=46911792&trTypeCd=PW08&trCtgrNo=585021
232,SM-G996,갤럭시S21 Plus,5,11번가,kim*****,2021-01-24,,"
색도 이쁘고 사은품도 같이 빨리배송되서 좋아요
",삼성전자 갤럭시 S21 플러스 5G 256GB SKT가입,https://www.11st.co.kr/catalog/catalogDetail.tmall?method=catalogDetail&ctlgNo=46911792&trTypeCd=PW08&trCtgrNo=585021
232,SM-G996,갤럭시S21 Plus,5,11번가,pa3***,2021-02-24,,"
삼성핸드폰만 써요 삼성파이팅..ㅎㅎ 가격만 좀 내려가면 좋겠어요
",삼성전자 갤럭시 S21 플러스 5G 256GB SKT가입,https://www.11st.co.kr/catalog/catalogDetail.tmall?method=catalogDetail&ctlgNo=46911792&trTypeCd=PW08&trCtgrNo=585021
233,SM-G991,갤럭시S21,5,11번가,kws****,2021-04-07,,"

",삼성전자 갤럭시 S21 플러스 5G 256GB LG U+ 완납폰(단말할인),https://www.11st.co.kr/catalog/catalogDetail.tmall?method=catalogDetail&ctlgNo=47500246&trTypeCd=PW08&trCtgrNo=585021
233,SM-G991,갤럭시S21,5,11번가,hen*******,2021-03-01,,"
새벽에 신청하고 바로 그날 발송했네요. 
시간이 걸릴줄알았는데.. 
새단말기 받고 바로쓸수 없는상황이라 개통을 하루 이틀 늦출생각이었는데. 단말기 택배 오기도 전에 개통완료되었다는 문자가와서 당황했네요. 
놀라서 확인전화하니 일괄문자발송으로 실제로는 개통 안되었다고.. 
실개통은 단말기 받고나서 유심끼우고 하거나 발송일+2일에 자동으로 된다고.. 
데이터 옮기고 개통하려니 주말이라 그런지 개통확인이 안되었는데. 월요일에 개통되었다고 다시 문자가 왔네요. 여러모로 불편한 개통이었어요.. 
 
단말기는 안전하게 받았고 사은품과 투명 폰케이스, 보호필름은 같이 왔어요. 삼성멤버스 10만원 상품권으로 개통후 첫통화하고 3일후인가? 주문가능해서 충전기 등 주문했네요. 이건 배송이 느리니 참고하셔요~
",삼성전자 갤럭시 S21 5G 256GB SKT가입,https://www.11st.co.kr/catalog/catalogDetail.tmall?method=catalogDetail&ctlgNo=46911782&trTypeCd=PW08&trCtgrNo=585021
233,SM-G991,갤럭시S21,5,11번가,kan*****,2021-01-23,,"
22일부터 순차 발송 된다 하였는데 21일 밤에 왔어요. 기변이라서 기존의 유심을 꽂아주니 스스로 개통을 했어요. 스마트스위치를 통해 데이터도 이전 했어요. 
 
새폰 개통전에 기존폰에서 
1. 구글계정과 비번 확인해 놓기 
2.카톡 아이디 확인하고 
3.카톡 백업 해놓기 
4.스마트스위치 앱 설치해놓기 
이 네가지만 해놓으면 어렵지 않게 셀프개통해서 기존폰의 모든 설정을 그대로 쓸 수 있어요, 
홈화면 배경그림과 앱배열도 똑같이 설정이 되어 말 그대로 기기만 바꾼 느낌입니다. 
간편하고 좋았어요 
이 세가지만
",삼성전자 갤럭시 S21 5G 256GB SKT가입,https://www.11st.co.kr/catalog/catalogDetail.tmall?method=catalogDetail&ctlgNo=46911782&trTypeCd=PW08&trCtgrNo=585021
233,SM-G991,갤럭시S21,5,11번가,joo*****,2021-02-10,,"
카카오톡 상담으로 일하면서 개통 진행해서 편하네요. 
주문하고 한시간 걸려서 퀵으로 물건 받았구요 
기본케이스는 없어서 급한데로 퇴근하면서 하나 사야겠네요. 
이거저거 다 따져봤는데 11번가 최고입니다. 
기기값75만원 약정25% 거기다 10만원 쇼핑하면 요금할인까지 제조사 혜택 포인트10만점 
중고기기 특별보상까지 
계산해보니 20만원대로 기변했네요.
",삼성전자 갤럭시 S21 5G 256GB SKT가입,https://www.11st.co.kr/catalog/catalogDetail.tmall?method=catalogDetail&ctlgNo=46911782&trTypeCd=PW08&trCtgrNo=585021
233,SM-G991,갤럭시S21,4,11번가,jis******,2021-01-23,,"
순차배송이라 사전예약끝나고 22일이나 배송될거라 생각했은데 21일에 왔어요 팬텀그레이 구입했는데 색상은 마음에 들어요 카드, 티 할인받아서 잘 구입한거같아요 
갤럭시만 사용하는데 너무 만족해요... 
단 플로 어플 무료사용이 안되는거 같아요ㅠㅠ
",삼성전자 갤럭시 S21 5G 256GB SKT가입,https://www.11st.co.kr/catalog/catalogDetail.tmall?method=catalogDetail&ctlgNo=46911782&trTypeCd=PW08&trCtgrNo=585021
233,SM-G991,갤럭시S21,4,11번가,kso****,2021-01-22,,"
보라가 생각했던보라는 아니긴 했어요 
생각보다 엄청 진해서 받고나서 좀 벙지긴 했어요 
아이폰 오래 쓰다가 올만에 갤 쓰는데 
오랜만이라그런지 신기하네요 
갤은 갤만의 장점이 있으니까요
",삼성전자 갤럭시 S21 5G 256GB SKT가입,https://www.11st.co.kr/catalog/catalogDetail.tmall?method=catalogDetail&ctlgNo=46911782&trTypeCd=PW08&trCtgrNo=585021
233,SM-G991,갤럭시S21,5,11번가,cjs******,2021-03-25,,"
핑크 실물로 보고 반해서 샀어요, 성능이 어떤지 1도 모르고 디자인만 봤어요, 너무 좋아요!! 일단 사고나서 찾아보니 발열이 심하다는데 확실히 전폰보다는 있는거같아요, 품절 좀 풀어줘요, 동생도 폰 바꿔야해요!!
",삼성전자 갤럭시 S21 5G 256GB SKT가입,https://www.11st.co.kr/catalog/catalogDetail.tmall?method=catalogDetail&ctlgNo=46911782&trTypeCd=PW08&trCtgrNo=585021
233,SM-G991,갤럭시S21,5,11번가,why*****,2021-03-24,,"
주말 개통후 화요일에 받았습니다. 
이미 개통처리되어 온 거라 바로 사용할 수 있었구요. 의무사용기간이 짧아서 무엇보다 좋습니다. 사은품은 가습기가 괜찮네요.
",삼성전자 갤럭시 S21 5G 256GB SKT가입,https://www.11st.co.kr/catalog/catalogDetail.tmall?method=catalogDetail&ctlgNo=46911782&trTypeCd=PW08&trCtgrNo=585021
233,SM-G991,갤럭시S21,5,11번가,znz****,2021-03-14,,"
아빠 선물로 사드렸는데 혼자 개통하시고 손에서 놓지를 않으세요. 마음에 드신것같아 기분이 좋아요. 사은품도 두개나 주셨어요. 잘 쓰겠습니당
",삼성전자 갤럭시 S21 5G 256GB SKT가입,https://www.11st.co.kr/catalog/catalogDetail.tmall?method=catalogDetail&ctlgNo=46911782&trTypeCd=PW08&trCtgrNo=585021
233,SM-G991,갤럭시S21,5,11번가,ljo****,2021-01-30,,"
t다이렉트샵이랑 똑같이 퀵으로 배송오는데(바로도착) 할인 더 받을 수 있어서 짱 좋았어요!! 사은품으로 주신 올라프 가습기랑 리틀라이언 블투스피커도 좋아요.
",삼성전자 갤럭시 S21 5G 256GB SKT가입,https://www.11st.co.kr/catalog/catalogDetail.tmall?method=catalogDetail&ctlgNo=46911782&trTypeCd=PW08&trCtgrNo=585021
233,SM-G991,갤럭시S21,4,11번가,san********,2021-01-25,,"
아직 적응이 안되서 해매고있지만 사용하기 가편하고 
이전에 삼성폰을 사용해서인지 조금씩 적응하고 있네요 
잘 사용할께요!
",삼성전자 갤럭시 S21 5G 256GB SKT가입,https://www.11st.co.kr/catalog/catalogDetail.tmall?method=catalogDetail&ctlgNo=46911782&trTypeCd=PW08&trCtgrNo=585021
233,SM-G991,갤럭시S21,5,11번가,ll4*****,2021-01-22,,"
원하는 요금제에 부가서비스 없이 쓸수 있어서 좋아요 배송도 빠르고 처리도 빨라요 대리점보다 가격도 낫네요ㅎㅎ
",삼성전자 갤럭시 S21 5G 256GB SKT가입,https://www.11st.co.kr/catalog/catalogDetail.tmall?method=catalogDetail&ctlgNo=46911782&trTypeCd=PW08&trCtgrNo=585021
233,SM-G991,갤럭시S21,5,11번가,jca****,2021-02-18,,"
여기저기 알아봤지만 t 멤버십 할인혜택까지 더 해 여기서 싸게 잘 샀어요. 배송도 신청 다음날 왔구요~ 사은품도 신청해서 기다리고 있습니다. 좋아요~~
",삼성전자 갤럭시 S21 5G 256GB SKT가입,https://www.11st.co.kr/catalog/catalogDetail.tmall?method=catalogDetail&ctlgNo=46911782&trTypeCd=PW08&trCtgrNo=585021
233,SM-G991,갤럭시S21,5,11번가,hyu*****,2021-04-02,,"
11번가에서 세번째 구입합니다. 
여기저기 매장알아보는것보다 훨씬 편하고 일시불로 구매할수 있어 좋고~ 
좋은가격에 사게되서 넘 좋아요 
성능은 말할것도 없이 넘 좋고요~ 
사진 지우기 기능 넘 좋네요~
",삼성전자 갤럭시 S21 5G 256GB SKT가입,https://www.11st.co.kr/catalog/catalogDetail.tmall?method=catalogDetail&ctlgNo=46911782&trTypeCd=PW08&trCtgrNo=585021
233,SM-G991,갤럭시S21,5,11번가,chu*****,2021-02-24,,"
빠르고 맘에 들어요. 사은품도 좋아요. 할인쿠폰이 적용을 몇번 시도해 보았지만 결국 안돼서 포기하고 주문했네요.
",삼성전자 갤럭시 S21 5G 256GB SKT가입,https://www.11st.co.kr/catalog/catalogDetail.tmall?method=catalogDetail&ctlgNo=46911782&trTypeCd=PW08&trCtgrNo=585021
233,SM-G991,갤럭시S21,5,11번가,dak*****,2021-03-14,,"
가장최신폰을 저렴히 구매하고 쓰던폰까지 반납해서 더 저렴이 구매했네요. 
사은품 가습기와 스피커 잘쓰겠습니다~~
",삼성전자 갤럭시 S21 5G 256GB SKT가입,https://www.11st.co.kr/catalog/catalogDetail.tmall?method=catalogDetail&ctlgNo=46911782&trTypeCd=PW08&trCtgrNo=585021
233,SM-G991,갤럭시S21,5,11번가,dqr****,2021-02-04,,"
주문하고 정확하게 상품 배송되었고 엄청 빨리와서 좋은상품 빨리 받아볼수 있어서 좋았어요
",삼성전자 갤럭시 S21 5G 256GB SKT가입,https://www.11st.co.kr/catalog/catalogDetail.tmall?method=catalogDetail&ctlgNo=46911782&trTypeCd=PW08&trCtgrNo=585021
233,SM-G991,갤럭시S21,3,11번가,sun****,2021-01-23,,"
호환 개통이 안됩니다, 일과후, 토일요일 되니까 
다음주 되어야 고객센터 도움을 받을수 있네요, 
많이 불편해요.
",삼성전자 갤럭시 S21 5G 256GB SKT가입,https://www.11st.co.kr/catalog/catalogDetail.tmall?method=catalogDetail&ctlgNo=46911782&trTypeCd=PW08&trCtgrNo=585021
233,SM-G991,갤럭시S21,5,11번가,rhy*********,2021-01-31,,"
카톡 상담도 친절하시고 설명을 잘 해주셨습니다. 스피커도 아주 귀엽고 가습기도 귀엽습니다.
",삼성전자 갤럭시 S21 5G 256GB SKT가입,https://www.11st.co.kr/catalog/catalogDetail.tmall?method=catalogDetail&ctlgNo=46911782&trTypeCd=PW08&trCtgrNo=585021
233,SM-G991,갤럭시S21,5,11번가,tjd******,2021-01-23,,"
기대를 많이 했던 S21 
원가절감으로 이전 20보다 조금 섭섭한점이 있네요. 
그래도 가격이 조금 낮아 걍 구입했습니다. 
고장없이 오래 쓰기를...
",삼성전자 갤럭시 S21 5G 256GB SKT가입,https://www.11st.co.kr/catalog/catalogDetail.tmall?method=catalogDetail&ctlgNo=46911782&trTypeCd=PW08&trCtgrNo=585021
233,SM-G991,갤럭시S21,5,11번가,koo****,2021-01-24,,"
상품도 만족하고 배송 및 개통에 대한 프로세스도 불편함이 없었습니다. 감사합니다.
",삼성전자 갤럭시 S21 5G 256GB SKT가입,https://www.11st.co.kr/catalog/catalogDetail.tmall?method=catalogDetail&ctlgNo=46911782&trTypeCd=PW08&trCtgrNo=585021
233,SM-G991,갤럭시S21,,11번가,pai*****,2021-03-12,,"
정말 아무것도 안주나요?
",삼성전자 갤럭시 S21 5G 256GB SKT 완납폰(단말할인),https://www.11st.co.kr/catalog/catalogDetail.tmall?method=catalogDetail&ctlgNo=47500230&trTypeCd=PW08&trCtgrNo=585021
233,SM-G991,갤럭시S21,5,11번가,pks*****,2021-03-03,,"
배송도 빠르고 저렴한 가격에 잘 샀어요 
상담도 친절하게 잘 해주셔서 감사합니다 
아들이 넘 좋아해요
",삼성전자 갤럭시 S21 5G 256GB SKT 완납폰(단말할인),https://www.11st.co.kr/catalog/catalogDetail.tmall?method=catalogDetail&ctlgNo=47500230&trTypeCd=PW08&trCtgrNo=585021
251,SM-A217,갤럭시 A21s,5,인터파크,g*s*****,21.02.26.,만족합니다,심믈하게 사용하시는 엄마위해 구매했어요 공기계가 필요혔는데 인터넷구매는 처음이라 신뢰가 중요했는데  판매자님과 상담후 믿고 주문해서 셀프개통 했는데  아주 좋아요  프로모션 알림주셔서  좀더 할인받고 배송도 빠르고 좋네요    폰이 보급용인데 고속충전에 배터리용량크고  nfc 도 있고 사진도 잘 나와 아주 좋아요 아쉬운건 노크온 기능이 없어  쓰던사람은 불편하구요  메모리는 아쉬우면 추가해야 할 것 같아요 기본앱과 사진 테스트정도 했는데  남은용량이 넉넉하진 않네요 사은품으로  받은  자석케이블~  도  실속있고 좋아요!,https://search.shopping.naver.com/catalog/23540038490?NaPm=ct%3Dkn9vew0g%7Cci%3D1d0f75ff19696bd83215ee74892fa3edea791bc9%7Ctr%3Dslsl%7Csn%3D95694%7Chk%3D5ed3cc96a5873c3b6e6a2964249b2da238ff398e,
251,SM-A217,갤럭시 A21s,5,폰이요,rain****,20.11.13.,배송이 정말 빠르네요 개봉 상품이라 걱정했는데 사후 문제 없음 약속해주셔서 구매했어요 폰 깔끔하고 좋아요 배터리가 오래가는 게 제일 맘에 드네요 게임이나 큰 기능 바라는 거 아니면,배송이 정말 빠르네요 개봉 상품이라 걱정했는데 사후 문제 없음 약속해주셔서 구매했어요 폰 깔끔하고 좋아요 배터리가 오래가는 게 제일 맘에 드네요 게임이나 큰 기능 바라는 거 아니면  구입할만 한 것 같아요 써봐야겠지만 지금으론 그렇네요 잘 쓰겠습니다,https://search.shopping.naver.com/catalog/23540038490?NaPm=ct%3Dkn9vew0g%7Cci%3D1d0f75ff19696bd83215ee74892fa3edea791bc9%7Ctr%3Dslsl%7Csn%3D95694%7Chk%3D5ed3cc96a5873c3b6e6a2964249b2da238ff398e,
251,SM-A217,갤럭시 A21s,4,삼성인증파트너 케이원정보,tiny****,21.04.02.,자급제가 품절이라 구하기 어려웠는데 여기서 자급제 살 수 있어서 좋았어요. 실버가 제가 생각하는 색은 아니더라고요. 핸드폰 상단에 살짝 찍힌 곳도 있어요. 배송이 빠른 편이었고 포,자급제가 품절이라 구하기 어려웠는데 여기서 자급제 살 수 있어서 좋았어요. 실버가 제가 생각하는 색은 아니더라고요. 핸드폰 상단에 살짝 찍힌 곳도 있어요. 배송이 빠른 편이었고 포장도 꼼꼼 했어요. 보내주신 케이스가 마음에 듭니다. 케이블도 잘 받았습니다. 기존에 쓰던 유심 끼우니 잘 작동합니다.,https://search.shopping.naver.com/catalog/23540038490?NaPm=ct%3Dkn9vew0g%7Cci%3D1d0f75ff19696bd83215ee74892fa3edea791bc9%7Ctr%3Dslsl%7Csn%3D95694%7Chk%3D5ed3cc96a5873c3b6e6a2964249b2da238ff398e,
251,SM-A217,갤럭시 A21s,5,폰맛집,dons****,21.02.09.,중학교 올라가는 아들이 너무 이쁘다고 5점 주라네요. 화면도 크고 가격도 저렴하고 색깔도 참 이쁘네요. 아이 엄마가 아들이 레드 고르니 별로 안좋아하더니 직접 보고는 참 이쁘다고 ,중학교 올라가는 아들이 너무 이쁘다고 5점 주라네요. 화면도 크고 가격도 저렴하고 색깔도 참 이쁘네요. 아이 엄마가 아들이 레드 고르니 별로 안좋아하더니 직접 보고는 참 이쁘다고 하네요. 남자 어른들이 쓰기에도 부담스럽지 않을 듯.,https://search.shopping.naver.com/catalog/23540038490?NaPm=ct%3Dkn9vew0g%7Cci%3D1d0f75ff19696bd83215ee74892fa3edea791bc9%7Ctr%3Dslsl%7Csn%3D95694%7Chk%3D5ed3cc96a5873c3b6e6a2964249b2da238ff398e,
251,SM-A217,갤럭시 A21s,5,하이마트쇼핑몰,s*y*****,21.01.20.,엄마폰 바꿔드림..s8 액정도 작고..,엄마폰 바꿔드림..s8 액정도 작고..배터리도 작아서 교환 해드렸는데..액정과 배터리 빼고는 성능은 s8 보다 낮네요..램도 낮고..기기 용량도 낮고..오자마자 개봉은 했는데..20년6월 만든 상품이네요..좀 더 최신 제품음 없었는지..아쉽기는 하네요..A31도 있었지만 할인 폭이 너무 짜네요..A21은 즉시할인 5만원 해주는데..A31도 할인 많이 해줬으면 31 사는건데..고장없이 오래썻음 하네요..,https://search.shopping.naver.com/catalog/23540038490?NaPm=ct%3Dkn9vew0g%7Cci%3D1d0f75ff19696bd83215ee74892fa3edea791bc9%7Ctr%3Dslsl%7Csn%3D95694%7Chk%3D5ed3cc96a5873c3b6e6a2964249b2da238ff398e,
251,SM-A217,갤럭시 A21s,5,폰맛집,lyn7****,21.02.15.,"가격과 제품은 가격비교가 워낙 잘되는 시대라 최저가로 구매했습니다.아버지 전화기가 명절전에 갑자기 고장 나셔서 급하게 찾아서 주문했습니다.판매자 직원분들께서 잘 응대해 주시고, 조","가격과 제품은 가격비교가 워낙 잘되는 시대라 최저가로 구매했습니다.아버지 전화기가 명절전에 갑자기 고장 나셔서 급하게 찾아서 주문했습니다.판매자 직원분들께서 잘 응대해 주시고, 조치해주셔서 퀵서비스로 빠르게 수령했습니다.연세가 많으시고, 전자기기에 미숙하셔서 제가 교체작업을 해드려야하는데 덕분에 잘 해결했습니다.감사드리고 사업 번창하세요!!!!",https://search.shopping.naver.com/catalog/23540038490?NaPm=ct%3Dkn9vew0g%7Cci%3D1d0f75ff19696bd83215ee74892fa3edea791bc9%7Ctr%3Dslsl%7Csn%3D95694%7Chk%3D5ed3cc96a5873c3b6e6a2964249b2da238ff398e,
251,SM-A217,갤럭시 A21s,5,옥션,s*k*****,20.08.16.,부모님용 갤럭시 액티브2 시계에 심전도 기능이 필요해서...,"부모님용 갤럭시 액티브2 시계에 심전도 기능이 필요해서, 급히 주문했습니다.(현재 다른 회사 폰이나 외국에 출시한 삼성폰은 안되는 상태인 듯)  메모리가 좀 작긴 하지만 게임 등을 안할 경우 기본적인 기능에 충실한 것 같고 가격도 착한 편이어서 별다른 불만이 없습니다.",https://search.shopping.naver.com/catalog/23540038490?NaPm=ct%3Dkn9vew0g%7Cci%3D1d0f75ff19696bd83215ee74892fa3edea791bc9%7Ctr%3Dslsl%7Csn%3D95694%7Chk%3D5ed3cc96a5873c3b6e6a2964249b2da238ff398e,
251,SM-A217,갤럭시 A21s,4,11번가,S|******,20.12.10.,좋아요,"배송이 빠르고 좋았습니다:) 뽁뽁이로 잘 포장되어서 왔네요ㅎㅎ 제품은 전화 및 유트브 감상, 소셜미디어 이용 딱 그 정도만 쓸 폰이라 나쁘지 않습니다. 서브폰용으로 매우 만족스럽지만,  평소 중저가폰을 사용하지 않던 사용자라면 속도가 만족스럽지 못할 수도 있을것 같네요.",https://search.shopping.naver.com/catalog/23540038490?NaPm=ct%3Dkn9vew0g%7Cci%3D1d0f75ff19696bd83215ee74892fa3edea791bc9%7Ctr%3Dslsl%7Csn%3D95694%7Chk%3D5ed3cc96a5873c3b6e6a2964249b2da238ff398e,
251,SM-A217,갤럭시 A21s,5,인터파크,b*c*****,21.02.27.,배송빠르고 이쁘네요,"애들 사용하려고 구매했는데, 배송도 빠르고 이쁘네요",https://search.shopping.naver.com/catalog/23540038490?NaPm=ct%3Dkn9vew0g%7Cci%3D1d0f75ff19696bd83215ee74892fa3edea791bc9%7Ctr%3Dslsl%7Csn%3D95694%7Chk%3D5ed3cc96a5873c3b6e6a2964249b2da238ff398e,
251,SM-A217,갤럭시 A21s,5,삼성인증파트너 쇼마젠시,82wi****,20.09.16.,선물용으로 구매해서 아직 개봉하지 않았지만 선물받으신 분이 만족하셔서 다행입니다. 통신사 앱 깔려있지 않은 자급제폰으로 잘 샀습니다.포장상태 좋고 실링도 잘 되어 있었습니다.,선물용으로 구매해서 아직 개봉하지 않았지만 선물받으신 분이 만족하셔서 다행입니다. 통신사 앱 깔려있지 않은 자급제폰으로 잘 샀습니다.포장상태 좋고 실링도 잘 되어 있었습니다.,https://search.shopping.naver.com/catalog/23540038490?NaPm=ct%3Dkn9vew0g%7Cci%3D1d0f75ff19696bd83215ee74892fa3edea791bc9%7Ctr%3Dslsl%7Csn%3D95694%7Chk%3D5ed3cc96a5873c3b6e6a2964249b2da238ff398e,
251,SM-A217,갤럭시 A21s,5,폰맛집,gloh****,21.03.14.,아직은 업데이트도 잘 되고 사용하기 괜찮습니다.몇 번 떨어뜨렸는데도 고장 없이 쓰고 있어요.만족합니다.,아직은 업데이트도 잘 되고 사용하기 괜찮습니다.몇 번 떨어뜨렸는데도 고장 없이 쓰고 있어요.만족합니다.,https://search.shopping.naver.com/catalog/23540038490?NaPm=ct%3Dkn9vew0g%7Cci%3D1d0f75ff19696bd83215ee74892fa3edea791bc9%7Ctr%3Dslsl%7Csn%3D95694%7Chk%3D5ed3cc96a5873c3b6e6a2964249b2da238ff398e,
251,SM-A217,갤럭시 A21s,5,폰맛집,mysj****,20.12.12.,아이 선물주려고 샀어요. 무척 가볍고 성능이 좋아서 제가 탐이 나네요^^,아이 선물주려고 샀어요. 무척 가볍고 성능이 좋아서 제가 탐이 나네요^^,https://search.shopping.naver.com/catalog/23540038490?NaPm=ct%3Dkn9vew0g%7Cci%3D1d0f75ff19696bd83215ee74892fa3edea791bc9%7Ctr%3Dslsl%7Csn%3D95694%7Chk%3D5ed3cc96a5873c3b6e6a2964249b2da238ff398e,
251,SM-A217,갤럭시 A21s,5,폰맛집,gloh****,21.03.14.,아직까지는 업데이트도 잘 되고 사용하기 괜찮습니다.핸드폰 기본 기능만 사용해서 만족합니다.,아직까지는 업데이트도 잘 되고 사용하기 괜찮습니다.핸드폰 기본 기능만 사용해서 만족합니다.,https://search.shopping.naver.com/catalog/23540038490?NaPm=ct%3Dkn9vew0g%7Cci%3D1d0f75ff19696bd83215ee74892fa3edea791bc9%7Ctr%3Dslsl%7Csn%3D95694%7Chk%3D5ed3cc96a5873c3b6e6a2964249b2da238ff398e,
251,SM-A217,갤럭시 A21s,5,폰맛집,halo****,21.03.18.,아이가 맘에들어해요,아이가 맘에들어해요,https://search.shopping.naver.com/catalog/23540038490?NaPm=ct%3Dkn9vew0g%7Cci%3D1d0f75ff19696bd83215ee74892fa3edea791bc9%7Ctr%3Dslsl%7Csn%3D95694%7Chk%3D5ed3cc96a5873c3b6e6a2964249b2da238ff398e,
251,SM-A217,갤럭시 A21s,3,삼성인증파트너 케이원정보,cs61****,21.03.27.,요즘엔 보급도 잘 나오네 하고 샀는데 그냥 그러네요. 카메라 갯수만 늘렸지 좋은것 같지않고 액정도 lcd라 확실히 별롭니다. 보급형도 최소 a3 시리즈 정도는 사야 삼페도 되고 액,요즘엔 보급도 잘 나오네 하고 샀는데 그냥 그러네요. 카메라 갯수만 늘렸지 좋은것 같지않고 액정도 lcd라 확실히 별롭니다. 보급형도 최소 a3 시리즈 정도는 사야 삼페도 되고 액정도 봐줄만 할 듯 합니다,https://search.shopping.naver.com/catalog/23540038490?NaPm=ct%3Dkn9vew0g%7Cci%3D1d0f75ff19696bd83215ee74892fa3edea791bc9%7Ctr%3Dslsl%7Csn%3D95694%7Chk%3D5ed3cc96a5873c3b6e6a2964249b2da238ff398e,
251,SM-A217,갤럭시 A21s,5,삼성인증파트너 케이원정보,wise****,21.03.09.,어머니 쓰시려고 구입했어요 생각보다 크기가 큰데 화면보기는 좋아요!,어머니 쓰시려고 구입했어요 생각보다 크기가 큰데 화면보기는 좋아요!,https://search.shopping.naver.com/catalog/23540038490?NaPm=ct%3Dkn9vew0g%7Cci%3D1d0f75ff19696bd83215ee74892fa3edea791bc9%7Ctr%3Dslsl%7Csn%3D95694%7Chk%3D5ed3cc96a5873c3b6e6a2964249b2da238ff398e,
251,SM-A217,갤럭시 A21s,5,인터파크,n*w*****,21.03.06.,잘 받았어요~,"부모님 필요하셔서 자급제폰으로 잘 구해했어요~배송은 3일 정도 걸렸구요, 구폰 사용해서 조금 저렴하게 구매했어요~",https://search.shopping.naver.com/catalog/23540038490?NaPm=ct%3Dkn9vew0g%7Cci%3D1d0f75ff19696bd83215ee74892fa3edea791bc9%7Ctr%3Dslsl%7Csn%3D95694%7Chk%3D5ed3cc96a5873c3b6e6a2964249b2da238ff398e,
251,SM-A217,갤럭시 A21s,5,폰맛집,yzin****,21.03.23.,자급제로 꼭 사세요효도폰으로 참 좋아요,자급제로 꼭 사세요효도폰으로 참 좋아요,https://search.shopping.naver.com/catalog/23540038490?NaPm=ct%3Dkn9vew0g%7Cci%3D1d0f75ff19696bd83215ee74892fa3edea791bc9%7Ctr%3Dslsl%7Csn%3D95694%7Chk%3D5ed3cc96a5873c3b6e6a2964249b2da238ff398e,
251,SM-A217,갤럭시 A21s,5,폰맛집,pink****,21.03.18.,자급제사서 유심으로 잘 쓰는중입니다,자급제사서 유심으로 잘 쓰는중입니다,https://search.shopping.naver.com/catalog/23540038490?NaPm=ct%3Dkn9vew0g%7Cci%3D1d0f75ff19696bd83215ee74892fa3edea791bc9%7Ctr%3Dslsl%7Csn%3D95694%7Chk%3D5ed3cc96a5873c3b6e6a2964249b2da238ff398e,
251,SM-A217,갤럭시 A21s,5,폰이요,kyus****,21.03.21.,배송빠르고 문제없이 잘됩니다,배송빠르고 문제없이 잘됩니다,https://search.shopping.naver.com/catalog/23540038490?NaPm=ct%3Dkn9vew0g%7Cci%3D1d0f75ff19696bd83215ee74892fa3edea791bc9%7Ctr%3Dslsl%7Csn%3D95694%7Chk%3D5ed3cc96a5873c3b6e6a2964249b2da238ff398e,
,,,,,,,,,,
,,,,,,,,,,
,,,,,,,,,,
,,,,,,,,,,
,,,,,,,,,,
,,,,,,,,,,
,,,,,,,,,,
,,,,,,,,,,
,,,,,,,,,,
,,,,,,,,,,
,,,,,,,,,,
,,,,,,,,,,
,,,,,,,,,,
,,,,,,,,,,
,,,,,,,,,,
,,,,,,,,,,
,,,,,,,,,,
,,,,,,,,,,
,,,,,,,,,,
,,,,,,,,,,
,,,,,,,,,,
,,,,,,,,,,
,,,,,,,,,,
,,,,,,,,,,
,,,,,,,,,,
,,,,,,,,,,
,,,,,,,,,,
,,,,,,,,,,
,,,,,,,,,,
,,,,,,,,,,
,,,,,,,,,,
,,,,,,,,,,
,,,,,,,,,,
,,,,,,,,,,
,,,,,,,,,,
,,,,,,,,,,
,,,,,,,,,,
,,,,,,,,,,
,,,,,,,,,,
,,,,,,,,,,
,,,,,,,,,,
,,,,,,,,,,
,,,,,,,,,,
,,,,,,,,,,
,,,,,,,,,,
,,,,,,,,,,
,,,,,,,,,,
,,,,,,,,,,
,,,,,,,,,,
,,,,,,,,,,
,,,,,,,,,,
,,,,,,,,,,
,,,,,,,,,,
,,,,,,,,,,
,,,,,,,,,,
,,,,,,,,,,
,,,,,,,,,,
,,,,,,,,,,
,,,,,,,,,,
,,,,,,,,,,
,,,,,,,,,,
,,,,,,,,,,
,,,,,,,,,,
,,,,,,,,,,
,,,,,,,,,,
,,,,,,,,,,
,,,,,,,,,,
,,,,,,,,,,
,,,,,,,,,,
,,,,,,,,,,
,,,,,,,,,,
,,,,,,,,,,
,,,,,,,,,,
,,,,,,,,,,
,,,,,,,,,,
,,,,,,,,,,
,,,,,,,,,,
,,,,,,,,,,
,,,,,,,,,,
,,,,,,,,,,
,,,,,,,,,,
,,,,,,,,,,
,,,,,,,,,,
,,,,,,,,,,
,,,,,,,,,,
,,,,,,,,,,
,,,,,,,,,,
,,,,,,,,,,
,,,,,,,,,,
,,,,,,,,,,
,,,,,,,,,,
,,,,,,,,,,
,,,,,,,,,,
,,,,,,,,,,
,,,,,,,,,,
,,,,,,,,,,
,,,,,,,,,,
,,,,,,,,,,
,,,,,,,,,,
,,,,,,,,,,
,,,,,,,,,,
,,,,,,,,,,
,,,,,,,,,,
,,,,,,,,,,
,,,,,,,,,,
,,,,,,,,,,
,,,,,,,,,,
,,,,,,,,,,
,,,,,,,,,,
,,,,,,,,,,
,,,,,,,,,,
,,,,,,,,,,
,,,,,,,,,,
,,,,,,,,,,
,,,,,,,,,,
,,,,,,,,,,
,,,,,,,,,,
,,,,,,,,,,
,,,,,,,,,,
,,,,,,,,,,
,,,,,,,,,,
,,,,,,,,,,
,,,,,,,,,,
,,,,,,,,,,
,,,,,,,,,,
,,,,,,,,,,
,,,,,,,,,,
,,,,,,,,,,
,,,,,,,,,,
,,,,,,,,,,
,,,,,,,,,,
,,,,,,,,,,
,,,,,,,,,,
,,,,,,,,,,
,,,,,,,,,,
,,,,,,,,,,
,,,,,,,,,,
,,,,,,,,,,
,,,,,,,,,,
,,,,,,,,,,
,,,,,,,,,,
,,,,,,,,,,
,,,,,,,,,,
,,,,,,,,,,
,,,,,,,,,,
,,,,,,,,,,
,,,,,,,,,,
,,,,,,,,,,
,,,,,,,,,,
,,,,,,,,,,
,,,,,,,,,,
,,,,,,,,,,
,,,,,,,,,,
,,,,,,,,,,
,,,,,,,,,,
,,,,,,,,,,
,,,,,,,,,,
,,,,,,,,,,
,,,,,,,,,,
,,,,,,,,,,
,,,,,,,,,,
,,,,,,,,,,
,,,,,,,,,,
,,,,,,,,,,
,,,,,,,,,,
,,,,,,,,,,
,,,,,,,,,,
,,,,,,,,,,
,,,,,,,,,,
,,,,,,,,,,
,,,,,,,,,,
,,,,,,,,,,
,,,,,,,,,,
,,,,,,,,,,
,,,,,,,,,,
,,,,,,,,,,
,,,,,,,,,,
,,,,,,,,,,
,,,,,,,,,,
,,,,,,,,,,
,,,,,,,,,,
,,,,,,,,,,
,,,,,,,,,,
,,,,,,,,,,
,,,,,,,,,,
,,,,,,,,,,
,,,,,,,,,,
,,,,,,,,,,
,,,,,,,,,,
,,,,,,,,,,
,,,,,,,,,,
,,,,,,,,,,
,,,,,,,,,,
,,,,,,,,,,
,,,,,,,,,,
,,,,,,,,,,
,,,,,,,,,,
,,,,,,,,,,
,,,,,,,,,,
,,,,,,,,,,
,,,,,,,,,,
,,,,,,,,,,
,,,,,,,,,,
,,,,,,,,,,
,,,,,,,,,,
,,,,,,,,,,
,,,,,,,,,,
,,,,,,,,,,
,,,,,,,,,,
,,,,,,,,,,
,,,,,,,,,,
,,,,,,,,,,
,,,,,,,,,,
,,,,,,,,,,
,,,,,,,,,,
,,,,,,,,,,
,,,,,,,,,,
,,,,,,,,,,
,,,,,,,,,,
,,,,,,,,,,
,,,,,,,,,,
,,,,,,,,,,
,,,,,,,,,,
,,,,,,,,,,
,,,,,,,,,,
,,,,,,,,,,
,,,,,,,,,,
,,,,,,,,,,
,,,,,,,,,,
,,,,,,,,,,
,,,,,,,,,,
,,,,,,,,,,
,,,,,,,,,,
,,,,,,,,,,
,,,,,,,,,,
,,,,,,,,,,
,,,,,,,,,,
,,,,,,,,,,
,,,,,,,,,,
,,,,,,,,,,
,,,,,,,,,,
,,,,,,,,,,
,,,,,,,,,,
,,,,,,,,,,
,,,,,,,,,,
,,,,,,,,,,
,,,,,,,,,,
,,,,,,,,,,
,,,,,,,,,,
,,,,,,,,,,
,,,,,,,,,,
,,,,,,,,,,
,,,,,,,,,,
,,,,,,,,,,
,,,,,,,,,,
,,,,,,,,,,
,,,,,,,,,,
,,,,,,,,,,
,,,,,,,,,,
,,,,,,,,,,
,,,,,,,,,,
,,,,,,,,,,
,,,,,,,,,,
,,,,,,,,,,
,,,,,,,,,,
,,,,,,,,,,
,,,,,,,,,,
,,,,,,,,,,
,,,,,,,,,,
,,,,,,,,,,
,,,,,,,,,,
,,,,,,,,,,
,,,,,,,,,,
,,,,,,,,,,
,,,,,,,,,,
,,,,,,,,,,
,,,,,,,,,,
,,,,,,,,,,
,,,,,,,,,,
,,,,,,,,,,
,,,,,,,,,,
,,,,,,,,,,
,,,,,,,,,,
,,,,,,,,,,
,,,,,,,,,,
,,,,,,,,,,
,,,,,,,,,,
,,,,,,,,,,
,,,,,,,,,,
,,,,,,,,,,
,,,,,,,,,,
,,,,,,,,,,
,,,,,,,,,,
,,,,,,,,,,
,,,,,,,,,,
,,,,,,,,,,
,,,,,,,,,,
,,,,,,,,,,
,,,,,,,,,,
,,,,,,,,,,
,,,,,,,,,,
,,,,,,,,,,
,,,,,,,,,,
,,,,,,,,,,
,,,,,,,,,,
,,,,,,,,,,
,,,,,,,,,,
,,,,,,,,,,
,,,,,,,,,,
,,,,,,,,,,
,,,,,,,,,,
,,,,,,,,,,
,,,,,,,,,,
,,,,,,,,,,
,,,,,,,,,,
,,,,,,,,,,
,,,,,,,,,,
,,,,,,,,,,
,,,,,,,,,,
,,,,,,,,,,
,,,,,,,,,,
,,,,,,,,,,
,,,,,,,,,,
,,,,,,,,,,
,,,,,,,,,,
,,,,,,,,,,
,,,,,,,,,,
,,,,,,,,,,
,,,,,,,,,,
,,,,,,,,,,
,,,,,,,,,,
,,,,,,,,,,
,,,,,,,,,,
,,,,,,,,,,
,,,,,,,,,,
,,,,,,,,,,
,,,,,,,,,,
,,,,,,,,,,
,,,,,,,,,,
,,,,,,,,,,
,,,,,,,,,,
,,,,,,,,,,
,,,,,,,,,,
,,,,,,,,,,
,,,,,,,,,,
,,,,,,,,,,
,,,,,,,,,,
,,,,,,,,,,
,,,,,,,,,,
,,,,,,,,,,
,,,,,,,,,,
,,,,,,,,,,
,,,,,,,,,,
,,,,,,,,,,
,,,,,,,,,,
,,,,,,,,,,
,,,,,,,,,,
,,,,,,,,,,
,,,,,,,,,,
,,,,,,,,,,
,,,,,,,,,,
,,,,,,,,,,
,,,,,,,,,,
,,,,,,,,,,
,,,,,,,,,,
,,,,,,,,,,
,,,,,,,,,,
,,,,,,,,,,
,,,,,,,,,,
,,,,,,,,,,
,,,,,,,,,,
,,,,,,,,,,
,,,,,,,,,,
,,,,,,,,,,
,,,,,,,,,,
,,,,,,,,,,
,,,,,,,,,,
,,,,,,,,,,
,,,,,,,,,,
,,,,,,,,,,
,,,,,,,,,,
,,,,,,,,,,
,,,,,,,,,,
,,,,,,,,,,
,,,,,,,,,,
,,,,,,,,,,
,,,,,,,,,,
,,,,,,,,,,
,,,,,,,,,,
,,,,,,,,,,
,,,,,,,,,,
,,,,,,,,,,
,,,,,,,,,,
,,,,,,,,,,
,,,,,,,,,,
,,,,,,,,,,
,,,,,,,,,,
,,,,,,,,,,
,,,,,,,,,,
,,,,,,,,,,
,,,,,,,,,,
,,,,,,,,,,
,,,,,,,,,,
,,,,,,,,,,
,,,,,,,,,,
,,,,,,,,,,
,,,,,,,,,,
,,,,,,,,,,
,,,,,,,,,,
,,,,,,,,,,
,,,,,,,,,,
,,,,,,,,,,
,,,,,,,,,,
,,,,,,,,,,
,,,,,,,,,,
,,,,,,,,,,
,,,,,,,,,,
,,,,,,,,,,
,,,,,,,,,,
,,,,,,,,,,
,,,,,,,,,,
,,,,,,,,,,
,,,,,,,,,,
,,,,,,,,,,
,,,,,,,,,,
,,,,,,,,,,
,,,,,,,,,,
,,,,,,,,,,
,,,,,,,,,,
,,,,,,,,,,
,,,,,,,,,,
,,,,,,,,,,
,,,,,,,,,,
,,,,,,,,,,
,,,,,,,,,,
,,,,,,,,,,
,,,,,,,,,,
,,,,,,,,,,
,,,,,,,,,,
,,,,,,,,,,
,,,,,,,,,,
,,,,,,,,,,
,,,,,,,,,,
,,,,,,,,,,
,,,,,,,,,,
,,,,,,,,,,
,,,,,,,,,,
,,,,,,,,,,
,,,,,,,,,,
,,,,,,,,,,
,,,,,,,,,,
,,,,,,,,,,
,,,,,,,,,,
,,,,,,,,,,
,,,,,,,,,,
,,,,,,,,,,
,,,,,,,,,,
,,,,,,,,,,
,,,,,,,,,,
,,,,,,,,,,
,,,,,,,,,,
,,,,,,,,,,
,,,,,,,,,,
,,,,,,,,,,
,,,,,,,,,,
,,,,,,,,,,
,,,,,,,,,,
,,,,,,,,,,
,,,,,,,,,,
,,,,,,,,,,
,,,,,,,,,,
,,,,,,,,,,
,,,,,,,,,,
,,,,,,,,,,
,,,,,,,,,,
,,,,,,,,,,
,,,,,,,,,,
,,,,,,,,,,
