sc_id,sc_model_name,sc_model_code,sc_maker,sc_release_date,sc_os,sc_sale_type,sc_display_cm,sc_display_in,sc_display_type,sc_display_resolution,sc_display_ppi,sc_display_hz,sc_display_aspect_ratio,sc_display_size,sc_display_width,sc_display_height,sc_display_hdr,sc_ap_type,sc_core,sc_core_clock,sc_gpu_core,sc_npu_dsp,sc_sensor_hub,sc_modem,sc_ram,sc_Builtin_memory,sc_storage,sc_external_memory,sc_5g,sc_4g,sc_wifi,sc_bluetooth,sc_satellite,sc_usim_type,sc_dual_usim,sc_camera_type,sc_back_camera,sc_front_camera,sc_camera_resolution,sc_flash,sc_photo_resolution,sc_front_resolution,sc_front_video_resolution,sc_camera_aperture,sc_hand_tremor_correction,sc_hand_tremor_protection,sc_camera_flash,sc_hdr_filming,sc_auto_hdr,sc_optical_zoom,sc_geotag,sc_laser_auto_focus,sc_auto_focus,sc_out_focus,sc_touch_focus,sc_panorama,sc_tof,sc_night_photography,sc_iphone_terminal,sc_speaker,sc_high_sound_quality,sc_sound_technology,sc_fingerprint,sc_face,sc_iris,sc_voice,sc_ai,sc_payment,sc_touch_pen,sc_dustproof,sn_etc,sn_charging_terminal,sc_battery,sc_battery_type1,sc_battery_type2,sc_battery_type3,sc_battery_terminal,sc_fast_charge,sc_wireless_charge,sc_color,sc_width,sc_height,sc_thickness,sc_weight
1,아이폰11,A2221,apple,2019. 09,iOS 13,,,6.1,IPS,828 x 1792,324,,,,64.99,140.65,,Apple A13 Bionic APL1W85,6개 (64 비트),2650MHz,,,,,4 GB,64GB/128GB/256GB,,,,4G,,5,,나노유심,,,,,,Dual LED,4032 x 3024 (12.2 메가픽셀),4032 x 3024 (12.2 메가픽셀),3840 x 2160 60 FPS,F/1.8,,,,,,,,,,,,,,,,,,,,,,,,apple pay,,,,,3110,Li-Ion,,"급속충전
일체형",,,무선충전 지원,,75.7,150.9,8.3,"194"
2,아이폰11 Pro,A2215,apple,2019. 09,iOS 13,,,5.8,OLED,1125 x 2436,463,,,,61.77,133.75,,Apple A13 Bionic APL1W85,6개 (64 비트),2650MHz,,,,,4 GB,64GB/256GB/512GB,,,,4G,,5,,나노유심,,,,,,LED,4032 x 3024 (12.2 메가픽셀),4032 x 3024 (12.2 메가픽셀),3840 x 2160 60 FPS,F/1.8,,,,,,,,,,,,,,,,,,,,,,,,apple pay,,,,,3190,Li-Ion,,"급속충전
일체형",,,무선충전 지원,,71.4,144,8.1,"188"
3,아이폰11 Pro Max,A2218,apple,2019. 09,iOS 13,,,6.5,OLED,1242 x 2688,456,,,,69.25,149.87,,Apple A13 Bionic APL1W85,6개 (64 비트),2650MHz,,,,,4 GB,64GB/256GB/512GB,,,,4G,,5,,나노유심 ,,,,,,Dual LED,4032 x 3024 (12.2 메가픽셀),4032 x 3024 (12.2 메가픽셀),3840 x 2160 60 FPS,F/1.8,,,,,,,,,,,,,,,,,,,,,,,,apple pay,,,,,3500,Li-Ion,,"급속충전
일체형",,,무선충전 지원,,77.8,158,8.1,"226"
4,아이폰Xs,A2097,apple,2018. 09,iOS 12,,,5.8,OLED,1125 x 2436,463,,,,61.77,133.75,,Apple A12 Bionic APL1W81,6개 (64 비트),2500MHz,,,,,4 GB,64GB/256GB/512GB,,,,4G,,5,,나노유심,,,,,,,4032 x 3024 (12.2 메가픽셀),3088 x 2316 (7.2 메가픽셀),60 FPS,F/1.8,,,,,,,,,,,,,,,,,,,,FaceID,,,,apple pay,,,,,2658,Li-Ion,,"급속충전
일체형",,,무선충전 지원,,70.9,143.6,7.7,"177"
5,아이폰Xs Max,A2101,apple,2018. 09,iOS 12,,,6.5,OLED,1242 x 2688,456,,,,69.25,149.87,,Apple A12 Bionic APL1W81,6개 (64 비트),2500MHz,,,,,4 GB,64GB/256GB/512GB,,,,4G,,5,,나노유심,,,,,,,4032 x 3024 (12.2 메가픽셀),3088 x 2316 (7.2 메가픽셀),60 FPS,F/1.8,,,,,,,,,,,,,,,,,,,,FaceID,,,,apple pay,,,,,3174,Li-Ion,,"급속충전
일체형",,,무선충전 지원,,77.4,157.5,7.9,"208"
6,아이폰Xr,A2105,apple,2018. 09,iOS 12,,,6.1,IPS,828 x 1792,324,,,,64.99,140.65,,Apple A12 Bionic APL1W81,6개 (64 비트),2500MHz,,,,,3 GB,64GB/128GB/256GB,,,,4G,,5,,나노유심,,,,,,,4032 x 3024 (12.2 메가픽셀),3088 x 2316 (7.2 메가픽셀),60 FPS,F/1.8,,,,,,,,,,,,,,,,,,,,FaceID,,,,apple pay,,,,,2942,Li-Ion,,"급속충전
일체형",,,무선충전 지원,,75.7,150.9,8.3,"194"
7,아이폰X,A1901,apple,2017. 11,iOS 11,,,5.8,OLED,1125 x 2436,463,,,,61.77,133.75,,Apple A11 Bionic APL1W72,6개 (64 비트),2100MHz,,,,,3 GB,64GB/256GB,,,,4G,,5,,나노유심,,,,,,,4032 x 3024 (12.2 메가픽셀),3088 x 2320 (7.2 메가픽셀),3840 x 2160 60 FPS,F/1.8,,,,,,,,,,,,,,,,,,,,FaceID,,,,Apple Pay,,,,,2716,Li-Ion,,"급속충전
일체형",,,무선충전 지원,,70.9,143.6,7.7,"174"
8,아이폰8,A1905,apple,2017. 09,iOS 11,,,4.7,IPS,750 x 1334,326,,,,58.51,104.06,,Apple A11 Bionic APL1W72,6개 (64 비트),2100MHz,,,,,2 GB,64GB/256GB,,,,4G,,5,,나노유심,,,,,,,4032 x 3024 (12.2 메가픽셀),,30 FPS,F/1.8,,,,,,,,,,,,,,,,,,,지문인식,,,,,apple pay,,,,,1821,Li-Ion,,"급속충전
일체형",,,무선충전 지원,,67.3,138.4,7.3,"148"
9,아이폰8 Plus,A1897,apple,2017. 09,iOS 11,,,5.5,IPS,1080 x 1920,401,,,,68.49,121.76,,Apple A11 Bionic APL1W72,6개 (64 비트),2100MHz,,,,,3 GB,64GB/256GB,,,,4G,,5,,나노유심,,,,,,,4032 x 3024 (12.2 메가픽셀),,30 FPS,F/1.8,,,,,,,,,,,,,,,,,,,지문인식,,,,,apple pay,,,,,2691,Li-Ion,,"급속충전
일체형",,,무선충전 지원,,78.1,158.4,7.5,"202"
10,아이폰7,A1778,apple,2016. 10,iOS 10 | iOS 11.4,,,4.7,IPS,750 x 1334,326,,,,58.51,104.06,,Apple A10 Fusion APL1W24,4개 (64 비트),2370MHz,PowerVR,,,,2 GB,32GB/128GB/256GB,,,,4G,,4.2,,나노유심,,,,,,,4032 x 3024 (12.2 메가픽셀),3088 x 2320 (7.2 메가픽셀),3840 x 2160 30 FPS,F/1.8,,,,,,,,,,,,,,,,,,,지문인식,,,,,apple pay,,,,,1960,Li-Ion,,일체형,,,,,67.1,138.3,7.1,"138"
11,아이폰7 Plus,A1784,apple,2016. 10,iOS 10 | iOS 11.4,,,5.5,IPS,1080 x 1920,401,,,,68.49,121.76,,Apple A10 Fusion APL1W24,4개 (64 비트),2370MHz,PowerVR,,,,3 GB,32GB/128GB/256GB,,,,4G,,4.2,,나노유심,,,,,,,4032 x 3024 (12.2 메가픽셀),3088 x 2320 (7.2 메가픽셀),3840 x 2160 30 FPS,F/1.8 - 2.8,,,,,,,,,,,,,,,,,,,지문인식,,,,,apple pay,,,,,2900,Li-Ion,,일체형,,,,,77.9,158.2,7.3,"188"
12,아이폰SE,A1723,apple,2016. 05,iOS 9.3,,,4,IPS,640 x 1136,326,,,,49.87,88.52,,Apple A9 APL0898,2개 (64 비트),1840MHz,PowerVR GT7600,,,,2 GB,16GB/32GB/64GB/128GB,,,,4G,802.11a/b/g/n/ac,4.2,,나노유심 ,,,,,,Dual LED,4032 x 3024 (12.2 메가픽셀),,3840 x 2160 (UHD)30 FPS,F/2.2,,,,,,,,,,,,,,,,,,,지문인식,,,,,Apple Pay,,,,,1642,Li-Polymer,,일체형,,,,,58.6,123.8,7.6,"113"
13,아이폰6s,A1688,apple,2015. 10,iOS 9 | iOS 10 | iOS 11.4 | iOS 12.3,,,4.7,IPS,750 x 1334,326,,,,58.51,104.06,,Apple A9 APL0898,2개 (64 비트),1840MHz,PowerVR GT7600,,,,2 GB,16GB/64GB/128GB,,,,4G,802.11a/b/g/n/ac,4.2,,나노유심 ,,,,,,Dual LED,4032 x 3024 (12.2 메가픽셀),2560 x 1920 (4.9 메가픽셀),3840 x 2160 (UHD)30 FPS,F/2.2,,,,,,,,,,,,,,,,,,,지문인식,,,,,Apple Pay,,,,,1715,Li-Polymer,,일체형,,,,,67.1,138.3,7.1,"143"
14,아이폰6s Plus,A1687,apple,2015. 10,iOS 9 | iOS 10 | iOS 11.4 | iOS 12.3,,,5.5,IPS,1080 x 1920,401,,,,68.49,121.76,,Apple A9 APL1022,2개 (64 비트),1840MHz,PowerVR GT7600,,,,2 GB,16GB/64GB/128GB,,,,4G,802.11a/b/g/n/ac,4.2,,나노유심 ,,,,,,Dual LED,4032 x 3024 (12.2 메가픽셀),2560 x 1920 (4.9 메가픽셀),3840 x 2160 (UHD)30 FPS,F/2.2,,,,,,,,,,,,,,,,,,,지문인식,,,,,Apple Pay,,,,,2750,Li-Polymer,,일체형,,,,,77.9,158.2,7.3,"192"
15,아이폰6 Plus,A1524,apple,2014. 10,iOS 9,,,5.5,IPS,1080 x 1920,401,,,,68.49,121.76,,Apple A9 APL1022,2개 (64 비트),1840MHz,PowerVR GT7600,,,,2 GB,16GB/64GB/128GB,,,,4G,802.11a/b/g/n/ac,4.2,,나노유심 ,,,,,,Dual LED,4032 x 3024 (12.2 메가픽셀),2560 x 1920 (4.9 메가픽셀),3840 x 2160 (Full HD)30 FPS,F/2.2,,,,,,,,,,,,,,,,,,,지문인식,,,,,apple pay,,,,,2750,Li-Polymer,,일체형,,,,,77.9,158.2,7.3,"172"
16,아이폰5s,A1530,apple,2013. 10,iOS 7.0.3 | iOS 9,,,4,IPS,640 x 1136,326,,,,49.87,88.52,,Apple A7 APL0698,2개 (64 비트),1300MHz,PowerVR G6430,,,,1 GB,16GB/32GB,,,,4G,802.11a/b/g/n,4,,나노유심 ,,,,,,Dual LED,3264 x 2448 (8 메가픽셀),1280 x 960 (1.2 메가픽셀),1920 x 1080 (Full HD)30 FPS,F/2.2,,,,,,,,,,,,,,,,,,,지문인식,,,,,,,,,,1560,Li-Polymer,,일체형,,,,,58.6,123.8,7.6,"112"
17,아이폰4s,A1387,apple,2011. 11,iOS 5 | iOS 6.1.3 | iOS 7.0.4 | iOS 8.0.2,,,3.5,IPS,640 x 960,330,,,,49.31,73.97,,Apple A5 APL0498,2개 (32 비트),800MHz,PowerVR SGX543 MP2,,,,512 MB,8GB/16GB/32GB/64GB,,,,,802.11b/g/n,4,,마이크로유심 ,,,,,,LED,3264 x 2448 (8 메가픽셀),640 x 480 (0.3 메가픽셀),1920 x 1080 (Full HD)30 FPS,F/2.4,,,,,,,,,,,,,,,,,,,,,,,,,,,,,1432,Li-Polymer,,일체형,,,,,58.6,115.2,9.3,"140"
18,아이폰4,A1332,apple,2011. 03,iOS 4 | iOS 6.1.3 | iOS 7.0.4,,,3.5,IPS,640 x 960,330,,,,49.31,73.97,,Apple A4 APL0398,1개 (32 비트),800MHz,PowerVR SGX535,,,,512 MB,8GB/16GB/32GB,,,,,802.11b/g/n,2.1,,마이크로유심 ,,,,,,LED,2560 x 1920 (4.9 메가픽셀),,1280 x 720 (HD)30 FPS,F/2.8,,,,,,,,,,,,,,,,,,,,,,,,,,,,,1420,Li-Polymer,,일체형,,,,,58.6,115.2,9.3,"137"
19,갤럭시 A90 5G,SM-A908,samsung,2019. 09,안드로이드 9.0 Pie,,,6.7,Super AMOLED,1080 x 2400,393,,,,69.84,155.19,,Qualcomm Snapdragon 855,8개 (64 비트),2840MHz,Qualcomm Adreno 640,,,,6 | 8 GB,128GB,,,5G,,,5,,나노유심 ,,,,,,LED,8000 x 6000 (48 메가픽셀),6560 x 4928 (32.3 메가픽셀),3840 x 2160 30 FPS,F/2,,,,,,,,,,,,,,,,,,,지문인식,,,,,SAMSUNG Pay,,,,,4500,Li-Polymer,,"급속충전
일체형",,,,,76.4,164.8,8.4,"206"
20,갤럭시 A40,SM-A405,samsung,2019. 07,안드로이드 9.0 Pie,,,5.9,Super AMOLED,1080 x 2340,437,,,,62.8,136.07,,Samsung Exynos 7 Octa 7904,8개 (64 비트),1800MHz,ARM MaliG71 MP2,,,,4 GB,64GB,,,,4G,,5,,나노유심 ,,,,,,LED,4608 x 3456 (15.9 메가픽셀),5760 x 4312 (24.8 메가픽셀),1920 x 1080 30 FPS,F/1.7,,,,,,,,,,,,,,,,,,,지문인식,,,,,SAMSUNG Pay,,,,,3100,Li-Polymer,,"급속충전
일체형",,,,,69.2,144.4,7.9,"140"
21,갤럭시 A30,SM-A305,samsung,2019. 04,안드로이드 9.0 Pie,,,6.4,Super AMOLED,1080 x 2340,403,,,,68.12,147.6,,Samsung Exynos 7 Octa 7904,8개 (64 비트),1800MHz,ARM MaliG71 MP2,,,,3 | 4 GB,32GB/64GB,,,,4G,,5,,나노유심 ,,,,,,LED,4608 x 3456 (15.9 메가픽셀),4608 x 3456 (15.9 메가픽셀),1920 x 1080 30 FPS,F/1.7,,,,,,,,,,,,,,,,,,,지문인식,,,,,SAMSUNG Pay,,,,,4000,Li-Ion,,"급속충전
일체형",,,,,74.7,158.5,7.7,"165"
22,갤럭시 와이드4,SM-A205,samsung,2019. 05,안드로이드 9.0 Pie,,,0,Super AMOLED,720 x 1560,,,,,68.12,147.6,,Samsung Exynos 7 Octa 7884,8개 (64 비트),1600MHz,ARM MaliG71,,,,3 GB,32GB,,,,4G,,5,,나노유심 ,,,,,,LED,4224 x 3136 (13.3 메가픽셀),3264 x 2448 (8 메가픽셀),1920 x 1080 30 FPS,F/1.9,,,,,,,,,,,,,,,,,,,지문인식,,,,,,,,,,4000,Li-Polymer,,"급속충전
일체형",,,,,74.7,158.4,7.8,"169"
23,갤럭시 A9 Pro,SM-G887,samsung,2019. 01,안드로이드 8.1 Oreo | 안드로이드 9.0 Pie,,,6.4,IPS,1080 x 2340,403,,,,68.12,147.6,,Qualcomm Snapdragon 710,8개 (64 비트),2200MHz,Qualcomm Adreno 616,,,,6 GB,128GB,,,,4G,,5,,나노유심 ,,,,,,Dual LED,5632 x 4224 (23.8 메가픽셀),5632 x 4224 (23.8 메가픽셀),3840 x 2160 30 FPS,F/1.7,,,,,,,,,,,,,,,,,,,지문인식,,,,,,,,,,3400,Li-Polymer,,"급속충전
일체형",,,,,74.9,158.4,7.4,"173"
24,갤럭시 A8 Star,SM-G885,samsung,2018. 07,안드로이드 8.0 Oreo,,,6.3,Super AMOLED,1080 x 2220,392,,,,70,143.9,,Qualcomm Snapdragon 660 MSM8976 Plus,8개 (64 비트),2200MHz,Qualcomm Adreno 512,,,,4 GB,64GB,,,,4G,,5,,나노유심 ,,,,,,LED,4608 x 3456 (15.9 메가픽셀),5632 x 4224 (23.8 메가픽셀),3840 x 2160 30 FPS,F/1.7,,,,,,,,,,,,,,,,,,,지문인식,,,,,,,,,,3700,Li-Ion,,"급속충전
일체형",,,,,77,162.4,7.6,"191"
25,갤럭시 A9 2018,SM-A920,samsung,2018. 12,안드로이드 8.0 Oreo | 안드로이드 9.0 Pie,,,6.3,Super AMOLED,1080 x 2220,392,,,,70,143.9,,Qualcomm Snapdragon 660 MSM8976 Plus,8개 (64 비트),2200MHz,Qualcomm Adreno 512,,,,6 | 8 GB,128GB,,,,4G,,5,,나노유심 ,,,,,,LED,5664 x 4248 (24.1 메가픽셀),5664 x 4248 (24.1 메가픽셀),3840 x 2160 30 FPS,F/1.7,,,,,,,,,,,,,,,,,,,지문인식,,,,,,,,,,3800,Li-Polymer,,"급속충전
일체형",,,,,77,162.5,7.8,"183"
26,갤럭시 A8 2018,SM-A530,samsung,2018. 01,안드로이드 7.1.1 누가 | 안드로이드 8.0 Oreo | 안드로이드 9.0 Pie,,,5.6,Super AMOLED,1080 x 2220,441,,,,62.23,127.91,,Samsung Exynos 7 Octa 7885,8개 (64 비트),2200MHz,ARM MaliG71,,,,4 GB,32GB/64GB,,,,4G,,5,,나노유심 ,,,,,,LED,4608 x 3456 (15.9 메가픽셀),4608 x 3456 (15.9 메가픽셀),1920 x 1080 30 FPS,F/1.7,,,,,,,,,,,,,,,,,,,지문인식,,,,,,,,,,3000,Li-Ion,,"급속충전
일체형",,,,,70.6,149.2,8.4,"172"
27,갤럭시 A6 2018,SM-A600,samsung,2018. 06,안드로이드 8.0 Oreo | 안드로이드 9.0 Pie,,,5.6,Super AMOLED,720 x 1480,294,,,,62.23,127.91,,Samsung Exynos 7 Octa 7870,8개 (64 비트),1600MHz,ARM MaliT830 MP2,,,,3 | 4 GB,32GB/64GB,,,,4G,,4.2,,나노유심 ,,,,,,LED,4608 x 3456 (15.9 메가픽셀),4608 x 3456 (15.9 메가픽셀),1920 x 1080 30 FPS,F/1.7,,,,,,,,,,,,,,,,,,,지문인식,,,,,,,,,,3000,Li-Ion,,일체형,,,,,70.8,149.9,7.7,"159"
28,갤럭시 A7 2018,SM-A750,samsung,2018. 10,안드로이드 8.0 Oreo | 안드로이드 9.0 Pie,,,6,Super AMOLED,1080 x 2220,411,,,,66.67,137.04,,Samsung Exynos 7 Octa 7885,8개 (64 비트),2200MHz,ARM MaliG71,,,,4 | 6 GB,64GB/128GB,,,,4G,,5,,나노유심 ,,,,,,LED,5664 x 4248 (24.1 메가픽셀),5664 x 4248 (24.1 메가픽셀),1920 x 1080 30 FPS,F/1.7,,,,,,,,,,,,,,,,,,,지문인식,,,,,,,,,,3300,Li-Ion,,일체형,,,,,76.8,159.8,7.5,"168"
29,갤럭시 A5 2017,SM-A520,samsung,2017. 01,안드로이드 6.0.1 마시멜로우 | 안드로이드 8.0 Oreo,,,5.2,Super AMOLED,1080 x 1920,424,,,,64.75,115.12,,Samsung Exynos 7 Octa 7880,8개 (64 비트),1900MHz,ARM MaliT830 MP3,,,,3 GB,32GB,,Micro SD,,4G,802.11a/b/g/n,4.2,,나노유심 ,,,,,,LED,4608 x 3456 (15.9 메가픽셀),4608 x 3456 (15.9 메가픽셀),1920 x 1080 (Full HD)30 FPS,F/1.9,,,,,,,,,,,,,,,,,,,지문인식,,,,,SAMSUNG Pay,,,,,3000,Li-Ion,,"급속충전
일체형",,,,,71.4,146.1,7.9,"157"
30,갤럭시 A8 2016,SM-A810,samsung,2016. 10,안드로이드 6.0.1 마시멜로우 | 안드로이드 7.0 누가 | 안드로이드 8.0 Oreo,,,5.7,Super AMOLED,1080 x 1920,386,,,,70.98,126.19,,Samsung Exynos 7 Octa 7420,8개 (64 비트),2100MHz,ARM MaliT760 MP8,,,,3 GB,32GB,,Micro SD,,4G,802.11a/b/g/n/ac,4.2,,나노유심 ,,,,,,LED,4608 x 3456 (15.9 메가픽셀),3264 x 2448 (8 메가픽셀),1920 x 1080 (Full HD)30 FPS,F/1.9,,,,,,,,,,,,,,,,,,,지문인식,,,,,,,,,,3300,Li-Ion,,"급속충전
일체형",,,,,76.8,156.6,7.2,"182"
31,갤럭시 A3 2016,SM-A310,samsung,2016. 03,안드로이드 5.1.1 롤리팝 | 안드로이드 6.0 마시멜로우 | 안드로이드 7.0 누가,,,4.7,Super AMOLED,720 x 1280,312,,,,58.53,104.05,,Samsung Exynos 7 Quad 7578,4개 (64 비트),1500MHz,ARM MaliT720 MP2,,,,1.5 GB,16GB,,Micro SD,,4G,802.11b/g/n,4.1,,나노유심 ,,,,,,LED,4128 x 3096 (12.8 메가픽셀),2592 x 1944 (5 메가픽셀),1920 x 1080 (Full HD)30 FPS,F/1.9,,,,,,,,,,,,,,,,,,,,,,,,,,,,,2300,Li-Polymer,,일체형,,,,,65.2,134.5,7.3,"132"
32,갤럭시 A5 2016,SM-A510,samsung,2016. 01,안드로이드 5.1.1 롤리팝 | 안드로이드 6.0 마시멜로우 | 안드로이드 7.0 누가,,,5.2,Super AMOLED,1080 x 1920,424,,,,64.75,115.12,,Samsung Exynos 7 Octa 7580,8개 (64 비트),1600MHz,ARM MaliT720 MP2,,,,2 GB,16GB,,Micro SD,,4G,802.11a/b/g/n,4.1,,나노유심 ,,,,,,LED,4128 x 3096 (12.8 메가픽셀),2576 x 1932 (5 메가픽셀),1920 x 1080 (Full HD)30 FPS,F/1.9,,,,,,,,,,,,,,,,,,,지문인식,,,,,SAMSUNG Pay,,,,,2900,Li-Polymer,,"급속충전
일체형",,,,,71,144.8,7.3,"155"
33,갤럭시 A7 2016,SM-A710,samsung,2016. 01,안드로이드 5.1.1 롤리팝 | 안드로이드 6.0 마시멜로우 | 안드로이드 7.0 누가,,,5.5,Super AMOLED,1080 x 1920,401,,,,68.49,121.76,,Samsung Exynos 7 Octa 7580,8개 (64 비트),1600MHz,ARM MaliT720 MP2,,,,3 GB,16GB,,Micro SD,,4G,802.11a/b/g/n,4.1,,나노유심 ,,,,,,LED,4160 x 3120 (13 메가픽셀),2592 x 1944 (5 메가픽셀),1920 x 1080 (Full HD)30 FPS,F/1.9,,,,,,,,,,,,,,,,,,,지문인식,,,,,SAMSUNG Pay,,,,,3300,Li-Ion,,"급속충전
일체형",,,,,74.1,151.5,7.3,"172"
34,갤럭시 A8,SM-A800,samsung,2015. 07,안드로이드 5.1.1 롤리팝 | 안드로이드 6.0.1 마시멜로우,,,5.7,Super AMOLED,1080 x 1920,386,,,,70.98,126.19,,Qualcomm Snapdragon 615 MSM8939,8개 (64 비트),1500MHz,Qualcomm Adreno 405,,,,2 GB,16GB/32GB,,Micro SD,,4G,802.11a/b/g/n/ac,4.1,,나노유심 ,,,,,,LED,5312 x 2988 (15.9 메가픽셀),2560 x 1920 (4.9 메가픽셀),1920 x 1080 (Full HD)30 FPS,F/1.9,,,,,,,,,,,,,,,,,,,지문인식,,,,,,,,,,3050,Li-Ion,,일체형,,,,,76.8,158,5.9,"151"
35,갤럭시 A5,SM-A500,samsung,2015. 01,안드로이드 4.4.4 KitKat | 안드로이드 5.0.2 롤리팝 | 안드로이드 6.0 마시멜로우,,,5,Super AMOLED,720 x 1280,294,,,,62.26,110.69,,Qualcomm Snapdragon 410 MSM8916,4개 (64 비트),1200MHz,Qualcomm Adreno 306,,,,2 GB,16GB,,,,4G,802.11g/n,4,,나노유심 ,,,,,,LED,4128 x 3096 (12.8 메가픽셀),2560 x 1440 (3.7 메가픽셀),1920 x 1080 (Full HD)30 FPS,F/2,,,,,,,,,,,,,,,,,,,,,,,,,,,,,2300,Li-Ion,,일체형,,,,,69.7,139.3,6.7,"123"
36,갤럭시 A3,SM-A300,samsung,2015. 01,안드로이드 4.4.4 KitKat | 안드로이드 5.0 롤리팝,,,4.5,Super AMOLED,540 x 960,245,,,,56.04,99.62,,Qualcomm Snapdragon 410 MSM8916,4개 (64 비트),1200MHz,Qualcomm Adreno 306,,,,1 GB,16GB,,,,4G,,4,,나노유심 ,,,,,,LED,3264 x 2448 (8 메가픽셀),2560 x 1920 (4.9 메가픽셀),1920 x 1080 30 FPS,F/2.4,,,,,,,,,,,,,,,,,,,,,,,,,,,,,1900,Li-Ion,,일체형,,,,,65.5,130.1,6.9,"110.3"
37,갤럭시 A7,SM-A700,samsung,2015. 01,안드로이드 4.4.4 KitKat,,,5.5,Super AMOLED,1080 x 1920,401,,,,68.49,121.76,,Samsung Exynos 5 Octa 5430,8개 (32 비트),1800MHz,ARM MaliT628 MP6,,,,2 GB,16GB,,,,4G,802.11g/n,4,,나노유심 ,,,,,,LED,4128 x 3096 (12.8 메가픽셀),2576 x 1920 (5 메가픽셀),1920 x 1080 (Full HD)30 FPS,F/2,,,,,,,,,,,,,,,,,,,,,,,,,,,,,2600,Li-Ion,,일체형,,,,,76.2,151,6.3,"150"
38,갤럭시 A,SHW-M100,samsung,2010. 04,안드로이드 2.1 (Eclair) | 2.2 (Froyo) | 2.3 (Gingerbread)삼성 터치위즈 2.9 | 3.0,,,3.7,AMOLED,480 x 800,252,,,,,,,,,,,,,,384MB,,,Micro SDHC,,,802.11b/g/n,,,,,,,,,,,,(NTSC)FPS,,,,,,,,,,,,,,,,,,,,,,,,,,,,,,1500,,,분리형,마이크로 USB,,,,59.8,119.5,12.5,"128"
39,갤럭시 J2 Pro,SM-J250,samsung,2018. 04,안드로이드 7.1.1 누가,,,5,Super AMOLED,540 x 960,220,,,,62.26,110.69,,Qualcomm Snapdragon 425 MSM8917,4개 (64 비트),1400MHz,Qualcomm Adreno 308,,,,1.5 GB,16GB,,,,4G,,4.2,,마이크로유심 ,,,,,,LED,3264 x 2448 (8 메가픽셀),2560 x 1920 (4.9 메가픽셀),1920 x 1080 30 FPS,,,,,,,,,,,,,,,,,,,,,,,,,,,,,,2600,Li-Ion,,분리형,,,,,72.3,143.8,8.4,"153"
40,갤럭시 J3 2017,SM-J330,samsung,2017. 08,안드로이드 7.0 누가 | 안드로이드 8.0 Oreo,,,5,PLS,720 x 1280,294,,,,62.26,110.69,,Samsung Exynos 7 Quad 7570,4개 (64 비트),1400MHz,ARM MaliT720,,,,2 GB,16GB,,,,4G,,4.2,,나노유심 ,,,,,,LED,2592 x 1944 (5 메가픽셀),1600 x 1200 (1.9 메가픽셀),1920 x 1080 30 FPS,,,,,,,,,,,,,,,,,,,,,,,,,,,,,,2600,Li-Ion,,분리형,,,,,70.1,140.9,8.7,"142"
41,갤럭시 J5 2017,SM-J530,samsung,2017. 07,안드로이드 7.0 누가 | 안드로이드 8.0 Oreo,,,5.2,Super AMOLED,720 x 1280,282,,,,64.75,115.12,,Samsung Exynos 7 Octa 7870,8개 (64 비트),1600MHz,ARM MaliT830 MP2,,,,2 GB,16GB,,,,4G,,4.1,,나노유심 ,,,,,,LED,4160 x 3120 (13 메가픽셀),4160 x 3120 (13 메가픽셀),1920 x 1080 30 FPS,F/1.7,,,,,,,,,,,,,,,,,,,지문인식,,,,,,,,,,3000,Li-Ion,,일체형,,,,,71.3,146.2,8,"160"
42,갤럭시 J7 2017,SM-J730,samsung,2017. 07,안드로이드 7.0 누가 | 안드로이드 8.0 Oreo,,,5.5,Super AMOLED,1080 x 1920,401,,,,68.49,121.76,,Samsung Exynos 7 Octa 7870,8개 (64 비트),1600MHz,ARM MaliT830 MP2,,,,3 GB,16GB,,,,4G,,4.1,,나노유심 ,,,,,,LED,4160 x 3120 (13 메가픽셀),4160 x 3120 (13 메가픽셀),1920 x 1080 30 FPS,F/1.7,,,,,,,,,,,,,,,,,,,지문인식,,,,,,,,,,3600,Li-Ion,,일체형,,,,,74.8,152.5,8,"181"
43,갤럭시 J3 2016,SM-J320,samsung,2016. 05,안드로이드 5.1.1 롤리팝,,,5,Super AMOLED,720 x 1280,294,,,,62.26,110.69,,Spreadtrum SC9830A,4개 (32 비트),1500MHz,ARM Mali400 MP2,,,,1.5 GB,8GB,,Micro SD,,4G,802.11b/g/n,4,,마이크로유심 ,,,,,,LED,3264 x 2448 (8 메가픽셀),1600 x 1200 (1.9 메가픽셀),1280 x 720 30 FPS,,,,,,,,,,,,,,,,,,,,,,,,,,,,,,2600,Li-Ion,,분리형,,,,,71,142.3,7.9,"138"
44,갤럭시 J7 2016,SM-J710,samsung,2016. 04,안드로이드 5.1.1 롤리팝 | 안드로이드 6.0.1 마시멜로우 | 안드로이드 7.0 누가 | 안드로이드 8.1 Oreo,,,5.5,Super AMOLED,720 x 1280,267,,,,68.49,121.76,,Samsung Exynos 7 Octa 7870,8개 (64 비트),1600MHz,ARM MaliT830 MP2,,,,2 | 3 GB,16GB,,Micro SD,,4G,802.11b/g/n,4.1,,마이크로유심 ,,,,,,Dual LED,4160 x 3120 (13 메가픽셀),2576 x 1932 (5 메가픽셀),1920 x 1080 (Full HD)30 FPS,F/1.9,,,,,,,,,,,,,,,,,,,,,,,,,,,,,3300,Li-Ion,,분리형,,,,,76,151.7,7.8,"170"
45,갤럭시 J5 2016,SM-J510,samsung,2016. 04,안드로이드 5.1 롤리팝 | 안드로이드 6.0.1 마시멜로우 | 안드로이드 7.0 누가 | 안드로이드 7.1.1 누가,,,5.2,Super AMOLED,720 x 1280,282,,,,64.75,115.12,,Qualcomm Snapdragon 410 MSM8916,4개 (64 비트),1200MHz,Qualcomm Adreno 306,,,,2 GB,16GB,,Micro SD,,4G,802.11b/g/n,4.1,,마이크로유심 ,,,,,,LED,4128 x 3096 (12.8 메가픽셀),2576 x 1932 (5 메가픽셀),1920 x 1080 (Full HD)30 FPS,F/1.9,,,,,,,,,,,,,,,,,,,,,,,,,,,,,3100,Li-Ion,,분리형,,,,,72.3,145.8,8.1,"159"
46,갤럭시 J7,SM-J700,samsung,2015. 11,안드로이드 5.1.1 롤리팝 | 안드로이드 6.0.1 마시멜로우,,,5.5,TFT,720 x 1280,267,,,,68.49,121.76,,Qualcomm Snapdragon 615 MSM8939,8개 (64 비트),1400MHz,Qualcomm Adreno 405,,,,1.5 GB,16GB,,Micro SD,,4G,802.11a/b/g/n,4.1,,마이크로유심 ,,,,,,LED,4128 x 3096 (12.8 메가픽셀),2560 x 1920 (4.9 메가픽셀),1920 x 1080 (Full HD)30 FPS,F/1.9,,,,,,,,,,,,,,,,,,,,,,,,,,,,,3000,Li-Ion,,분리형,,,,,79.1,152.2,7.9,"171"
47,갤럭시 J6,SM-J600,samsung,2018. 07,안드로이드 8.0 Oreo | 안드로이드 9.0 Pie,,,5.6,Super AMOLED,720 x 1480,294,,,,62.23,127.91,,Samsung Exynos 7 Octa 7870,8개 (64 비트),1600MHz,ARM MaliT830 MP2,,,,3 | 4 GB,32GB/64GB,,,,4G,,4.2,,나노유심 ,,,,,,LED,4128 x 3096 (12.8 메가픽셀),3264 x 2448 (8 메가픽셀),1920 x 1080 30 FPS,F/1.9,,,,,,,,,,,,,,,,,,,지문인식,,,,,,,,,,3000,Li-Ion,,일체형,,,,,70.2,149.3,8.2,"154"
48,갤럭시 J5,SM-J500,samsung,2015. 07,안드로이드 5.1 롤리팝,,,5,TFT,720 x 1280,294,,,,62.26,110.69,,Qualcomm Snapdragon 410 MSM8916,4개 (64 비트),1200MHz,Qualcomm Adreno 306,,,,1.5 GB,16GB,,Micro SD,,4G,802.11b/g/n,4.1,,마이크로유심 ,,,,,,LED,4128 x 3096 (12.8 메가픽셀),2560 x 1920 (4.9 메가픽셀),1920 x 1080 (Full HD)30 FPS,F/1.9,,,,,,,,,,,,,,,,,,,,,,,,,,,,,2600,Li-Ion,,분리형,,,,,73,142,8.5,"149"
49,갤럭시 J4 Plus,SM-J415,samsung,2018. 11,안드로이드 8.1 Oreo | 안드로이드 9.0 Pie,,,6,TFT,720 x 1480,274,,,,66.67,137.04,,Qualcomm Snapdragon 425 MSM8917,4개 (64 비트),1400MHz,Qualcomm Adreno 308,,,,2 | 3 GB,16GB/32GB,,,,4G,,4.1,,나노유심 ,,,,,,LED,4160 x 3120 (13 메가픽셀),2560 x 1920 (4.9 메가픽셀),1920 x 1080 30 FPS,F/1.9,,,,,,,,,,,,,,,,,,,,,,,,,,,,,3300,Li-Ion,,일체형,,,,,76.7,161.3,7.9,"178"
50,갤럭시S10 5G,SM-G977,samsung,2019. 03,안드로이드 9.0 Pie,,,6.7,Dynamic AMOLED,1440 x 3040,502,,,,72.85,153.8,,Samsung Exynos 9 9820,8개 (64 비트),,ARM MaliG76 MP12,,,,8 GB,256GB/512GB,,,5G,,,5,,나노유심 ,,,,,,Dual LED,4032 x 3024 (12.2 메가픽셀),3648 x 2736 (10 메가픽셀),3840 x 2160 60 FPS,F/1.5 - 2.4,,,,,,,,,,,,,,,,,,,지문인식,,,,,SAMSUNG Pay,,,,,4500,Li-Ion,,"급속충전
일체형",,,무선충전 지원,,77.1,162.6,7.9,"198"
51,갤럭시S10e,SM-G970,samsung,2019. 03,안드로이드 9.0 Pie,,,5.8,Dynamic AMOLED,1080 x 2280,,,,,63.07,133.14,,Samsung Exynos 9 9820,8개 (64 비트),,ARM MaliG76 MP12,,,,6 | 8 GB,128GB/256GB,,,,4G,,5,,나노유심 ,,,,,,Dual LED,4032 x 3024 (12.2 메가픽셀),,30 FPS,F/1.5 - 2.4,,,,,,,,,,,,,,,,,,,지문인식,,,,,,,,,,3100,Li-Ion,,"급속충전
일체형",,,무선충전 지원,,69.9,142.2,7.9,"150"
52,갤럭시S10,SM-G973,samsung,2019. 03,안드로이드 9.0 Pie,,,6.1,Dynamic AMOLED,1440 x 3040,551,,,,66.33,140.03,,Samsung Exynos 9 9820,8개 (64 비트),,ARM MaliG76 MP12,,,,8 GB,128GB/512GB,,,,4G,,5,,나노유심 ,,,,,,Dual LED,4032 x 3024 (12.2 메가픽셀),,30 FPS,F/1.5 - 2.4,,,,,,,,,,,,,,,,,,,지문인식,,,,,,,,,,3400,Li-Ion,,"급속충전
일체형",,,무선충전 지원,,70.4,149.9,7.8,"157"
53,갤럭시S10 Plus,SM-G975,samsung,2019. 03,안드로이드 9.0 Pie,,,6.3,Dynamic AMOLED,1440 x 3040,534,,,,69.59,146.91,,Samsung Exynos 9 9820,8개 (64 비트),,ARM MaliG76 MP12,,,,8 | 12 GB,128GB/512GB/1024GB,,,,4G,,5,,나노유심 ,,,,,,Dual LED,4032 x 3024 (12.2 메가픽셀),3648 x 2736 (10 메가픽셀),3840 x 2160 60 FPS,F/1.5 - 2.4,,,,,,,,,,,,,,,,,,,지문인식,,,,,,,,,,4100,Li-Ion,,"급속충전
일체형",,,무선충전 지원,,74.1,157.6,7.8,"198"
54,갤럭시S9,SM-G960,samsung,2018. 03,안드로이드 8.0 Oreo | 안드로이드 9.0 Pie,,,5.8,Super AMOLED,1440 x 2960,568,,,,64.45,132.48,,Samsung Exynos 9 9810,8개 (64 비트),2700MHz,ARM MaliG72 MP18,,,,4 GB,64GB/128GB/256GB,,,,4G,,5,,나노유심 ,,,,,,Dual LED,4032 x 3024 (12.2 메가픽셀),3264 x 2448 (8 메가픽셀),3840 x 2160 30 FPS,F/1.5 - 2.4,,,,,,,,,,,,,,,,,,,지문인식,,,,,SAMSUNG Pay,,,,,3000,Li-Polymer,,"급속충전
일체형",,,무선충전 지원,,68.7,147.7,8.5,"163"
55,갤럭시S9 Plus,SM-G965,samsung,2018. 03,안드로이드 8.0 Oreo | 안드로이드 9.0 Pie,,,6.2,Super AMOLED,1440 x 2960,531,,,,68.89,141.61,,Samsung Exynos 9 9810,8개 (64 비트),2700MHz,ARM MaliG72 MP18,,,,6 GB,64GB/128GB/256GB,,,,4G,,5,,나노유심 ,,,,,,Dual LED,4032 x 3024 (12.2 메가픽셀),3264 x 2448 (8 메가픽셀),3840 x 2160 30 FPS,F/1.5 - 2.4,,,,,,,,,,,,,,,,,,,지문인식,,,,,,,,,,3500,Li-Polymer,,"급속충전
일체형",,,무선충전 지원,,73.8,158.1,8.5,"189"
56,갤럭시S8,SM-G950,samsung,2017. 04,안드로이드 7.0 누가 | 안드로이드 8.0 Oreo | 안드로이드 9.0 Pie,,,5.8,Super AMOLED,1440 x 2960,568,,,,64.45,132.48,,Samsung Exynos 9 Octa 8895,8개 (64 비트),2300MHz,ARM MaliG71 MP20,,,,4 GB,64GB,,Micro SD,,4G,802.11a/b/g/n/ac,5,,나노유심 ,,,,,,Dual LED,4032 x 3024 (12.2 메가픽셀),3264 x 2448 (8 메가픽셀),3840 x 2160 (UHD)30 FPS,F/1.7,,,,,,,,,,,,,,,,,,,지문인식,,,,,SAMSUNG Pay,,,,,3000,Li-Ion,,"급속충전
일체형",,,무선충전 지원,,68.1,148.9,8,"155"
57,갤럭시S8 Plus,SM-G955,samsung,2017. 04,안드로이드 7.0 누가 | 안드로이드 8.0 Oreo | 안드로이드 9.0 Pie,,,6.2,Super AMOLED,1440 x 2960,531,,,,68.89,141.61,,Samsung Exynos 9 Octa 8895,8개 (64 비트),2300MHz,ARM MaliG71 MP20,,,,4 | 6 GB,64GB/128GB,,Micro SD,,4G,,5,,나노유심 ,,,,,,Dual LED,4032 x 3024 (12.2 메가픽셀),3264 x 2448 (8 메가픽셀),3840 x 2160 (UHD)30 FPS,F/1.7,,,,,,,,,,,,,,,,,,,지문인식,,,,,SAMSUNG Pay,,,,,3500,Li-Ion,,"급속충전
일체형",,,무선충전 지원,,73.4,159.5,8.1,"173"
58,갤럭시S7,SM-G930,samsung,2016. 03,안드로이드 6.0.1 마시멜로우 | 안드로이드 7.0 누가 | 안드로이드 8.0 Oreo,,,5.1,Super AMOLED,1440 x 2560,576,,,,63.51,112.9,,Samsung Exynos 8 Octa 8890,8개 (64 비트),2300MHz,ARM MaliT880 MP12,,,,4 GB,32GB/64GB,,Micro SD,,4G,802.11a/b/g/n/ac,4.2,,나노유심 ,,,,,,LED,4032 x 3024 (12.2 메가픽셀),2560 x 1440 (3.7 메가픽셀),3840 x 2160 (UHD)30 FPS,F/1.7,,,,,,,,,,,,,,,,,,,지문인식,,,,,SAMSUNG Pay,,,,,3000,Li-Ion,,"급속충전
일체형",,,무선충전 지원,,69.6,142.4,7.9,"152"
59,갤럭시S7 Edge,SM-G935,samsung,2016. 12,안드로이드 6.0.1 마시멜로우 | 안드로이드 7.0 누가 | 안드로이드 8.0 Oreo,,,5.5,Super AMOLED,1440 x 2560,534,,,,68.49,121.76,,Samsung Exynos 8 Octa 8890,8개 (64 비트),2300MHz,ARM MaliT880 MP12,,,,4 GB,32GB/64GB,,,,4G,,4.2,,나노유심 ,,,,,,LED,4032 x 3024 (12.2 메가픽셀),2560 x 1440 (3.7 메가픽셀),3840 x 2160 30 FPS,F/1.7,,,,,,,,,,,,,,,,,,,지문인식,,,,,,,,,,3600,Li-Ion,,"급속충전
일체형",,,무선충전 지원,,72.6,150.9,7.7,"157"
60,갤럭시S6 Edge Plus,SM-G928,samsung,2015. 08,안드로이드 5.1.1 롤리팝 | 안드로이드 6.0.1 마시멜로우 | 안드로이드 7.0 누가 | 안드로이드 8.0 Oreo,,,5.7,Super AMOLED,1440 x 2560,515,,,,70.98,126.19,,Samsung Exynos 7 Octa 7420,8개 (64 비트),2100MHz,ARM MaliT760 MP8,,,,4 GB,32GB/64GB,,,,4G,802.11a/b/g/n/ac,4.2,,나노유심 ,,,,,,LED,5312 x 2988 (15.9 메가픽셀),2560 x 1920 (4.9 메가픽셀),3840 x 2160 (UHD)30 FPS,F/1.9,,,,,,,,,,,,,,,,,,,지문인식,,,,,SAMSUNG Pay,,,,,3000,Li-Ion,,"급속충전
일체형",,,무선충전 지원,,75.8,154.4,6.9,"153"
61,갤럭시S6 Edge,SM-G925,samsung,2015. 04,안드로이드 5.0.2 롤리팝 | 안드로이드 5.1.1 롤리팝 | 안드로이드 6.0 마시멜로우 | 안드로이드 7.0 누가,,,5.1,Super AMOLED,1440 x 2560,576,,,,63.51,112.9,,Samsung Exynos 7 Octa 7420,8개 (64 비트),2100MHz,ARM MaliT760 MP8,,,,3 GB,32GB/64GB/128GB,,,,4G,802.11a/b/g/n/ac,4.1,,나노유심 ,,,,,,LED,5312 x 2988 (15.9 메가픽셀),2592 x 1944 (5 메가픽셀),3840 x 2160 (Full HD)30 FPS,F/1.9,,,,,,,,,,,,,,,,,,,지문인식,,,,,SAMSUNG Pay,,,,,2600,Li-Ion,,"급속충전
일체형",,,무선충전 지원,,70.1,142.1,7,"132"
62,갤럭시S6,SM-G920,samsung,2015. 04,안드로이드 5.0.2 롤리팝 | 안드로이드 5.1.1 롤리팝 | 안드로이드 6.0.1 마시멜로우 | 안드로이드 7.0 누가,,,5.1,Super AMOLED,1440 x 2560,576,,,,63.51,112.9,,Samsung Exynos 7 Octa 7420,8개 (64 비트),2100MHz,ARM MaliT760 MP8,,,,3 GB,32GB/64GB/128GB,,,,4G,802.11a/b/g/n,4.1,,나노유심 ,,,,,,LED,5312 x 2988 (15.9 메가픽셀),2560 x 1920 (4.9 메가픽셀),3840 x 2160 (Full HD)30 FPS,F/1.9,,,,,,,,,,,,,,,,,,,지문인식,,,,,,,,,,2550,Li-Ion,,"급속충전
일체형",,,무선충전 지원,,70.5,143.4,6.8,"138"
63,갤럭시S5,SM-G900,samsung,2014. 03,안드로이드 4.4.2 KitKat | 안드로이드 5.0 롤리팝 | 안드로이드 6.0.1 마시멜로우,,,5.1,Super AMOLED,1080 x 1920,432,,,,63.51,112.9,,Qualcomm Snapdragon 801 MSM8974AC,4개 (32 비트),2500MHz,Qualcomm Adreno 330,,,,2 GB,16GB/32GB,,Micro SD,,4G,802.11a/b/g/n/ac,4,,마이크로유심 ,,,,,,LED,5312 x 2988 (15.9 메가픽셀),1920 x 1080 (2.1 메가픽셀),3840 x 2160 (UHD)30 FPS,F/2.2,,,,,,,,,,,,,,,,,,,지문인식,,,,,,,,,,2800,Li-Ion,,분리형,,,무선충전 지원,,72.5,142,8.1,"145"
64,갤럭시S5 LTE-A,SM-G906,samsung,2014. 06,안드로이드 4.4.2 KitKat | 안드로이드 6.0 마시멜로우,,,5.1,Super AMOLED,1440 x 2560,576,,,,63.51,112.9,,Qualcomm Snapdragon 805 APQ8084,4개 (32 비트),2500MHz,Qualcomm Adreno 420,,,,3 GB,32GB,,,,,,4,,마이크로유심 ,,,,,,LED,5312 x 2988 (15.9 메가픽셀),1920 x 1080 (2.1 메가픽셀),3840 x 2160 30 FPS,F/2.2,,,,,,,,,,,,,,,,,,,지문인식,,,,,,,,,,2800,Li-Ion,,분리형,,,무선충전 지원,,72.5,142,8.1,"145"
65,갤럭시S4 ,SHV-E300,samsung,2013. 04,안드로이드 4.2.2 Jelly Bean | 안드로이드 4.3 Jelly Bean | 안드로이드 4.4 KitKat | 안드로이드 5.0.1 롤리팝,,,4.99,Super AMOLED,1080 x 1920,441,,,,62.26,110.69,,Samsung Exynos 5 Octa 5410,8개 (32 비트),1600MHz,PowerVR SGX544 MP3,,,,2 GB,16GB/32GB/64GB,,Micro SD,,4G,802.11a/b/g/n,4,,마이크로유심 ,,,,,,LED,4128 x 3096 (12.8 메가픽셀),1920 x 1080 (2.1 메가픽셀),1920 x 1080 (Full HD)30 FPS,F/2.2,,,,,,,,,,,,,,,,,,,,,,,,,,,,,2600,Li-Ion,,분리형,,,무선충전 지원,,69.8,136.6,7.9,"130"
66,갤럭시S4 LTE-A,SHV-E330,samsung,2013. 06,안드로이드 4.2.2 Jelly Bean | 안드로이드 4.4 KitKat | 안드로이드 5.0.1 롤리팝,,,5,Super AMOLED,1080 x 1920,441,,,,62.26,110.69,,Qualcomm Snapdragon 800 MSM8974,4개 (32 비트),2300MHz,Qualcomm Adreno 330,,,,2 GB,16GB/32GB,,,,4G,802.11a/b/g/n,4,,마이크로유심 ,,,,,,LED,4128 x 3096 (12.8 메가픽셀),,1920 x 1080 (Full HD)30 FPS,F/2.2,,,,,,,,,,,,,,,,,,,,,,,,,,,,,2600,Li-Ion,,분리형,,,무선충전 지원,,69.8,136.6,7.9,"130"
67,갤럭시S4 Active,SHV-E470,samsung,2013. 06,안드로이드 4.2.2 Jelly Bean | 안드로이드 4.3 Jelly Bean | 안드로이드 4.4 KitKat | 안드로이드 5.0.1 롤리팝,,,4.99,TFT,1080 x 1920,441,,,,62.26,110.69,,Qualcomm Snapdragon 600 APQ8064T,4개 (32 비트),1900MHz,Qualcomm Adreno 320,,,,2 GB,16GB,,Micro SD,,4G,802.11a/b/g/n,4,,마이크로유심 ,,,,,,LED,3264 x 2448 (8 메가픽셀),,1920 x 1080 (Full HD)30 FPS,,,,,,,,,,,,,,,,,,,,,,,,,,,,,,2600,Li-Ion,,분리형,,,무선충전 지원,,71.3,139.7,9.1,"151"
68,갤럭시S4 Zoom,SM-C105,samsung,2013. 06,안드로이드 4.2.2 Jelly Bean | 안드로이드 4.3 Jelly Bean | 안드로이드 4.4.2 KitKat,,,4.3,Super AMOLED,540 x 960,256,,,,53.55,95.19,,Pega-Dual +XMM6262,,1500MHz,ARM Mali400 MP4,,,,1.5 GB,8GB,,Micro SD,,4G,802.11a/b/g/n,4,,마이크로유심 ,,,,,,Xenon,4608 x 3456 (15.9 메가픽셀),1600 x 1200 (1.9 메가픽셀),1920 x 1080 (Full HD)30 FPS,F/3.1 - 6.3,,,,,,,,,,,,,,,,,,,,,,,,,,,,,2330,Li-Ion,,분리형,,,,,63.5,125.5,15.4,"208"
69,갤럭시S4 Mini,SHV-E370,samsung,2013. 06,안드로이드 4.2.2 Jelly Bean | 안드로이드 4.4.2 KitKat | 안드로이드 5.0.1 롤리팝,,,4.27,Super AMOLED,540 x 960,258,,,,53.55,95.19,,Qualcomm Snapdragon 400 MSM8930AB,2개 (32 비트),1700MHz,Qualcomm Adreno 305,,,,1.5 GB,8GB/16GB,,Micro SD,,4G,802.11a/b/g/n,4,,마이크로유심 ,,,,,,LED,3264 x 2448 (8 메가픽셀),,1920 x 1080 30 FPS,F/2.6,,,,,,,,,,,,,,,,,,,,,,,,,,,,,1900,Li-Ion,,분리형,,,,,61.3,124.6,8.94,"107"
70,갤럭시S3 LTE,SHV-E210,samsung,2012. 07,안드로이드 4.1.1 Jelly Bean | 안드로이드 4.3 Jelly Bean,,,4.8,Super AMOLED,720 x 1280,306,,,,59.77,106.26,,Samsung Exynos 4 Quad 4412,4개 (32 비트),1400MHz,ARM Mali400 MP4,,,,2 GB,16GB,,Micro SDHC,,4G,802.11a/b/g/n,4,,마이크로유심 ,,,,,,LED,3264 x 2448 (8 메가픽셀),,1920 x 1080 (Full HD)30 FPS,,,,,,,,,,,,,,,,,,,,,,,,,,,,,,2100,Li-Ion,,분리형,,,,,70.6,136.6,8.6,"138.5"
71,갤럭시S2 ,SHW-M250,samsung,2011. 04,안드로이드 2.3.4 Gingerbread | 안드로이드 4.0.4 Ice Cream Sandwich | 안드로이드 4.1 Jelly Bean,,,4.3,Super AMOLED Plus,480 x 800,217,,,,56.19,93.66,,Samsung Exynos 4 Dual 4210,2개 (32 비트),1200MHz,ARM Mali400 MP4,,,,1 GB,16GB/32GB,,Micro SDHC,,,802.11a/b/g/n,3,,미니유심 ,,,,,,LED,3264 x 2448 (8 메가픽셀),1600 x 1200 (1.9 메가픽셀),1920 x 1080 (Full HD)30 FPS,F/2.6,,,,,,,,,,,,,,,,,,,,,,,,,,,,,1650,Li-Ion,,분리형,,,,,66.1,125.3,8.5,"121"
72,갤럭시S2 HD LTE,SHV-E120,samsung,2011. 10,,,,4.65,AMOLED,720 x 1280,316,,,,,,,,,,,,,,1GB,,,Micro SDHC,,4G,802.11a/b/g/n,,,,,,,,,,,,(Full HD)FPS,,,,,,,,,,,,,,,,,,,,,,,,,,,,,,1850,,,분리형,마이크로 USB,,,,68.8,132.65,9.5,"142"
73,갤럭시S2 LTE,SHV-E110,samsung,2011. 09,,,,4.5,AMOLED,480 x 800,207,,,,,,,,,,,,,,1GB,,,Micro SDHC,,4G,802.11a/b/g/n,,,,,,,,,,,,(Full HD)FPS,,,,,,,,,,,,,,,,,,,,,,,,,,,,,,1850,,,분리형,마이크로 USB,,,,68.8,129.8,9.49,"135.5"
74,갤럭시S,SHW-M110,samsung,2010. 06,,,,4,AMOLED,480 x 800,233,,,,,,,,,,,,,,512MB,,,Micro SDHC,,,802.11b/g/n,,,,,,,,,,,,(HD)FPS,,,,,,,,,,,,,,,,,,,,,,,,,,,,,,1500,,,분리형,마이크로 USB,,,,64.2,122.4,9.9,"121"
75,갤럭시S Hoppin,SHW-M190,samsung,2011. 03,,,,4,AMOLED,480 x 800,233,,,,,,,,,,,,,,512MB,,,Micro SDHC,,,802.11b/g/n,,,,,,,,,,,,(HD)FPS,,,,,,,,,,,,,,,,,,,,,,,,,,,,,,1500,,,분리형,삼성 30핀,,,,64,122.4,10.9,"129"
76,갤럭시그랜드 맥스,SM-G720,samsung,2015. 01,안드로이드 4.4.4 KitKat,,,0,TFT,720 x 1280,,,,,65.38,116.22,,Qualcomm Snapdragon 410 MSM8916,4개 (64 비트),1200MHz,Qualcomm Adreno 306,,,,1.5 GB,16GB,,,,4G,,4,,마이크로유심 ,,,,,,LED,4160 x 3120 (13 메가픽셀),2560 x 1920 (4.9 메가픽셀),1920 x 1080 30 FPS,,,,,,,,,,,,,,,,,,,,,,,,,,,,,,2500,Li-Ion,,분리형,,,,,74.8,146,7.95,
77,갤럭시그랜드2,SM-G710,samsung,2014. 03,안드로이드 4.3 Jelly Bean | 안드로이드 4.4.2 KitKat,,,5.25,TFT,720 x 1280,280,,,,65.38,116.22,,Qualcomm Snapdragon 400 MSM8226,4개 (32 비트),1200MHz,Qualcomm Adreno 305,,,,1.5 GB,8GB,,Micro SD,,4G,802.11a/b/g/n,4,,마이크로유심 ,,,,,,LED,3264 x 2448 (8 메가픽셀),,1920 x 1080 30 FPS,,,,,,,,,,,,,,,,,,,,,,,,,,,,,,2600,Li-Ion,,분리형,,,,,75.3,146.8,8.95,"163"
78,갤럭시그랜드,SHV-E270,samsung,2013. 01,,,,5,TFT,480 x 800,187,,,,,,,,,,,,,,1GB,,,Micro SDHC,,4G,802.11a/b/g/n,,,,,,,,,,,,(Full HD)FPS,,,,,,,,,,,,,,,,,,,,,,,,,,,,,,,,,분리형,마이크로 USB,,,,76.9,143.5,9.6,"162"
79,갤럭시노트10,SM-N971,samsung,2019. 08,안드로이드 9.0 Pie,,,6.3,Dynamic AMOLED,1080 x 2280,400,,,,68.5,144.62,,Samsung Exynos 9 9825,8개 (64 비트),,ARM MaliG76 MP12,,,,8 | 12 GB,256GB,,,5G,,,5,,나노유심 ,,,,,,Dual LED,4032 x 3024 (12.2 메가픽셀),3648 x 2736 (10 메가픽셀),3840 x 2160 60 FPS,F/1.5 - 2.4,,,,,,,,,,,,,,,,,,,지문인식,,,,,SAMSUNG Pay,,,,,3500,Li-Polymer,,"급속충전
일체형",,,무선충전 지원,,71.8,151,7.9,"168"
80,갤럭시노트10 Plus,SM-N976,samsung,2019. 08,안드로이드 9.0 Pie,,,6.8,Dynamic AMOLED,1440 x 3040,495,,,,73.94,156.09,,Samsung Exynos 9 9825,8개 (64 비트),,ARM MaliG76 MP12,,,,12 GB,256GB/512GB,,,5G,,,5,,나노유심 ,,,,,,Dual LED,4032 x 3024 (12.2 메가픽셀),3648 x 2736 (10 메가픽셀),3840 x 2160 60 FPS,F/1.5 - 2.4,,,,,,,,,,,,,,,,,,,지문인식,,,,,SAMSUNG Pay,,,,,4300,Li-Polymer,,"급속충전
일체형",,,무선충전 지원,,77.2,162.33,7.9,"196"
81,갤럭시노트9,SM-N960,samsung,2018. 08,안드로이드 8.1 Oreo | 안드로이드 9.0 Pie,,,6.4,Super AMOLED,1440 x 2960,514,,,,71.11,146.18,,Samsung Exynos 9 9810,8개 (64 비트),2700MHz,ARM MaliG72 MP18,,,,6 | 8 GB,128GB/512GB,,,,4G,,5,,나노유심 ,,,,,,Dual LED,4032 x 3024 (12.2 메가픽셀),3264 x 2448 (8 메가픽셀),3840 x 2160 30 FPS,F/1.5 - 2.4,,,,,,,,,,,,,,,,,,,지문인식,,,,,SAMSUNG Pay,,,,,4000,Li-Polymer,,"급속충전
일체형",,,무선충전 지원,,76.4,161.9,8.8,"201"
82,갤럭시노트8,SM-N950,samsung,2018. 02,안드로이드 7.1.1 누가 | 안드로이드 8.0 Oreo | 안드로이드 9.0 Pie,,,6.3,Super AMOLED,1440 x 2960,522,,,,70,143.9,,Samsung Exynos 9 Octa 8895,8개 (64 비트),2300MHz,ARM MaliG71 MP20,,,,6 GB,64GB/128GB/256GB,,,,4G,,5,,나노유심 ,,,,,,Dual LED,4032 x 3024 (12.2 메가픽셀),3264 x 2448 (8 메가픽셀),3840 x 2160 30 FPS,F/1.7,,,,,,,,,,,,,,,,,,,지문인식,,,,,SAMSUNG Pay,,,,,3300,Li-Polymer,,"급속충전
일체형",,,무선충전 지원,,74.8,162.5,8.6,"195"
83,갤럭시노트FE,SM-N935,samsung,2017. 07,안드로이드 6.0.1 marshmallow | 안드로이드 7.1 누가 | 안드로이드 8.0 Oreo,,,5.7,Super AMOLED,1440 x 2560,515,,,,70.98,126.19,,Samsung Exynos 8 Octa 8890,8개 (64 비트),2300MHz,ARM MaliT880 MP12,,,,4 GB,64GB,,Micro SD,,4G,802.11a/b/g/n/ac,4.2,,나노유심 ,,,,,,Dual LED,4032 x 3024 (12.2 메가픽셀),2592 x 1944 (5 메가픽셀),3840 x 2160 30 FPS,F/1.7,,,,,,,,,,,,,,,,,,,지문인식,,,,,SAMSUNG Pay,,,,,3200,Li-Polymer,,"급속충전
일체형",,,무선충전 지원,,73.9,153.5,7.9,"167"
84,갤럭시노트7,SM-N930,samsung,2016. 08,안드로이드 6.0.1 marshmallow,,,5.7,Super AMOLED,1440 x 2560,515,,,,70.98,126.19,,Samsung Exynos 8 Octa 8890,8개 (64 비트),2300MHz,ARM MaliT880 MP12,,,,4 GB,64GB,,Micro SD,,4G,802.11a/b/g/n/ac,4.2,,나노유심 ,,,,,,Dual LED,4032 x 3024 (12.2 메가픽셀),2592 x 1944 (5 메가픽셀),3840 x 2160 (UHD)30 FPS,F/1.7,,,,,,,,,,,,,,,,,,,지문인식,,,,,SAMSUNG Pay,,,,,3500,Li-Polymer,,"급속충전
일체형",,,무선충전 지원,,73.9,153.5,7.9,"169"
85,갤럭시노트5,SM-N920,samsung,2015. 08,안드로이드 5.1.1 롤리팝 | 안드로이드 6.0.1 마시멜로우 | 안드로이드 7.0 누가,,,5.7,Super AMOLED,1440 x 2560,515,,,,70.98,126.19,,Samsung Exynos 7 Octa 7420,8개 (64 비트),2100MHz,ARM MaliT760 MP8,,,,4 GB,32GB/64GB,,,,4G,802.11a/b/g/n/ac,4.2,,나노유심 ,,,,,,LED,5312 x 2988 (15.9 메가픽셀),2560 x 1920 (4.9 메가픽셀),3840 x 2160 (UHD)30 FPS,F/1.9,,,,,,,,,,,,,,,,,,,지문인식,,,,,SAMSUNG Pay,,,,,3000,Li-Ion,,"급속충전
일체형",,,무선충전 지원,,76.1,153.2,7.6,"171"
86,갤럭시노트4,SM-N910,samsung,2014. 09,안드로이드 4.4.4 KitKat | 안드로이드 5.0 롤리팝 | 안드로이드 5.1.1 롤리팝 | 안드로이드 6.0 마시멜로우,,,5.7,Super AMOLED,1440 x 2560,515,,,,70.98,126.19,,Qualcomm Snapdragon 805 APQ8084,4개 (32 비트),2700MHz,Qualcomm Adreno 420,,,,3 GB,32GB,,Micro SD,,4G,802.11a/b/g/n/ac,4.1,,마이크로유심 ,,,,,,LED,5312 x 2988 (15.9 메가픽셀),2272 x 1696 (3.9 메가픽셀),3840 x 2160 (UHD)30 FPS,F/2.2,,,,,,,,,,,,,,,,,,,지문인식,,,,,,,,,,3220,Li-Ion,,급속충전분리형,,,,,78.6,153.5,8.5,"176"
87,갤럭시노트4 S-LTE,SM-N916,samsung,2014. 12,안드로이드 4.4.4 KitKat | 안드로이드 5.0.1 롤리팝 | 안드로이드 5.1.1 롤리팝 | 안드로이드 6.0 마시멜로우,,,5.7,Super AMOLED,1440 x 2560,515,,,,70.98,126.19,,Samsung Exynos 5 Octa 5433,8개 (64 비트),1900MHz,ARM MaliT760 MP6,,,,3 GB,32GB,,Micro SD,,4G,802.11a/b/g/n,4.1,,마이크로유심 ,,,,,,LED,5312 x 2988 (15.9 메가픽셀),2272 x 1696 (3.9 메가픽셀),3840 x 2160 (UHD)30 FPS,F/2.2,,,,,,,,,,,,,,,,,,,지문인식,,,,,,,,,,3220,Li-Ion,,급속충전분리형,,,,,78.6,153.5,8.5,"176"
88,갤럭시노트4 Edge,SM-N915,samsung,2014. 10,안드로이드 4.4.4 KitKat | 안드로이드 5.1.1 롤리팝 | 안드로이드 6.0.1 마시멜로우,,,5.6,Super AMOLED,1600 x 2560,539,,,,75.39,120.62,,Qualcomm Snapdragon 805 APQ8084,4개 (32 비트),2700MHz,Qualcomm Adreno 420,,,,3 GB,32GB/64GB,,Micro SD,,4G,802.11a/b/g/n/ac,4.1,,마이크로유심 ,,,,,,LED,5312 x 2988 (15.9 메가픽셀),2272 x 1696 (3.9 메가픽셀),3840 x 2160 (UHD)30 FPS,F/2.2,,,,,,,,,,,,,,,,,,,지문인식,,,,,,,,,,3000,Li-Ion,,급속충전분리형,,,,,82.4,151.3,8.3,"174"
89,갤럭시노트3,SM-N900,samsung,2013. 09,안드로이드 4.3 Jelly Bean | 안드로이드 4.4.4 KitKat | 안드로이드 5.0 롤리팝,,,5.7,Super AMOLED,1080 x 1920,386,,,,70.98,126.19,,Qualcomm Snapdragon 800 MSM8974,4개 (32 비트),2300MHz,Qualcomm Adreno 330,,,,3 GB,16GB/32GB/64GB,,Micro SD,,4G,802.11a/b/g/n/ac,4,,마이크로유심 ,,,,,,LED,4128 x 3096 (12.8 메가픽셀),1920 x 1080 (2.1 메가픽셀),3840 x 2160 (UHD)30 FPS,F/2.2,,,,,,,,,,,,,,,,,,,,,,,,,,,,,3200,Li-Ion,,분리형,,,,,79.2,151.2,8.3,"168"
90,갤럭시노트3 Neo,SM-N750,samsung,2014. 03,안드로이드 4.3 Jelly Bean | 안드로이드 4.4 KitKat | 안드로이드 5.1.1 롤리팝,,,5.5,Super AMOLED,720 x 1280,267,,,,68.49,121.76,,Samsung Exynos 5 Hexa 5260,6개 (32 비트),1700MHz,ARM MaliT624,,,,2 GB,16GB,,Micro SD,,4G,802.11a/b/g/n/ac,4,,마이크로유심 ,,,,,,LED,3264 x 2448 (8 메가픽셀),1920 x 1080 (2.1 메가픽셀),1920 x 1080 (Full HD)30 FPS,,,,,,,,,,,,,,,,,,,,,,,,,,,,,,3100,Li-Ion,,분리형,,,,,77.4,148.4,8.6,"162"
91,갤럭시노트2,SHV-E250,samsung,2012. 09,안드로이드 4.1.1 Jelly Bean | 안드로이드 4.1.2 Jelly Bean | 안드로이드 4.3 Jelly Bean | 안드로이드 4.4 KitKat,,,5.5,Super AMOLED,720 x 1280,267,,,,69.11,122.87,,Samsung Exynos 4 Quad 4412,4개 (32 비트),1600MHz,ARM Mali400 MP4,,,,2 GB,16GB/32GB/64GB,,Micro SD,,4G,802.11a/b/g/n,4,,마이크로유심 ,,,,,,LED,3264 x 2448 (8 메가픽셀),,1920 x 1080 (Full HD)30 FPS,F/2.6,,,,,,,,,,,,,,,,,,,,,,,,,,,,,3100,Li-Ion,,분리형,,,무선충전 지원,,80.5,151.1,9.4,"180"
92,갤럭시노트,SHV-E160,samsung,2011. 11,안드로이드 2.3.5 Gingerbread | 안드로이드 4.0.x Ice Cream Sandwich | 안드로이드 4.1.2 Jelly Bean,,,5.3,Super AMOLED,800 x 1280,285,,,,71.35,114.16,,Samsung Exynos 4 Dual 4210,2개 (32 비트),1400MHz,ARM Mali400 MP4,,,,1 GB,16GB/32GB,,Micro SDHC,,4G,802.11a/b/g/n,3,,미니유심 ,,,,,,LED,3264 x 2448 (8 메가픽셀),,1920 x 1080 (Full HD)30 FPS,F/2.6,,,,,,,,,,,,,,,,,,,,,,,,,,,,,2500,Li-Ion,,분리형,,,,,83,146.9,9.7,"178"
93,갤럭시폴더2,SM-G160,samsung,2017. 06,안드로이드 6.0 마시멜로우,,,3.8,TFT,480 x 800,246,,,,49.66,82.77,,Qualcomm Snapdragon 425 MSM8917,4개 (64 비트),1400MHz,Qualcomm Adreno 308,,,,2 GB,16GB,,,,4G,,4.2,,나노유심 ,,,,,,LED,3264 x 2448 (8 메가픽셀),2592 x 1944 (5 메가픽셀),1920 x 1080 30 FPS,F/1.9,,,,,,,,,,,,,,,,,,,,,,,,,,,,,1950,Li-Ion,,분리형,,,,,60.2,122,15.4,"160"
94,갤럭시 온7 2016,SM-G610,samsung,2016. 11,안드로이드 6.0.1 마시멜로우,,,5.5,TFT,1080 x 1920,401,,,,68.49,121.76,,Qualcomm Snapdragon 625 MSM8953,8개 (64 비트),2000MHz,Qualcomm Adreno 506,,,,3 GB,32GB,,,,4G,,4.2,,나노유심 ,,,,,,LED,4160 x 3120 (13 메가픽셀),3264 x 2448 (8 메가픽셀),1920 x 1080 30 FPS,F/1.9,,,,,,,,,,,,,,,,,,,지문인식,,,,,,,,,,3300,Li-Ion,,일체형,,,,,75,151.7,8,"167"
95,갤럭시와이드,SM-G600,samsung,2016. 07,안드로이드 5.1.1 롤리팝 | 안드로이드 6.0 마시멜로우,,,5.5,TFT,720 x 1280,267,,,,68.49,121.76,,Qualcomm Snapdragon 410 MSM8916,4개 (64 비트),1200MHz,Qualcomm Adreno 306,,,,1.5 GB,8GB,,Micro SD,,4G,802.11b/g/n,4.1,,마이크로유심 ,,,,,,LED,4128 x 3096 (12.8 메가픽셀),2560 x 1920 (4.9 메가픽셀),1920 x 1080 (Full HD)30 FPS,,,,,,,,,,,,,,,,,,,,,,,,,,,,,,3000,Li-Ion,,분리형,,,,,77.5,151.8,8.2,"172"
96,갤럭시와이드3,SM-J737,samsung,2018. 05,안드로이드 8.0 Oreo,,,5.5,LCD,720 x 1280,267,,,,68.49,121.76,,Samsung Exynos 7 Octa 7870,8개 (64 비트),1600MHz,ARM MaliT830 MP2,,,,2 GB,32GB,,,,4G,,4.2,,나노유심 ,,,,,,,4160 x 3120 (13 메가픽셀),4160 x 3120 (13 메가픽셀),1920 x 1080 30 FPS,F/1.7,,,,,,,,,,,,,,,,,,,지문인식,,,,,,,,,,3300,Li-Ion,,일체형,,,,,76.2,153.3,8.7,"180"
97,갤럭시알파,SM-G850,samsung,2014. 09,안드로이드 4.4.4 KitKat | 안드로이드 5.0.1 롤리팝,,,4.7,Super AMOLED,720 x 1280,312,,,,58.53,104.05,,Samsung Exynos 5 Octa 5430,8개 (32 비트),1800MHz,ARM MaliT628 MP6,,,,2 GB,32GB,,,,4G,802.11a/b/g/n/ac,4,,나노유심 ,,,,,,LED,4608 x 2592 (11.9 메가픽셀),,3840 x 2160 (UHD)30 FPS,,,,,,,,,,,,,,,,,,,,지문인식,,,,,,,,,,1860,Li-Ion,,분리형,,,,,65.5,132.4,6.7,"115"
98,갤럭시코어,SHW-M585,samsung,2014. 71,안드로이드 4.1.2 Jelly Bean,,,0,TFT,480 x 800,,,,,56.19,93.66,,Qualcomm Snapdragon S4 Play MSM8225,2개 (32 비트),1200MHz,Qualcomm Adreno 203,,,,1 GB,8GB,,,,,,3,,마이크로유심 ,,,,,,LED,2592 x 1944 (5 메가픽셀),,720 x 480 30 FPS,,,,,,,,,,,,,,,,,,,,,,,,,,,,,,1800,Li-Ion,,분리형,,,,,67.6,129.3,8.95,"124"
99,갤럭시코어 Safe,SHW-M580,samsung,2014. 03,,,,4.3,,480 x 800,217,,,,,,,,,,,,,,,,,,,,,,,,,,,,,,,,,,,,,,,,,,,,,,,,,,,,,,,,,,,,,,1800,,,분리형,,,,,129.3,67.6,8.95,"124"
100,갤럭시코어 Advance,SHW-M570,samsung,2014. 02,안드로이드 4.2.2 Jelly Bean,,,4.7,TFT,480 x 800,199,,,,61.42,102.37,,Qualcomm Snapdragon 400 MSM8230,2개 (32 비트),1200MHz,Qualcomm Adreno 305,,,,1 GB,8GB,,,,,,4,,마이크로유심 ,,,,,,LED,2592 x 1944 (5 메가픽셀),,,,,,,,,,,,,,,,,,,,,,,,,,,,,,,,2000,Li-Ion,,분리형,,,,,70.5,133.3,9.7,"145"
101,갤럭시W,SM-T255,samsung,2014. 06,안드로이드 4.3 Jelly Bean,,,7,TFT,720 x 1280,210,,,,87.17,154.97,,Qualcomm Snapdragon 400 MSM8926,4개 (32 비트),1200MHz,Qualcomm Adreno 305,,,,1.5 GB,16GB,,,,,,4,,,,,,,,LED,3264 x 2448 (8 메가픽셀),1600 x 1200 (1.9 메가픽셀),1920 x 1080 30 FPS,,,,,,,,,,,,,,,,,,,,,,,,,,,,,,3200,Li-Ion,,일체형,마이크로 USB,,,,99.6,191.8,8.8,"245"
102,갤럭시줌2,SM-C115,samsung,2014. 05,안드로이드 4.4.2 KitKat,,,4.8,Super AMOLED,720 x 1280,306,,,,59.77,106.26,,Samsung Exynos 5 Hexa 5260,6개 (32 비트),1700MHz,ARM MaliT624,,,,2 GB,8GB/16GB,,,,,,4,,마이크로유심 ,,,,,,Xenon,5248 x 3936 (20.7 메가픽셀),1920 x 1080 (2.1 메가픽셀),1920 x 1080 60 FPS,F/3.1 - 6.3,,,,,,,,,,,,,,,,,,,,,,,,,,,,,2430,Li-Ion,,분리형,,,,,70.8,137.5,16.6,"200"
103,갤럭시윈,SHV-E500,samsung,2013. 11,안드로이드 4.1.2 Jelly Bean,,,4.7,TFT,480 x 800,199,,,,61.42,102.37,,Qualcomm Snapdragon 200 MSM8225Q,4개 (32 비트),1200MHz,Qualcomm Adreno 203,,,,1 GB,8GB,,Micro SD,,4G,802.11b/g/n,3,,미니유심 ,,,,,,LED,2592 x 1944 (5 메가픽셀),,1280 x 720 15 FPS,,,,,,,,,,,,,,,,,,,,,,,,,,,,,,2000,Li-Ion,,분리형,,,,,70.7,133.3,9.7,"152"
104,갤럭시라운드,SM-G910,samsung,2013. 10,안드로이드 4.3 Jelly Bean,,,5.7,Super AMOLED,1080 x 1920,386,,,,70.98,126.19,,Qualcomm Snapdragon 800 MSM8974AB,4개 (32 비트),2300MHz,Qualcomm Adreno 330,,,,3 GB,32GB,,Micro SD,,4G,802.11a/b/g/n/ac,4,,마이크로유심 ,,,,,,LED,4128 x 3096 (12.8 메가픽셀),,1920 x 1080 (HD)60 FPS,F/2.2,,,,,,,,,,,,,,,,,,,,,,,,,,,,,2800,Li-Ion,,분리형,,,,,79.6,151.1,7.9,"154"
105,갤럭시골든,SHV-E400,samsung,2013. 08,안드로이드 4.2.2 Jelly Bean,,,3.7,Super AMOLED,480 x 800,252,,,,48.35,80.59,,Qualcomm Snapdragon 400 MSM8930AB,2개 (32 비트),1700MHz,Qualcomm Adreno 305,,,,1.5 GB,16GB,,Micro SD,,4G,802.11a/b/g/n,4,,마이크로유심 ,,,,,,LED,3264 x 2448 (8 메가픽셀),,1920 x 1080 30 FPS,,,,,,,,,,,,,,,,,,,,,,,,,,,,,,1820,Li-Ion,,분리형,,,,,59.5,118,15.8,"179"
106,갤럭시메가 6.3,SHV-E310,samsung,2013. 06,안드로이드 4.2.2 Jelly Bean | 안드로이드 4.3 Jelly Bean | 안드로이드 4.4.2 KitKat,,,6.3,Super Clear LCD,720 x 1280,233,,,,78.45,139.47,,Qualcomm Snapdragon 400 MSM8930AB,2개 (32 비트),1700MHz,Qualcomm Adreno 305,,,,1.5 GB,8GB/16GB,,Micro SD,,4G,802.11a/b/g/n,4,,마이크로유심 ,,,,,,LED,3264 x 2448 (8 메가픽셀),,1920 x 1080 (HD)30 FPS,,,,,,,,,,,,,,,,,,,,,,,,,,,,,,3200,Li-Ion,,분리형,,,,,88,167.6,8,"199"
107,갤럭시팝,SHV-E220,samsung,2013. 01,안드로이드 4.1.2 Jelly Bean,,,4.65,Super AMOLED,720 x 1280,316,,,,57.9,102.94,,Samsung Exynos 4 Quad 4412,4개 (32 비트),1400MHz,ARM Mali400 MP4,,,,1 GB,8GB/16GB,,Micro SD,,4G,802.11a/b/g/n,4,,미니유심 ,,,,,,LED,3264 x 2448 (8 메가픽셀),,1920 x 1080 (Full HD)30 FPS,,,,,,,,,,,,,,,,,,,,,,,,,,,,,,2100,Li-Ion,,분리형,,,,,68.1,134.2,9.05,"134"
108,갤럭시R style,SHV-E170,samsung,2012. 06,안드로이드 2.3.3 Gingerbread | 안드로이드 4.0.x Ice Cream Sandwich,,,4.3,Super Clear LCD,480 x 800,256,,,,54.89,91.48,,Nvidia Tegra 2 250 AP20H,2개 (32 비트),1000MHz,ULP GeForce,,,,1 GB,8GB,,Micro SDHC,,4G,802.11b/g/n,3,,미니유심 ,,,,,,LED,2560 x 1920 (4.9 메가픽셀),,1280 x 720 (HD)30 FPS,,,,,,,,,,,,,,,,,,,,,,,,,,,,,,1650,Li-Ion,,분리형,,,,,66,125,9.5,"127"
109,갤럭시M style,SHW-M340,samsung,2012. 01,안드로이드 2.3 (Gingerbread),,,4,AMOLED,480 x 800,233,,,,,,,,,,,,,,512MB,,,Micro SDHC,,,802.11b/g/n,,,,,,,,,,,,(NTSC)FPS,,,,,,,,,,,,,,,,,,,,,,,,,,,,,,1650,,,분리형,마이크로 USB,,,,63,122.5,9.99,"123.5"
110,갤럭시에이스,SHW-M240,samsung,2011. 01,안드로이드 2.2.x Froyo | 안드로이드 2.3.x Gingerbread,,,3.5,TFT,320 x 480,165,,,,49.31,73.97,,Qualcomm Snapdragon S1 MSM7227-1 Turbo,1개 (32 비트),832MHz,Qualcomm Adreno 200,,,,278.016 MB,157.696MB,,Micro SDHC,,,802.11b/g/n,2.1,,미니유심 ,,,,,,LED,2592 x 1944 (5 메가픽셀),,640 x 480 (VGA)24 FPS,F/2.6,,,,,,,,,,,,,,,,,,,,,,,,,,,,,1350,Li-Ion,,분리형,,,,,59.9,112.4,11.5,"114"
111,갤럭시U,SHW-M130,samsung,2010. 08,안드로이드 2.1 Eclair | 2.2 Froyo  | 2.3 Gingerbread삼성 터치위즈 3.0 | 4.0,,,3.7,AMOLED,480 x 800,252,,,,,,,,,,,,,,512MB,,,Micro SDHC,,,802.11b/g/n,,,,,,,,,,,,(HD)FPS,,,,,,,,,,,,,,,,,,,,,,,,,,,,,,1500,,,분리형,마이크로 USB,,,,59.6,119.5,12.4,"131"
112,갤럭시진2,SM-A202,samsung,2019. 06,안드로이드 9.0 Pie,,,5.8,PLS,720 x 1560,296,,,,61.74,133.76,,Samsung Exynos 7 Octa 7884,8개 (64 비트),1600MHz,ARM MaliG71,,,,3 GB,32GB,,,,4G,,5,,나노유심 ,,,,,,LED,4160 x 3120 (13 메가픽셀),3264 x 2448 (8 메가픽셀),1920 x 1080 30 FPS,F/1.9,,,,,,,,,,,,,,,,,,,지문인식,,,,,,,,,,3000,Li-Polymer,,일체형,,,,,69.7,147.4,8.4,"141"
113,갤럭시 온7 프라임,SM-G611,samsung,2018. 02,안드로이드 7.1.1 누가,,,5.5,PLS,1080 x 1920,401,,,,68.49,121.76,,Samsung Exynos 7 Octa 7870,8개 (64 비트),1600MHz,ARM MaliT830 MP2,,,,3 | 4 GB,32GB/64GB,,,,4G,,4.1,,나노유심 ,,,,,,LED,4160 x 3120 (13 메가픽셀),4160 x 3120 (13 메가픽셀),1920 x 1080 30 FPS,F/1.9,,,,,,,,,,,,,,,,,,,지문인식,,,,,,,,,,3300,Li-Ion,,일체형,,,,,75,151.7,8.1,"166"
114,삼성 마스터폰 ,SM-B510,samsung,2014. 05,,,,3,TFT,240 x 320,133,,,,,,,,,,,,,,,,,Micro SD,,,,,,,,,,,,,,,,,,,,,,,,,,,,,,,,,,,,,,,,,,,,,1000,,,분리형,마이크로 USB,,,,57.5,112.5,14.8,
115,삼성 마스터폰 ,SM-B510,samsung,2014. 05,,,,3,TFT,240 x 320,133,,,,,,,,,,,,,,,,,Micro SD,,,,,,,,,,,,,,,,,,,,,,,,,,,,,,,,,,,,,,,,,,,,,1000,,,분리형,마이크로 USB,,,,57.5,112.5,14.8,
116,삼성 마스터폰 ,SM-B510,samsung,2014. 05,,,,3,TFT,240 x 320,133,,,,,,,,,,,,,,,,,Micro SD,,,,,,,,,,,,,,,,,,,,,,,,,,,,,,,,,,,,,,,,,,,,,1000,,,분리형,마이크로 USB,,,,57.5,112.5,14.8,
117,F70,LG-F370,lg,2014. 05,안드로이드 4.4.2 KitKat,,,4.5,IPS,480 x 800,207,,,,58.81,98.01,,Qualcomm Snapdragon 400 MSM8926,4개 (32 비트),1200MHz,Qualcomm Adreno 305,,,,1 GB,4GB,,Micro SD,,4G,802.11a/b/g/n,4,,마이크로유심 ,,,,,,LED,2560 x 1920 (4.9 메가픽셀),,1920 x 1080 (Full HD)30 FPS,,,,,,,,,,,,,,,,,,,,,,,,,,,,,,2440,Li-Ion,,분리형,,,,,66.4,127.5,9.95,"129.6"
118,G8 ThinQ,LM-G820,lg,2019. 03,안드로이드 9.0 Pie,,,6.1,OLED,1440 x 3120,563,,,,64.93,140.68,,Qualcomm Snapdragon 855,8개 (64 비트),2840MHz,Qualcomm Adreno 640,,,,6 GB,128GB,,,,4G,,5,,나노유심 ,,,,,,Dual LED,4032 x 3024 (12.2 메가픽셀),3280 x 2460 (8.1 메가픽셀),3840 x 2160 60 FPS,F/1.5,,,,,,,,,,,,,,,,,,,지문인식,,,,,LG Pay,,,,,3500,Li-Polymer,,"급속충전
일체형",,,무선충전 지원,,71.8,151.9,8.4,"167"
119,G7 ThinQ,LM-G710,lg,2018. 05,안드로이드 8.0 Oreo | 안드로이드 9.0 Pie,,,6.1,RGBW IPS,1440 x 3120,563,,,,64.93,140.68,,Qualcomm Snapdragon 845,8개 (64 비트),2800MHz,Qualcomm Adreno 630,,,,4 GB,64GB,,,,4G,,5,,나노유심 ,,,,,,Dual LED,4608 x 3456 (15.9 메가픽셀),3264 x 2448 (8 메가픽셀),3840 x 2160 30 FPS,F/1.6,,,,,,,,,,,,,,,,,,,지문인식,,,,,LG Pay,,,,,3000,Li-Ion,,"급속충전
일체형",,,무선충전 지원,,71.9,153.2,7.9,"162"
120,G6 ThinQ,LGM-G600,lg,2017. 06,안드로이드 7.0 누가 | 안드로이드 8.0 Oreo,,,5.7,IPS,1440 x 2880,565,,,,64.75,129.5,,Qualcomm Snapdragon 821 MSM8996 Pro,4개 (64 비트),2350MHz,Qualcomm Adreno 530,,,,4 GB,128GB,,,,4G,,4.2,,나노유심 ,,,,,,Dual LED,4160 x 3120 (13 메가픽셀),2592 x 1944 (5 메가픽셀),3840 x 2160 30 FPS,F/1.8,,,,,,,,,,,,,,,,,,,지문인식,,,,,,,,,,3300,Li-Polymer,,"급속충전
일체형",,,무선충전 지원,,71.9,148.9,7.9,"163"
121,G5,LG-F700,lg,2016. 03,안드로이드 6.0.1 마시멜로우 | 안드로이드 7.0 누가 | 안드로이드 8.0 Oreo,,,5.3,IPS,1440 x 2560,554,,,,66,117.33,,Qualcomm Snapdragon 820 MSM8996,4개 (64 비트),2150MHz,Qualcomm Adreno 530,,,,4 GB,32GB,,Micro SD,,4G,802.11a/b/g/n/ac,4.2,,나노유심 ,,,,,,Dual LED,5312 x 2988 (15.9 메가픽셀),3264 x 2448 (8 메가픽셀),3840 x 2160 (UHD)30 FPS,F/1.8,,,,,,,,,,,,,,,,,,,지문인식,,,,,,,,,,2800,Li-Ion,,급속충전분리형,,,,,73.9,149.4,7.7,"159"
122,G4,LG-F500,lg,2015. 04,안드로이드 5.1 롤리팝 | 안드로이드 6.0 마시멜로우 | 안드로이드 7.0 누가,,,5.5,IPS,1440 x 2560,534,,,,68.49,121.76,,Qualcomm Snapdragon 808 MSM8992,6개 (64 비트),1800MHz,Qualcomm Adreno 418,,,,3 GB,32GB,,Micro SD,,4G,802.11a/b/g/n/ac,4.1,,마이크로유심 ,,,,,,LED,5312 x 2988 (15.9 메가픽셀),3264 x 2448 (8 메가픽셀),3840 x 2160 (Full HD)30 FPS,F/1.8,,,,,,,,,,,,,,,,,,,,,,,,,,,,,3000,Li-Ion,,급속충전분리형,,,무선충전 지원,,76.1,148.9,6.3,"155"
123,G3,LG-F400,lg,2014. 05,안드로이드 4.4.2 KitKat | 안드로이드 5.0 롤리팝 | 안드로이드 6.0 마시멜로우,,,5.5,IPS+,1440 x 2560,534,,,,68.49,121.76,,Qualcomm Snapdragon 801 MSM8974AC,4개 (32 비트),2500MHz,Qualcomm Adreno 330,,,,2 | 3 GB,16GB/32GB,,Micro SD,,4G,802.11a/b/g/n/ac,4,,마이크로유심 ,,,,,,Dual LED,4160 x 3120 (13 메가픽셀),1920 x 1080 (2.1 메가픽셀),3840 x 2160 (UHD)30 FPS,F/2.4,,,,,,,,,,,,,,,,,,,,,,,,,,,,,3000,Li-Ion,,분리형,,,무선충전 지원,,74.6,146.3,8.9,"151"
124,G3 A,LG-F410,lg,2014. 08,안드로이드 4.4.2 KitKat,,,5.2,IPS,1080 x 1920,424,,,,64.75,115.12,,Qualcomm Snapdragon 800 MSM8974AA,4개 (32 비트),2260MHz,Qualcomm Adreno 330,,,,2 GB,32GB,,Micro SD,,4G,802.11a/b/g/n/ac,4,,마이크로유심 ,,,,,,Dual LED,4160 x 3120 (13 메가픽셀),1920 x 1080 (2.1 메가픽셀),1920 x 1080 (Full HD)30 FPS,F/2,,,,,,,,,,,,,,,,,,,,,,,,,,,,,2160,Li-Ion,,분리형,,,,,71.6,141,9.8,"146.8"
125,G3 Beat,LG-F470,lg,2014. 07,안드로이드 4.4.2 KitKat | 안드로이드 5.0 롤리팝 | 안드로이드 6.0 마시멜로우,,,5,IPS+,1440 x 2560,294,,,,68.49,121.76,,Qualcomm Snapdragon 801 MSM8974AC,4개 (32 비트),2500MHz,Qualcomm Adreno 330,,,,2 | 3 GB,16GB/32GB,,Micro SD,,4G,802.11a/b/g/n/ac,4,,마이크로유심 ,,,,,,Dual LED,4160 x 3120 (13 메가픽셀),1920 x 1080 (2.1 메가픽셀),3840 x 2160 (Full HD)30 FPS,F/2.4,,,,,,,,,,,,,,,,,,,,,,,,,,,,,3000,Li-Ion,,분리형,,,무선충전 지원,,74.6,146.3,8.9,"134"
126,G3 Screen,LG-F490,lg,2014. 10,안드로이드 4.4 KitKat,,,5.9,IPS,1080 x 1920,373,,,,73.47,130.61,,LG Nuclun LG7111,8개 (32 비트),1500MHz,PowerVR G6430,,,,2 GB,32GB,,Micro SD,,4G,802.11a/b/g/n/ac,4,,마이크로유심 ,,,,,,LED,4160 x 3120 (13 메가픽셀),1920 x 1080 (2.1 메가픽셀),1920 x 1080 (Full HD)30 FPS,F/2.4,,,,,,,,,,,,,,,,,,,,,,,,,,,,,3000,Li-Ion,,분리형,,,,,81.8,157.8,9.5,"182"
127,G3.Cat6,LG-F460,lg,2014. 07,안드로이드 4.4.2 KitKat,,,5.5,IPS,1440 x 2560,534,,,,68.49,121.76,,Qualcomm Snapdragon 805 APQ8084,4개 (32 비트),2650MHz,Qualcomm Adreno 420,,,,3 GB,32GB,,Micro SD,,4G,802.11a/b/g/n/ac,4,,마이크로유심 ,,,,,,Dual LED,4160 x 3120 (13 메가픽셀),1920 x 1080 (2.1 메가픽셀),3840 x 2160 (UHD)30 FPS,F/2.4,,,,,,,,,,,,,,,,,,,,,,,,,,,,,3000,Li-Ion,,분리형,,,무선충전 지원,,74.6,146.3,8.9,"154"
128,G2,LG-F320,lg,2013. 08,안드로이드 4.2.2 Jelly Bean | 안드로이드 4.4 KitKat | 안드로이드 5.0 롤리팝 | 안드로이드 5.1.1 롤리팝,,,5.2,IPS,1080 x 1920,424,,,,64.75,115.12,,Qualcomm Snapdragon 800 MSM8974AA,4개 (32 비트),2260MHz,Qualcomm Adreno 330,,,,2 GB,16GB/32GB,,Micro SD,,4G,802.11a/b/g/n/ac,4,,마이크로유심 ,,,,,,LED,4160 x 3120 (13 메가픽셀),1920 x 1080 (2.1 메가픽셀),1920 x 1080 (Full HD)60 FPS,F/2.4,,,,,,,,,,,,,,,,,,,,,,,,,,,,,3000,Li-Polymer,,일체형,,,,,70.9,138.5,8.9,"143"
129,G Pro2,LG-F350,lg,2014. 02,안드로이드 4.4.2 KitKat | 안드로이드 5.0.1 롤리팝,,,5.9,IPS,1080 x 1920,373,,,,73.47,130.61,,Qualcomm Snapdragon 800 MSM8974AA,4개 (32 비트),2260MHz,Qualcomm Adreno 330,,,,3 GB,16GB/32GB,,Micro SD,,4G,802.11a/b/g/n/ac,4,,마이크로유심 ,,,,,,LED,4208 x 3120 (13.1 메가픽셀),1920 x 1080 (2.1 메가픽셀),3840 x 2160 (UHD)30 FPS,,,,,,,,,,,,,,,,,,,,,,,,,,,,,,3200,Li-Ion,,분리형,,,,,81.9,157.9,8.3,"172"
130,Gx2,LG-F430,lg,2014. 08,,,,5.7,IPS,720 x 1280,258,,,,,,,,,,,,,,1.5GB,,,Micro SD,,4G,,,,,,,,,,,,,(HD)FPS,,,,,,,,,,,,,,,,,,,,,,,,,,,,,,3200,,,분리형,미니 USB,,,,79.2,152.1,9.1,"168"
131,Gx,LG-F310,lg,2013. 12,안드로이드 4.3 Jelly Bean,,,5.5,IPS+,1080 x 1920,401,,,,68.49,121.76,,Qualcomm Snapdragon 600 APQ8064T,4개 (32 비트),1800MHz,Qualcomm Adreno 320,,,,2 GB,32GB,,,,,,4,,,,,,,,LED,4208 x 3120 (13.1 메가픽셀),,1920 x 108 30 FPS,,,,,,,,,,,,,,,,,,,,,,,,,,,,,,3140,Li-Ion,,분리형,마이크로 USB,,,,76.1,150.6,9.2,"167"
132,G Flex2,LG-F510,lg,2015. 01,안드로이드 5.0.1 롤리팝 | 안드로이드 5.1.1 롤리팝,,,5.5,Curved P-OLED,1080 x 1920,401,,,,68.49,121.76,,Qualcomm Snapdragon 810 MSM8994,8개 (64 비트),2000MHz,Qualcomm Adreno 430,,,,2 GB,16GB/32GB,,Micro SD,,4G,802.11a/b/g/n,4.1,,마이크로유심 ,,,,,,Dual LED,4160 x 3120 (13 메가픽셀),1920 x 1080 (2.1 메가픽셀),3840 x 2160 (UHD)30 FPS,F/2.4,,,,,,,,,,,,,,,,,,,,,,,,,,,,,3000,Li-Polymer,,"급속충전
일체형",,,,,75.3,149.1,7.1,"152"
133,G Flex,LG-F340,lg,2013. 11,안드로이드 4.2.2 Jelly Bean,,,6,Curved P-OLED,720 x 1280,245,,,,74.72,132.83,,Qualcomm Snapdragon 800 MSM8974AA,4개 (32 비트),2260MHz,Qualcomm Adreno 330,,,,2 GB,32GB,,,,4G,802.11a/b/g/n/ac,4,,마이크로유심 ,,,,,,LED,4160 x 3120 (13 메가픽셀),1920 x 1080 (2.1 메가픽셀),3840 x 2160 (Full HD)30 FPS,F/2.4,,,,,,,,,,,,,,,,,,,,,,,,,,,,,3500,Li-Polymer,,일체형,,,,,81.6,160.5,7.9,"177"
134,Stylus 2,LG-F720,lg,2016. 03,안드로이드 6.0.1 마시멜로우,,,5.7,IPS,720 x 1280,258,,,,70.98,126.19,,Qualcomm Snapdragon 410 MSM8916,4개 (64 비트),1200MHz,Qualcomm Adreno 306,,,,1.5 | 2 GB,16GB,,Micro SD,,4G,802.11b/g/n,4.1,,마이크로유심 ,,,,,,LED,4160 x 3120 (13 메가픽셀),3264 x 2448 (8 메가픽셀),1920 x 1080 (Full HD)30 FPS,F/2.2,,,,,,,,,,,,,,,,,,,,,,,,,,,,,3000,Li-Ion,,분리형,,,,,79.6,155,7.4,"145"
135,G 스타일로,LG-F560,lg,2015. 04,안드로이드 5.0 롤리팝 | 안드로이드 6.0 마시멜로우,,,5.7,IPS,720 x 1280,,,,,70.98,126.19,,Qualcomm Snapdragon 410 MSM8916,4개 (64 비트),1200MHz,Qualcomm Adreno 306,,,,1 | 2 GB,8GB/16GB,,Micro SD,,4G,802.11a/b/g/n,4.1,,마이크로유심 ,,,,,,Dual LED,4160 x 3120 (13 메가픽셀),2560 x 1920 (4.9 메가픽셀),1920 x 1080 (Full HD)30 FPS,,,,,,,,,,,,,,,,,,,,,,,,,,,,,,3000,Li-Ion,,분리형,,,,,79.2,154.3,9.6,"163"
136,G3 Stylus,LG-D690,lg,2014. 08,안드로이드 4.4.2 KitKat,,,5.5,IPS,540 x 960,200,,,,68.49,121.76,,MediaTek MT6582,4개 (32 비트),1300MHz,ARM Mali400 MP2,,,,1 GB,8GB,,,,,,4,,마이크로유심 ,,,,,,LED,4128 x 3096 (12.8 메가픽셀),,1920 x 1080 30 FPS,,,,,,,,,,,,,,,,,,,,,,,,,,,,,,3000,Li-Ion,,분리형,,,,,75.9,149.3,10.2,"163"
137,K10,LG-F670,lg,2016. 01,안드로이드 6.0 마시멜로우 | 안드로이드 7.0 누가,,,5.3,IPS,720 x 1280,277,,,,66,117.33,,Qualcomm Snapdragon 410 MSM8916,4개 (64 비트),1200MHz,Qualcomm Adreno 306,,,,1.5 GB,16GB,,Micro SD,,4G,802.11b/g/n,4.1,,마이크로유심 ,,,,,,LED,4160 x 3120 (13 메가픽셀),2560 x 1920 (4.9 메가픽셀),1920 x 1080 (HD)30 FPS,F/2.2,,,,,,,,,,,,,,,,,,,,,,,,,,,,,2300,Li-Ion,,분리형,,,,,74.8,146.6,8.8,"140"
138,U폰,LG-F820,lg,2016. 10,안드로이드 6.0 마시멜로우,,,5.2,IPS,1080 x 1920,424,,,,64.75,115.12,,MediaTek MT6753,8개 (64 비트),1140MHz,ARM MaliT720 MP3,,,,2 GB,32GB,,,,,,4.2,,나노유심 ,,,,,,LED,4160 x 3120 (13 메가픽셀),3264 x 2448 (8 메가픽셀),1920 x 1080 30 FPS,,,,,,,,,,,,,,,,,,,,,,,,,,,,,,3000,Li-Ion,,일체형,,,,,73.2,147.5,6.9,
139,클래스,LG-F620,lg,2015. 09,안드로이드 5.1.1 롤리팝 | 안드로이드 6.0 마시멜로우,,,5,IPS,720 x 1280,294,,,,62.26,110.69,,Qualcomm Snapdragon 410 MSM8916,4개 (64 비트),1200MHz,Qualcomm Adreno 306,,,,1.5 | 2 GB,16GB,,Micro SD,,4G,802.11a/b/g/n,4.1,,나노유심 ,,,,,,LED,4128 x 3096 (12.8 메가픽셀),3264 x 2448 (8 메가픽셀),1920 x 1080 (Full HD)30 FPS,F/2.2,,,,,,,,,,,,,,,,,,,,,,,,,,,,,2050,Li-Ion,,일체형,,,,,71.8,142,7.4,"147"
140,볼트,LG-F540,lg,2015. 04,안드로이드 5.0.2 롤리팝,,,0,IPS,720 x 1280,,,,,58.53,104.05,,Qualcomm Snapdragon 410 MSM8916,4개 (64 비트),1200MHz,Qualcomm Adreno 306,,,,1 GB,8GB,,,,4G,,4,,마이크로유심 ,,,,,,LED,3264 x 2448 (8 메가픽셀),1280 x 720 (0.9 메가픽셀),1920 x 1080 30 FPS,,,,,,,,,,,,,,,,,,,,,,,,,,,,,,2100,Li-Ion,,분리형,,,,,66.1,133.3,9.9,
141,아카,LG-F520,lg,2014. 11,안드로이드 4.4.2 KitKat,,,5,IPS,720 x 1280,,,,,62.26,110.69,,Qualcomm Snapdragon 400 MSM8926,4개 (32 비트),1200MHz,Qualcomm Adreno 305,,,,1.5 GB,16GB,,,,4G,802.11a/b/g/n,4,,마이크로유심 ,,,,,,LED,3264 x 2448 (8 메가픽셀),1920 x 1080 (2.1 메가픽셀),1920 x 1080 30 FPS,,,,,,,,,,,,,,,,,,,,,,,,,,,,,,2610,Li-Ion,,분리형,,,,,71.9,138.7,9.9,"135.5"
142,Q9,LM-Q925,lg,2019. 01,안드로이드 8.1 Oreo,,,6.1,IPS,1440 x 3120,563,,,,64.93,140.68,,Qualcomm Snapdragon 821 MSM8996 Pro,8개 (64 비트),2350MHz,Qualcomm Adreno 530,,,,4 GB,64GB,,,,4G,,5,,나노유심 ,,,,,,Dual LED,4608 x 3456 (15.9 메가픽셀),3264 x 2448 (8 메가픽셀),3840 x 2160 30 FPS,F/2.2,,,,,,,,,,,,,,,,,,,지문인식,,,,,LG Pay,,,,,3000,Li-Polymer,,"급속충전
일체형",,,,,71.9,153.2,7.9,"159"
143,Q9 One,LM-Q927,lg,2019. 02,안드로이드 8.1 Oreo,,,6.1,IPS,1440 x 3120,422,,,,64.93,140.68,,Qualcomm Snapdragon 835 MSM8998,8개 (64 비트),2450MHz,Qualcomm Adreno 540,,,,4 GB,32GB,,,,4G,,5,,나노유심 ,,,,,,LED,4656 x 3492 (16.3 메가픽셀),3264 x 2448 (8 메가픽셀),3840 x 2160 30 FPS,F/1.6,,,,,,,,,,,,,,,,,,,지문인식,,,,,,,,,,3000,Li-Polymer,,"급속충전
일체형",,,,,71.9,153.2,7.9,"156"
144,Q8 2018,LM-Q815,lg,2018. 08,안드로이드 8.1 Oreo | 안드로이드 9.0 Pie,,,6.2,IPS,1080 x 2160,390,,,,70.43,140.85,,Qualcomm Snapdragon 450,8개 (64 비트),1800MHz,Qualcomm Adreno 506,,,,4 GB,64GB,,,,4G,,4.2,,나노유심 ,,,,,,LED,4608 x 3456 (15.9 메가픽셀),2592 x 1944 (5 메가픽셀),1920 x 1080 30 FPS,,,,,,,,,,,,,,,,,,,,지문인식,,,,,LG Pay,,,,,3300,Li-Polymer,,"급속충전
일체형",,,,,77.7,160.1,8.4,"172"
145,Q8,LGM-X800,lg,2017. 08,안드로이드 7.0 누가,,,5.2,IPS,1440 x 2560,565,,,,64.75,115.12,,Qualcomm Snapdragon 820 MSM8996,4개 (64 비트),2150MHz,Qualcomm Adreno 530,,,,4 GB,32GB,,,,4G,,4.2,,나노유심 ,,,,,,Dual LED,4160 x 3120 (13 메가픽셀),2592 x 1944 (5 메가픽셀),3840 x 2160 30 FPS,F/1.8,,,,,,,,,,,,,,,,,,,지문인식,,,,,,,,,,3000,Li-Ion,,"급속충전
일체형",,,,,71.9,149,8,"146"
146,Q7,LM-Q720,lg,2018. 06,안드로이드 8.0 Oreo,,,5.5,IPS,1080 x 2160,439,,,,62.48,124.95,,Qualcomm Snapdragon 450,8개 (64 비트),1800MHz,Qualcomm Adreno 506,,,,3 GB,32GB,,,,4G,,4.2,,나노유심 ,,,,,,LED,4160 x 3120 (13 메가픽셀),3264 x 2448 (8 메가픽셀),1920 x 1080 30 FPS,F/2.2,,,,,,,,,,,,,,,,,,,지문인식,,,,,,,,,,3000,Li-Polymer,,"급속충전
일체형",,,,,69.3,143.8,8.4,"145"
147,Q7 Plus,LM-Q725,lg,2018. 06,안드로이드 8.0 Oreo,,,5.5,IPS,1080 x 2160,439,,,,62.48,124.95,,Qualcomm Snapdragon 450,8개 (64 비트),1800MHz,Qualcomm Adreno 506,,,,3 GB,32GB,,,,4G,,4.2,,나노유심 ,,,,,,LED,4160 x 3120 (13 메가픽셀),3264 x 2448 (8 메가픽셀),1920 x 1080 30 FPS,F/2.2,,,,,,,,,,,,,,,,,,,지문인식,,,,,,,,,,3000,Li-Polymer,,"급속충전
일체형",,,,,69.3,143.8,8.4,"145"
148,Q6,LG-X600,lg,2017. 08,안드로이드 7.1.1 누가 | 안드로이드 8.1 Oreo,,,5.5,IPS,1080 x 2160,439,,,,62.48,124.95,,Qualcomm Snapdragon 435 MSM8940,8개 (64 비트),1400MHz,Qualcomm Adreno 505,,,,3 GB,32GB,,,,4G,,4.2,,나노유심 ,,,,,,LED,4160 x 3120 (13 메가픽셀),2592 x 1944 (5 메가픽셀),1920 x 1080 30 FPS,F/2.2,,,,,,,,,,,,,,,,,,,,,,,,,,,,,3000,Li-Polymer,,일체형,,,,,69.3,142.5,8.1,"149"
149,Q6 Plus,LGM-X600,lg,2017. 08,안드로이드 7.1.1 누가 | 안드로이드 8.1 Oreo,,,5.5,IPS,1080 x 2160,439,,,,62.48,124.95,,Qualcomm Snapdragon 435 MSM8940,8개 (64 비트),1400MHz,Qualcomm Adreno 505,,,,3 GB,32GB,,,,4G,,4.2,,나노유심 ,,,,,,LED,4160 x 3120 (13 메가픽셀),2592 x 1944 (5 메가픽셀),1920 x 1080 30 FPS,F/2.2,,,,,,,,,,,,,,,,,,,,,,,,,,,,,3000,Li-Polymer,,일체형,,,,,69.3,142.5,8.1,"149"
150,V50 ThinQ,LM-V500,lg,2019. 05,안드로이드 9.0 Pie,,,6.4,OLED,1440 x 3120,537,,,,68.12,147.6,,Qualcomm Snapdragon 855,8개 (64 비트),2840MHz,Qualcomm Adreno 640,,,,6 GB,128GB,,,5G,,,5,,나노유심 ,,,,,,Dual LED,4032 x 3024 (12.2 메가픽셀),3264 x 2448 (8 메가픽셀),3840 x 2160 30 FPS,F/1.5,,,,,,,,,,,,,,,,,,,지문인식,,,,,LG Pay,,,,,4000,Li-Polymer,,"급속충전
일체형",,,무선충전 지원,,76.1,159.2,8.3,"183"
151,V50s ThinQ,LM-V510,lg,2019. 10,안드로이드 9.0 Pie,,,6.4,OLED,1080 x 2340,403,,,,68.12,147.6,,Qualcomm Snapdragon 855,8개 (64 비트),2840MHz,Qualcomm Adreno 640,,,,6 GB,128GB,,,5G,,,5,,나노유심 ,,,,,,Dual LED,4032 x 3024 (12.2 메가픽셀),6528 x 4896 (32 메가픽셀),3840 x 2160 30 FPS,F/1.8,,,,,,,,,,,,,,,,,,,지문인식,,,,,lg pay,,,,,4000,Li-Polymer,,"급속충전
일체형",,,,,75.8,159.3,8.4,"192"
152,V40 ThinQ,LM-V409,lg,2018. 10,안드로이드 8.1 Oreo | 안드로이드 9.0 Pie,,,6.4,P-OLED,1440 x 3120,537,,,,68.12,147.6,,Qualcomm Snapdragon 845,8개 (64 비트),2800MHz,Qualcomm Adreno 630,,,,6 GB,64GB/128GB,,,,4G,,5,,나노유심 ,,,,,,LED,4032 x 3024 (12.2 메가픽셀),3264 x 2448 (8 메가픽셀),3840 x 2160 30 FPS,F/1.5,,,,,,,,,,,,,,,,,,,지문인식,,,,,LG Pay,,,,,3300,Li-Polymer,,"급속충전
일체형",,,무선충전 지원,,75.8,158.7,7.7,"169"
153,V35,LM-V350,lg,2018. 07,안드로이드 8.0 Oreo | 안드로이드 9.0 Pie,,,6,P-OLED,1440 x 2880,537,,,,68.16,136.31,,Qualcomm Snapdragon 845,8개 (64 비트),2800MHz,Qualcomm Adreno 630,,,,6 GB,64GB/128GB,,,,4G,,5,,나노유심 ,,,,,,Dual LED,4608 x 3456 (15.9 메가픽셀),3264 x 2448 (8 메가픽셀),3840 x 2160 30 FPS,F/1.6,,,,,,,,,,,,,,,,,,,지문인식,,,,,LG Pay,,,,,3300,Li-Polymer,,"급속충전
일체형",,,무선충전 지원,,75.4,151.7,7.3,"157"
154,V30s ThinQ,LGM-V300S,lg,2018. 03,안드로이드 8.0 Oreo | 안드로이드 9.0 Pie,,,6,P-OLED,1440 x 2880,537,,,,68.16,136.31,,Qualcomm Snapdragon 835 MSM8998,8개 (64 비트),2450MHz,Qualcomm Adreno 540,,,,6 GB,128GB,,,,4G,,5,,나노유심 ,,,,,,Dual LED,4656 x 3492 (16.3 메가픽셀),2560 x 1920 (4.9 메가픽셀),3840 x 2160 30 FPS,F/1.6,,,,,,,,,,,,,,,,,,,지문인식,,,,,LG Pay,,,,,3300,Li-Polymer,,"급속충전
일체형",,,무선충전 지원,,75.4,151.7,7.3,"158"
155,V20,LG-F800,lg,2016. 09,안드로이드 7.0 누가 | 안드로이드 8.0 Oreo,,,5.7,IPS,1440 x 2560,515,,,,70.98,126.19,,Qualcomm Snapdragon 820 MSM8996,4개 (64 비트),2150MHz,Qualcomm Adreno 530,,,,4 GB,64GB,,Micro SD,,4G,802.11a/b/g/n/ac,4.2,,나노유심 ,,,,,,Dual LED,4608 x 3456 (15.9 메가픽셀),2592 x 1944 (5 메가픽셀),3840 x 2160 (UHD)30 FPS,F/1.8,,,,,,,,,,,,,,,,,,,지문인식,,,,,,,,,,3200,Li-Ion,,급속충전분리형,,,,,78.1,159.7,7.6,"174"
156,V10,LG-F600,lg,2015. 10,안드로이드 5.1.1 롤리팝 | 안드로이드 6.0 마시멜로우,,,5.7,IPS,1440 x 2560,515,,,,70.98,126.19,,Qualcomm Snapdragon 808 MSM8992,6개 (64 비트),1800MHz,Qualcomm Adreno 418,,,,4 GB,64GB,,Micro SD,,4G,802.11a/b/g/n/ac,4.1,,나노유심 ,,,,,,LED,5312 x 2988 (15.9 메가픽셀),2560 x 1920 (4.9 메가픽셀),3840 x 2160 (UHD)30 FPS,F/1.8,,,,,,,,,,,,,,,,,,,지문인식,,,,,,,,,,3000,Li-Ion,,급속충전분리형,,,,,79.3,159.6,8.6,"192"
157,X5 2018,LM-X510,lg,2018. 06,안드로이드 8.0 Oreo,,,5.5,IPS,720 x 1280,267,,,,68.49,121.76,,MediaTek MT6750,8개 (64 비트),1500MHz,ARM MaliT860 MP2,,,,2 GB,32GB,,,,4G,,4.2,,나노유심 ,,,,,,LED,4160 x 3120 (13 메가픽셀),2048 x 1536 (3.2 메가픽셀),1920 x 1080 30 FPS,F/2.2,,,,,,,,,,,,,,,,,,,지문인식,,,,,,,,,,4500,Li-Ion,,일체형,,,,,78.1,154.7,8.9,"171"
158,X4,LM-X410,lg,2018. 03,안드로이드 7.1.2 누가,,,5.3,IPS,720 x 1280,277,,,,66,117.33,,Qualcomm Snapdragon 425 MSM8917,4개 (64 비트),1400MHz,Qualcomm Adreno 308,,,,,16GB,,,,4G,,4.2,,나노유심 ,,,,,,LED,3264 x 2448 (8 메가픽셀),2560 x 1920 (4.9 메가픽셀),1920 x 1080 30 FPS,,,,,,,,,,,,,,,,,,,,지문인식,,,,,,,,,,3000,Li-Ion,,분리형,,,,,75.1,148.6,8.6,"172.3"
159,X4 Plus,LM-X415,lg,2018. 02,안드로이드 7.0 누가,,,5.3,IPS,720 x 1280,277,,,,66,117.33,,Qualcomm Snapdragon 425 MSM8917,4개 (64 비트),1400MHz,Qualcomm Adreno 308,,,,2 GB,32GB,,,,4G,,4.2,,나노유심 ,,,,,,LED,4160 x 3120 (13 메가픽셀),2560 x 1920 (4.9 메가픽셀),1920 x 1080 30 FPS,,,,,,,,,,,,,,,,,,,,지문인식,,,,,,,,,,3000,Li-Ion,,분리형,,,,,75.1,148.6,8.6,"172.3"
160,X6 2019,LM-X625,lg,2019. 06,안드로이드 8.1 Oreo,,,6.26,IPS,720 x 1520,269,,,,68.07,143.7,,MediaTek Helio P22 (MT6762),8개 (64 비트),2000MHz,PowerVR GE8320,,,,3 GB,64GB,,,,4G,,5,,나노유심 ,,,,,,Dual LED,4608 x 3456 (15.9 메가픽셀),4160 x 3120 (13 메가픽셀),1920 x 1080 30 FPS,F/2.2,,,,,,,,,,,,,,,,,,,지문인식,,,,,,,,,,3500,Li-Polymer,,일체형,,,,,77,161.3,8.7,"172"
161,X4 2019,LM-X420,lg,2019. 04,안드로이드 8.1 Oreo,,,5.7,IPS,720 x 1440,282,,,,64.75,129.5,,MediaTek Helio P22 (MT6762),8개 (64 비트),2000MHz,PowerVR GE8320,,,,2 GB,32GB,,,,4G,,5,,나노유심 ,,,,,,LED,4608 x 3456 (15.9 메가픽셀),3264 x 2448 (8 메가픽셀),1920 x 1080 30 FPS,F/2,,,,,,,,,,,,,,,,,,,지문인식,,,,,LG Pay,,,,,3000,Li-Polymer,,일체형,,,,,71.9,153,8.3,"150"
162,X2 2019,LM-X220,lg,2019. 08,안드로이드 9.0 Pie,,,5.45,IPS,720 x 1440,295,,,,61.91,123.82,,Qualcomm Snapdragon 425 MSM8917,4개 (64 비트),1300MHz,Qualcomm Adreno 308,,,,2 GB,32GB,,,,4G,,5,,나노유심 ,,,,,,LED,4160 x 3120 (13 메가픽셀),2560 x 1920 (4.9 메가픽셀),1920 x 1080 30 FPS,,,,,,,,,,,,,,,,,,,,,,,,,,,,,,3000,Li-Ion,,분리형,,,,,71.5,147,8.2,"147"
163,X2 2018,LM-X210,lg,2018. 07,안드로이드 7.1.2 누가,,,5,IPS,720 x 1280,294,,,,62.26,110.69,,Qualcomm Snapdragon 425 MSM8917,4개 (64 비트),1300MHz,Qualcomm Adreno 308,,,,2 GB,16GB,,,,4G,,4.2,,나노유심 ,,,,,,LED,3264 x 2448 (8 메가픽셀),2560 x 1920 (4.9 메가픽셀),1920 x 1080 30 FPS,,,,,,,,,,,,,,,,,,,,지문인식,,,,,,,,,,2500,Li-Ion,,분리형,,,,,71.9,144.8,8.2,"152"
164,X500,LGM-X320,lg,2017. 06,안드로이드 7.0 누가,,,5.5,IPS,720 x 1280,267,,,,68.49,121.76,,MediaTek MT6750,8개 (64 비트),1500MHz,ARM MaliT860 MP2,,,,2 GB,32GB,,,,4G,,4.2,,나노유심 ,,,,,,LED,4160 x 3120 (13 메가픽셀),2592 x 1944 (5 메가픽셀),1920 x 1080 30 FPS,F/2.2,,,,,,,,,,,,,,,,,,,,,,,,,,,,,4500,Li-Polymer,,일체형,,,,,78.1,154.7,8.4,"164"
165,X401,LGM-X401,lg,2017. 11,,,,5.3,,720 x 1280,277,,,,,,,,,,,,,,,,,,,,,,,,,,,,,,,,,,,,,,,,,,,,,,,,,,,,,,,,,,,,,,2800,,,분리형,,,,,148.7,75.29,7.99,"142"
166,X400,LGM-K121,lg,2017. 02,안드로이드 7.0 누가,,,5.3,IPS,720 x 1280,277,,,,66,117.33,,MediaTek MT6750,8개 (64 비트),1500MHz,ARM MaliT860 MP2,,,,2 GB,16GB/32GB,,Micro SD,,4G,802.11b/g/n,4.2,,나노유심 ,,,,,,LED,4160 x 3120 (13 메가픽셀),2560 x 1920 (4.9 메가픽셀),1920 x 1080 (Full HD)30 FPS,F/2.2,,,,,,,,,,,,,,,,,,,지문인식,,,,,,,,,,2800,Li-Ion,,분리형,,,,,75.3,148.7,7.99,"144"
167,X300,LGM-K120,lg,2017. 01,안드로이드 7.0 누가,,,5,IPS,720 x 1280,294,,,,62.26,110.69,,Qualcomm Snapdragon 425 MSM8917,4개 (64 비트),1400MHz,Qualcomm Adreno 308,,,,2 GB,16GB,,Micro SD,,4G,802.11b/g/n,4.2,,나노유심 ,,,,,,LED,4160 x 3120 (13 메가픽셀),2560 x 1920 (4.9 메가픽셀),1920 x 1080 30 FPS,,,,,,,,,,,,,,,,,,,,,,,,,,,,,,2500,Li-Ion,,분리형,,,,,72.1,144.8,8.09,"142"
168,엑스파워,LG-F750,lg,2016. 07,안드로이드 6.0 마시멜로우,,,5.3,IPS,720 x 1280,277,,,,66,117.33,,MediaTek MT6735,4개 (64 비트),1300MHz,ARM MaliT720 MP2,,,,2 GB,16GB,,Micro SD,,4G,802.11b/g/n,4.2,,마이크로유심 ,,,,,,LED,4160 x 3120 (13 메가픽셀),2592 x 1944 (5 메가픽셀),1920 x 1080 (Full HD)30 FPS,,,,,,,,,,,,,,,,,,,,,,,,,,,,,,4100,Li-Ion,,분리형,,,,,74.9,148.9,7.9,"139"
169,X5,LG-F770,lg,2016. 07,안드로이드 6.0 마시멜로우,,,5.5,IPS,720 x 1280,267,,,,68.49,121.76,,,,1300MHz,,,,,2 GB,16GB,,Micro SD,,4G,802.11b/g/n,4.2,,마이크로유심 ,,,,,,LED,4160 x 3120 (13 메가픽셀),2592 x 1944 (5 메가픽셀),1920 x 1080 (Full HD)30 FPS,,,,,,,,,,,,,,,,,,,,,,,,,,,,,,2800,Li-Ion,,분리형,,,,,76.9,151.6,7.2,"133"
170,X스킨,LG-F740,lg,2016. 06,,,,5.3,,720 x 1280,277,,,,,,,,,,,,,,,,,,,,,,,,,,,,,,,,,,,,,,,,,,,,,,,,,,,,,,,,,,,,,,2100,,,분리형,,,,,,,,"122"
171,X캠,LG-F690,lg,2016. 06,안드로이드 6.0 마시멜로우,,,5.2,IPS,1080 x 1920,424,,,,64.75,115.12,,MediaTek MT6753,8개 (64 비트),1140MHz,ARM MaliT720 MP3,,,,2 GB,16GB,,,,,,4.2,,나노유심 ,,,,,,LED,4160 x 3120 (13 메가픽셀),3264 x 2448 (8 메가픽셀),1920 x 1080 30 FPS,,,,,,,,,,,,,,,,,,,,,,,,,,,,,,2520,Li-Ion,,일체형,,,,,73.6,147.5,6.9,"118"
172,X스크린,LG-F650,lg,2016. 03,안드로이드 6.0 마시멜로우,,,4.9,IPS,720 x 1280,300,,,,61.39,109.14,,Qualcomm Snapdragon 410 MSM8916,4개 (64 비트),1200MHz,Qualcomm Adreno 306,,,,2 GB,16GB,,,,4G,,4.1,,나노유심 ,,,,,,LED,4160 x 3120 (13 메가픽셀),3264 x 2448 (8 메가픽셀),1920 x 1080 30 FPS,F/2.2,,,,,,,,,,,,,,,,,,,,,,,,,,,,,2300,Li-Ion,,일체형,,,,,71.8,142.6,7.1,"120"
173,넥서스 5x,LG-H791,lg,2016. 03,안드로이드 6.0 마시멜로우 | 안드로이드 7.0 누가 | 안드로이드 7.1.1 누가 | 안드로이드 8.0 Oreo,,,5.2,IPS,1080 x 1920,424,,,,64.75,115.12,,Qualcomm Snapdragon 808 MSM8992,6개 (64 비트),1800MHz,Qualcomm Adreno 418,,,,2 GB,16GB/32GB,,,,4G,802.11a/b/g/n/ac,4.2,,나노유심 ,,,,,,Dual LED,4032 x 3024 (12.2 메가픽셀),2592 x 1944 (5 메가픽셀),3840 x 2160 30 FPS,F/2,,,,,,,,,,,,,,,,,,,지문인식,,,,,,,,,,2700,Li-Polymer,,"급속충전
일체형",,,,,72.6,147,7.9,"136"
174,옵티머스 LTE3,LG-F260,lg,2013. 03,Android,,,4.7,IPS,720 x 1280,312,,,,,,,,,,,,,,2GB,,,Micro SD,,4G,802.11a/b/g/n,,,,,,,,,,,,(Full HD)FPS,,,,,,,,,,,,,,,,,,,,,,,,,,,,,,2540,,,분리형,마이크로 USB,,,,68.2,131.7,9.6,"133"
175,와인 스마트 재즈,LG-F610,lg,2015. 09,안드로이드 5.1.1 롤리팝,,,3.2,LCD,320 x 480,180,,,,45.09,67.63,,Qualcomm Snapdragon 210 MSM8909,4개 (32 비트),1100MHz,Qualcomm Adreno 304,,,,1 GB,4GB,,Micro SD,,4G,802.11a/b/g/n,4.1,,마이크로유심 ,,,,,,,2048 x 1536 (3.2 메가픽셀),640 x 480 (0.3 메가픽셀),,,,,,,,,,,,,,,,,,,,,,,,,,,,,,,1700,Li-Ion,,분리형,,,,,58.7,117.7,16.6,"143"
176,와인 스마트,LG-F480,lg,2014. 09,안드로이드 4.4.2 KitKat,,,3.5,IPS,320 x 480,165,,,,49.31,73.97,,Qualcomm Snapdragon 400 MSM8926,4개 (32 비트),1200MHz,Qualcomm Adreno 305,,,,1 GB,4GB,,Micro SD,,4G,802.11a/b/g/n,4,,마이크로유심 ,,,,,,LED,3264 x 2448 (8 메가픽셀),,1920 x 1080 (Full HD)30 FPS,,,,,,,,,,,,,,,,,,,,,,,,,,,,,,1700,Li-Ion,,분리형,,,,,59.4,118.6,16.9,"140.8"
177,와인 스마트 3G,LG-T480,lg,2015. 03,안드로이드 4.4.2 KitKat,,,3.5,IPS,320 x 480,165,,,,49.31,73.97,,Qualcomm Snapdragon 400 MSM8926,4개 (32 비트),1200MHz,Qualcomm Adreno 305,,,,1 GB,4GB,,,,4G,,4,,마이크로유심 ,,,,,,LED,3264 x 2448 (8 메가픽셀),,1920 x 1080 30 FPS,,,,,,,,,,,,,,,,,,,,,,,,,,,,,,1700,Li-Ion,,분리형,,,,,59.4,118.6,16.9,"140.8"
178,LG폴더,LM-Y110,lg,2018. 03,,,,3,,240 x 400,155,,,,,,,,,,,,,,,,,,,4G,,,,,,,,,,,,,,,,,,,,,,,,,,,,,,,,,,,,,,,,,,,1470,,,분리형,,,,,112.7,54.1,17.4,"130"
179,스마트폴더,LGM-X100,lg,2017. 10,안드로이드 7.1.1 누가,,,3.3,LCD,480 x 844,294,,,,41.44,72.86,,Qualcomm Snapdragon 210 MSM8909,4개 (32 비트),1300MHz,Qualcomm Adreno 304,,,,2 GB,16GB,,,,4G,,4.2,,마이크로유심 ,,,,,,,2592 x 1944 (5 메가픽셀),2592 x 1944 (5 메가픽셀),1280 x 720 30 FPS,,,,,,,,,,,,,,,,,,,,,,,,,,,,,,1940,Li-Ion,,분리형,,,,,58.7,117.6,16.9,"142"
180,갤럭시 폴드,SM-F907,samsung,2019. 09,안드로이드 9.0 Pie,,,7.3,Dynamic AMOLED,2152 x 1536,362,,,,150.92,107.72,,Qualcomm Snapdragon 855,8개 (64 비트),2840MHz,Qualcomm Adreno 640,,,,12 GB,512GB,,,5G,,,5,,나노유심 ,,,,,,Dual LED,4032 x 3024 (12.2 메가픽셀),4320 x 2432 (10.5 메가픽셀),3840 x 2160 60 FPS,F/1.5 - 2.4,,,,,,,,,,,,,,,,,,,지문인식,,,,,SAMSUNG Pay,,,,,4235,Li-Polymer,,"급속충전
일체형",,,무선충전 지원,,117.9,160.9,7.5,
181,아이폰SE(2020),A2775,apple,2020. 05,iOS 13,,,4.7,IPS,750 x 1334,326,,,,58.51,104.06,,Apple A13 Bionic APL1W85,6개 (64 비트),2650MHz,,,,,3 GB,64GB/128GB/256GB,,,,4G,,5,,나노유심,,,,,,,4032 x 3024 (12.2 메가픽셀),3088 x 2320 (7.2 메가픽셀),3840 x 2160 60 FPS,F/1.8,,,,,,,,,,,,,,,,,,,지문인식,,,,,APPLE Pay,,,,,1821,Li-Ion,,"급속충전
일체형",,,무선충전 지원,,67.3,138.4,7.3,"148"
182,갤럭시 A80,SM-A805,samsung,2019. 04,안드로이드 9.0 Pie,,,6.7,Super AMOLED,1080 x 2400,393,,,,69.84,155.19,,Qualcomm Snapdragon 730,8개 (64 비트),2200MHz,QUalcomm Adreno 618,,,,8 GB,128GB,,,,4G,,5,,나노유심 ,,,,,,Dual LED,8000 x 6000 (48 메가픽셀),,3840 x 2160 30 FPS,F/2,,,,,,,,,,,,,,,,,,,지문인식,,,,,SAMSUNG Pay,,,,,3700,Li-Polymer,,"급속충전
일체형",,,,,76.5,165.2,9,
183,갤럭시 Z플립,SM-F700,samsung,2020. 02,안드로이드 10,,,6.7,Dynamic AMOLED,1080 x 2636,425,,,,64.52,157.48,,Qualcomm Snapdragon 855 Plus,8개 (64 비트),2950MHz,Qualcomm Adreno 640,,,,8 GB,256GB,,,,4G,,5,,나노유심 ,,,,,,Dual LED,4032 x 3024 (12.2 메가픽셀),,60 FPS,F/1.8,,,,,,,,,,,,,,,,,,,지문인식,,,,,samsung pay,,,,,3300,Li-Polymer,,"급속충전
일체형",,,무선충전 지원,,73.6,167.3,7.2,"183"
184,갤럭시 S20,SM-G981,samsung,2020. 03,안드로이드 10,,,6.2,Dynamic AMOLED 2X,1440 x 3200,563,,,,64.62,143.61,,Qualcomm Snapdragon 865,8개 (64 비트),2840MHz,Qualcomm Adreno 650,,,,12 GB,128GB,,,5G,,,5,,나노유심 ,,,,,,Dual LED,4032 x 3024 (12.2 메가픽셀),10 MP (megapixels) (10 메가픽셀),7680 x 4320 30 FPS,F/1.8,,,,,,,,,,,,,,,,,,,지문인식,,,,,SAMSUNG Pay,,,,,4000,Li-Polymer,,"급속충전
일체형",,,무선충전 지원,,69.1,151.7,7.9,"163"
185,갤럭시 S20 Plus,SM-G986,samsung,2020. 03,안드로이드 10,,,6.7,Dynamic AMOLED 2X,1440 x 3200,524,,,,69.84,155.19,,Qualcomm Snapdragon 865,8개 (64 비트),2840MHz,Qualcomm Adreno 650,,,,12 GB,128GB/256GB/512GB,,,5G,,,5,,나노유심 ,,,,,,Dual LED,4032 x 3024 (12.2 메가픽셀),10 MP (megapixels) (10 메가픽셀),7680 x 4320 24 FPS,F/1.8,,,,,,,,,,,,,,,,,,,지문인식,,,,,samsung pay,,,,,4500,Li-Polymer,,"급속충전
일체형",,,무선충전 지원,,73.7,161.9,7.8,"188"
186,갤럭시 S20 울트라,SM-G988,samsung,2020. 03,안드로이드 10,,,6.9,Dynamic AMOLED 2X,1440 x 3200,509,,,,71.92,159.82,,Qualcomm Snapdragon 865,8개 (64 비트),2840MHz,Qualcomm Adreno 650,,,,12 | 16 GB,128GB/256GB/512GB,,,5G,,,5,,나노유심 ,,,,,,Dual LED,12000 x 9000 (108 메가픽셀),7968 x 5480 (43.7 메가픽셀),7680 x 4320 30 FPS,F/1.8,,,,,,,,,,,,,,,,,,,지문인식,,,,,SAMSUNG Pay,,,,,5000,Li-Polymer,,"급속충전
일체형",,,무선충전 지원,,76,166.9,8.8,"222"
187,벨벳,LM-G900,lg,2020. 05,안드로이드 10,,,6.8,pOLED,1080 x 2460,395,,,,69.43,158.15,,Qualcomm Snapdragon 765G,8개 (64 비트),2400MHz,Qualcomm Adreno 620,,,,8 GB,128GB,,,5G,,,5.1,,나노유심 ,,,,,,Dual LED,8000 x 6000 (48 메가픽셀),4608 x 3456 (15.9 메가픽셀),30 FPS,F/1.8,,,,,,,,,,,,,,,,,,,지문인식,,,,,LG Pay,,,,,4300,Li-Polymer,,"급속충전
일체형",,,,,74.1,167.1,7.85,"180"
188,Q51,LM-Q510,lg,2020. 02,안드로이드 10,,,6.5,IPS,720 x 1520,259,,,,70.68,149.21,,MediaTek Helio P22 (MT6762),8개 (64 비트),2000MHz,PowerVR GE8320,,,,3 GB,32GB,,,,4G,,5,,나노유심 ,,,,,,Dual LED,4160 x 3120 (13 메가픽셀),4160 x 3120 (13 메가픽셀),30 FPS,F/2.2,,,,,,,,,,,,,,,,,,,지문인식,,,,,LG Pay,,,,,4000,Li-Polymer,,"급속충전
일체형",,,,,77.9,166.9,8.4,"204"
189,LG폴더2,LM-Y120,lg,2020. 04,안드로이드 8.0 Oreo,,,2.8,TFT,240 x 320,143,,,,42.67,56.9,,Qualcomm Snapdragon 210 MSM8909,4개 (32 비트),1300MHz,Qualcomm Adreno 304,,,,1 GB,8GB,,,,4G,,4.2,,나노유심 ,,,,,,,1920 x 1080 (2.1 메가픽셀),,,,,,,,,,,,,,,,,,,,,,,,,,,,,,,,1470,Li-Ion,,분리형,,,,,55,107.9,18,"127"
190,Q61,LM-Q630,lg,2020. 05,안드로이드 10,,,6.53,IPS,1080 x 2340,395,,,,69.19,149.9,,,8개 (64 비트),2300MHz,,,,,4 GB,64GB,,,,4G,,5,,나노유심 ,,,,,,Dual LED,8000 x 6000 (48 메가픽셀),4608 x 3456 (15.9 메가픽셀),30 FPS,,,,,,,,,,,,,,,,,,,,지문인식,,,,,LG Pay,,,,,4000,Li-Polymer,,"급속충전
일체형",,,,,77.5,164.5,8.3,
191,갤럭시 A31,SM-A315,samsung,2020. 05,안드로이드 10,,,6.4,Super AMOLED,1080 x 2400,411,,,,66.71,148.24,,MediaTek Helio G70,8개 (64 비트),2000MHz,ARM MaliG52 2EEMC2,,,,4 | 6 GB,64GB/128GB,,,,4G,,5,,나노유심 ,,,,,,LED,8000 x 6000 (48 메가픽셀),,30 FPS,F/2,,,,,,,,,,,,,,,,,,,지문인식,,,,,SAMSUNG Pay,,,,,5000,Li-Ion,,"급속충전
일체형",,,,,73.1,159.3,8.6,"185"
192,갤럭시 A51,SM-A516,samsung,2020. 05,안드로이드 10,,,6.5,Super AMOLED,1080 x 2400,405,,,,67.75,150.56,,Samsung Exynos 980,8개 (64 비트),2200MHz,ARM MaliG76 MP5,,,,6 | 8 GB,128GB,,,,4G,,5,,나노유심 ,,,,,,LED,8000 x 6000 (48 메가픽셀),,30 FPS,F/2,,,,,,,,,,,,,,,,,,,지문인식,,,,,SAMSUNG Pay,,,,,4500,Li-Ion,,"급속충전
일체형",,,,,73.6,158.9,8.7,"187"
193,갤럭시 A퀀텀,SM-A716,samsung,2020. 05,안드로이드 10,,,6.7,Super AMOLED,1080 x 2400,393,,,,69.84,155.19,,Samsung Exynos 980,8개 (64 비트),2200MHz,ARM MaliG76 MP5,,,,6 | 8 GB,128GB,,,5G,,,5,,나노유심 ,,,,,,LED,9280 x 6944 (64.4 메가픽셀),,30 FPS,F/1.8,,,,,,,,,,,,,,,,,,,지문인식,,,,,SAMSUNG Pay,,,,,4500,Li-Ion,,"급속충전
일체형",,,,,75.5,162.5,8.1,"185"
194,갤럭시S20 FE,SM-G781,samsung,2020. 10,안드로이드 10,,,6.5,Super AMOLED,1080 x 2400,405,,,,67.75,150.56,,Qualcomm Snapdragon 865,8개 (64 비트),2840MHz,Qualcomm Adreno 650,,,,6 | 8 GB,128GB/256GB,,,5G,,,5,,나노유심 ,,,,,,Dual LED,4032 x 3024 (12.2 메가픽셀),32 MP (megapixels) (32 메가픽셀),7680 x 4320 30 FPS,F/1.8,,,,,,,,,,,,,,,,,,,지문인식,,,,,SAMSUNG Pay,,,,,4500,Li-Polymer,,"급속충전
일체형",,,무선충전 지원,,74.5,159.8,8.4,"190"
195,갤럭시노트20,SM-N981,samsung,2020. 09,안드로이드 10,,,6.7,Super AMOLED Plus,1080 x 2400,393,,,,69.84,155.19,,Qualcomm Snapdragon 865 Plus,8개 (64 비트),3090MHz,Qualcomm Adreno 650,,,,8 GB,128GB/256GB,,,5G,,,5,,나노유심 ,,,,,,Dual LED,4032 x 3024 (12.2 메가픽셀),10 MP (megapixels) (10 메가픽셀),7680 x 4320 24 FPS,F/1.8,,,,,,,,,,,,,,,,,,,지문인식,,,,,SAMSUNG Pay,,,,,4300,Li-Polymer,,"급속충전
일체형",,,무선충전 지원,,75.2,161.6,8.3,"192"
196,갤럭시노트20 울트라,SM-N986,samsung,2020. 09,안드로이드 10,,,6.9,Dynamic AMOLED 2X,1440 x 3088,494,,,,74.07,158.84,,Qualcomm Snapdragon 865 Plus,8개 (64 비트),3090MHz,Qualcomm Adreno 650,,,,12 GB,128GB/256GB/512GB,,,5G,,,5,,나노유심 ,,,,,,LED,12000 x 9000 (108 메가픽셀),3648 x 2736 (10 메가픽셀),7680 x 4320 24 FPS,F/1.8,,,,,,,,,,,,,,,,,,,지문인식,,,,,SAMSUNG Pay,,,,,4500,Li-Polymer,,"급속충전
일체형",,,무선충전 지원,,77.2,164.8,8.1,"208"
197,Q31,LM-Q310,lg,2020. 09,,,,5.7,,720 x 1520,295,,,,,,,,,,,,,,,,,,,,,,,,,,,,,,,,,,,,,,,,,,,,,,,,,,,,,,,,,,,,,,3000,,,분리형,,,,,147.9,71,8.7,"145"
198,Q52,LM-Q520,lg,2020. 10,,,,6.6,,720 x 1600,266,,,,,,,,,,,,,,,,,,,,,,,,,,,,,,,,,,,,,,,,,,,,,,,,,,,,,,,,,,,,,,4000,,,분리형,,,,,165,76.7,8.4,"186"
199,윙,LM-F100,lg,2020. 10,안드로이드 10,,,6.8,pOLED,1080 x 2460,395,,,,69.43,158.15,,Qualcomm Snapdragon 765G,8개 (64 비트),2400MHz,Qualcomm Adreno 620,,,,8 GB,256GB,,,,4G,,5.1,,나노유심 ,,,,,,Dual LED,9280 x 6920 (64.2 메가픽셀),6560 x 5480 (36 메가픽셀),7680 x 4320 30 FPS,F/1.8,,,,,,,,,,,,,,,,,,,지문인식,,,,,lg pay,,,,,4000,Li-Polymer,,"급속충전
일체형",,,무선충전 지원,,74.5,169.5,10.9,"260"
200,아이폰12,A2403,apple,2020. 10,iOS 14.1,,,6.1,OLED,1170 x 2532,457,,,,64.99,140.65,,Apple A14 Bionic,6개 (64 비트),,,,,,4 GB,64GB/128GB/256GB,,,5G,,,5,,나노유심,,,,,,LED,64 MP (mega (64 메가픽셀),4032 x 3024 (12.2 메가픽셀),3840 x 2160 60 FPS,F/1.6,,,,,,,,,,,,,,,,,,,,,,,,Apple Pay,,,,,,Li-Ion,,"급속충전
일체형",,,무선충전 지원,,71.5,146.7,7.4,"164"
201,아이폰12 Pro,A2407,apple,2020. 10,iOS 14.1,,,6.1,OLED,1170 x 2532,457,,,,64.99,140.65,,Apple A14 Bionic,6개 (64 비트),,,,,,6 GB,128GB/256GB/512GB,,,5G,,,5,,나노유심,,,,,,LED,4032 x 3024 (12.2 메가픽셀),4032 x 3024 (12.2 메가픽셀),3840 x 2160 60 FPS,F/1.6,,,,,,,,,,,,,,,,,,,,,,,,Apple Pay,,,,,,Li-Ion,,"급속충전
일체형",,,무선충전 지원,,71.5,146.7,7.4,"189"
202,아이폰12 Pro Max,A2411,apple,2020. 11,iOS 14.1,,,6.7,OLED,1284 x 2778,457,,,,71.4,154.48,,Apple A14 Bionic,6개 (64 비트),,,,,,6 GB,128GB/256GB/512GB,,,,,,5,,나노유심,,,,,,LED,4032 x 3024 (12.2 메가픽셀),4032 x 3024 (12.2 메가픽셀),3840 x 2160 60 FPS,F/1.6,,,,,,,,,,,,,,,,,,,,,,,,Apple Pay,,,,,3687,Li-Ion,,"급속충전
일체형",,,무선충전 지원,,78.09,160.84,7.39,"228"
203,아이폰12 Mini,A2399,apple,2020. 11,iOS 14.1,,,5.4,OLED,1080 x 2340,477,,,,57.48,124.54,,Apple A14 Bionic,6개 (64 비트),,,,,,4 GB,64GB/128GB/256GB,,,5G,,,5,,나노유심,,,,,,LED,4032 x 3024 (12.2 메가픽셀),4032 x 3024 (12.2 메가픽셀),3840 x 2160 60 FPS,F/1.6,,,,,,,,,,,,,,,,,,,,,,,,Apple Pay,,,,,2227,Li-Ion,,"급속충전
일체형",,,무선충전 지원,,64.2,131.5,7.4,"135"
204,갤럭시폴드2,SM-F916,samsung,2020. 09,안드로이드 10,,,7.6,AMOLED,2208 x 1768,372,,,,150.69,120.66,,Qualcomm Snapdragon 865 Plus,8개 (64 비트),3090MHz,Qualcomm Adreno 650,,,,12 GB,256GB/512GB,,,5G,,,5,,나노유심 ,,,,,,Dual LED,4032 x 3024 (12.2 메가픽셀),10 MP (megapixels) (10 메가픽셀),3840 x 2160 60 FPS,F/1.8,,,,,,,,,,,,,,,,,,,지문인식,,,,,Samsung Pay,,,,,4500,Li-Polymer,,"급속충전
일체형",,,무선충전 지원,,128.2,159.1,6.9,"279"
205,갤럭시 A12,SM-A125,samsung,2021. 02,안드로이드 10,,,6.5,TFT,720 x 1560,270,,,,69.19,149.9,,MediaTek Helio P35 (MT6765),8개 (64 비트),2300MHz,PowerVR GE8320,,,,3 | 4 | 6 GB,32GB/64GB/128GB,,,,4G,,5,,나노유심 ,,,,,,LED,8000 x 6000 (48 메가픽셀),3264 x 2448 (8 메가픽셀),1920 x 1080 30 FPS,F/2,,,,,,,,,,,,,,,,,,,지문인식,,,,,,,,,,5000,Li-Ion,,"급속충전
일체형",,,,,75.8,164,8.9,"205"
206,갤럭시S21 Ultra,SM-G998,samsung,2021. 01,안드로이드 11,,,6.8,Dynamic AMOLED 2X,1440 x 3200,516,,,,70.88,157.51,,Samsung Exynos 2100,8개 (64 비트),2900MHz,,,,,12 | 16 GB,128GB/256GB/512GB,,,5G,,,5.2,,나노유심 ,,,,,,Dual LED,12000 x 9000 (108 메가픽셀),40 MP (megapixels) (40 메가픽셀),7680 x 4320 30 FPS,F/1.8,,,,,,,,,,,,,,,,,,,지문인식,,,,,SAMSUNG Pay,,,,,5000,Li-Polymer,,"급속충전
일체형",,,무선충전 지원,,75.6,165.1,8.9,"227"
207,갤럭시S21 Plus,SM-G996,samsung,2021. 01,안드로이드 11,,,6.7,Dynamic AMOLED 2X,1440 x 3200,393,,,,69.84,155.19,,Samsung Exynos 2100,8개 (64 비트),2900MHz,,,,,8 GB,128GB/256GB,,,5G,,,5.2,,나노유심 ,,,,,,LED,4032 x 3024 (12.2 메가픽셀),10 MP (megapixels) (10 메가픽셀),7680 x 4320 30 FPS,F/1.8,,,,,,,,,,,,,,,,,,,지문인식,,,,,,,,,,4800,Li-Polymer,,"급속충전
일체형",,,무선충전 지원,,75.6,161.5,7.8,"200"
208,갤럭시S21,SM-G991,samsung,2021. 01,안드로이드 11,,,6.2,Dynamic AMOLED 2X,1080 x 2400,424,,,,64.62,143.61,,Samsung Exynos 2100,8개 (64 비트),2900MHz,,,,,8 GB,128GB/256GB,,,5G,,,5.2,,나노유심 ,,,,,,LED,4032 x 3024 (12.2 메가픽셀),10 MP (megapixels) (10 메가픽셀),7680 x 4320 30 FPS,F/1.8,,,,,,,,,,,,,,,,,,,지문인식,,,,,,,,,,4000,Li-Polymer,,"급속충전
일체형",,,무선충전 지원,,71.2,151.7,7.9,"169"
209,넥서스5,LG-D821,lg,2013. 11,안드로이드 4.4.3 KitKat | 안드로이드 5.0 롤리팝 | 안드로이드 6.0 마시멜로우,,,5,IPS,1080 x 1920,441,,,,62.26,110.69,,Qualcomm Snapdragon 800 MSM8974AA,4개 (32 비트),2300MHz,Qualcomm Adreno 330,,,,2 GB,16GB/32GB,,,,4G,802.11a/b/g/n/ac,4,,마이크로유심 ,,,,,,LED,3264 x 2448 (8 메가픽셀),1280 x 960 (1.2 메가픽셀),1920 x 1080 (Full HD)30 FPS,F/2.4,,,,,,,,,,,,,,,,,,,,,,,,,,,,,2300,Li-Polymer,,일체형,,,무선충전 지원,,69.2,137.8,8.6,"130"
210,옵티머스 뷰,LG-F100,lg,2012. 03,안드로이드 4.0.4 Ice Cream Sandwich,,,5,IPS,768 x 1024,256,,,,76.2,101.6,,Nvidia Tegra 3 AP33,4개 (32 비트),1500MHz,ULP GeForce,,,,1 GB,32GB,,,,4G,802.11b/g/n,4,,마이크로유심 ,,,,,,LED,3264 x 2448 (8 메가픽셀),,1920 x 1080 (Full HD)30 FPS,,,,,,,,,,,,,,,,,,,,,,,,,,,,,,2080,Li-Polymer,,일체형,,,,,90.4,139.6,8.5,"168"
211,옵티머스 G,LG-F180,lg,2012. 09,안드로이드 4.0.4 Ice Cream Sandwich | 안드로이드 4.1.2 Jelly Bean | 안드로이드 4.4.2 KitKat,,,4.7,IPS,768 x 1280,318,,,,61.42,102.37,,Qualcomm Snapdragon S4 Pro APQ8064,4개 (32 비트),1500MHz,Qualcomm Adreno 320,,,,2 GB,32GB,,Micro SD,,4G,802.11a/b/g/n,4,,마이크로유심 ,,,,,,LED,4208 x 3120 (13.1 메가픽셀),,1920 x 1080 (Full HD)30 FPS,F/2.4,,,,,,,,,,,,,,,,,,,,,,,,,,,,,2100,Li-Polymer,,일체형,,,,,68.9,131.9,8.5,"145"
212,옵티머스 뷰2,LG-F200,lg,2012. 09,안드로이드 4.0.4 Ice Cream Sandwich | 안드로이드 4.1 Jelly Bean,,,5,IPS,768 x 1024,256,,,,76.2,101.6,,Qualcomm Snapdragon S4 Plus MSM8960,2개 (32 비트),1500MHz,Qualcomm Adreno 225,,,,2 GB,14.9GB,,Micro SD,,4G,802.11a/b/g/n,4,,마이크로유심 ,,,,,,LED,3264 x 2448 (8 메가픽셀),,1920 x 1080 (Full HD)30 FPS,,,,,,,,,,,,,,,,,,,,,,,,,,,,,,2150,Li-Ion,,일체형,,,,,85.6,132.2,9.4,"159"
213,옵티머스 GK,LG-F220,lg,2013. 05,,,,5,IPS,1080 x 1920,441,,,,,,,,,,,,,,2GB,,,Micro SD,,4G,802.11a/b/g/n,,,,,,,,,,,,(Full HD)FPS,,,,,,,,,,,,,,,,,,,,,,,,,,,,,,3100,,,분리형,마이크로 USB,,,,139.1,69.9,9.9,"156"
214,옵티머스G 프로,LG-F240,lg,2013. 02,안드로이드 4.1.2 Jelly Bean,,,5.5,IPS+,1080 x 1920,401,,,,68.49,121.76,,Qualcomm Snapdragon 600 APQ8064T,4개 (32 비트),1700MHz,Qualcomm Adreno 320,,,,2 GB,16GB/32GB,,Micro SDHC,,4G,802.11a/b/g/n,4,,마이크로유심 ,,,,,,LED,4160 x 3120 (13 메가픽셀),1920 x 1080 (2.1 메가픽셀),1920 x 1080 (Full HD)30 FPS,,,,,,,,,,,,,,,,,,,,,,,,,,,,,,3140,Li-Ion,,분리형,,,,,76.1,150.2,9.4,"160"
215,엘지 뷰3,LG-F300,lg,2013. 09,안드로이드 4.2.2 Jelly Bean,,,5.2,IPS,960 x 1280,308,,,,79.25,105.66,,Qualcomm Snapdragon 800 MSM8974AA,4개 (32 비트),2260MHz,Qualcomm Adreno 330,,,,2 GB,16GB,,Micro SD,,4G,802.11a/b/g/n,4,,마이크로유심 ,,,,,,LED,4208 x 3120 (13.1 메가픽셀),,1920 x 1080 (Full HD)60 FPS,,,,,,,,,,,,,,,,,,,,,,,,,,,,,,2610,Li-Ion,,일체형,,,,,85.6,132.1,9.4,"161"
216,엘지 밴드플레이,LG-F570,lg,2015. 06,안드로이드 5.1 롤리팝,,,5,IPS,720 x 1280,294,,,,62.26,110.69,,Qualcomm Snapdragon 410 MSM8916,4개 (64 비트),1200MHz,Qualcomm Adreno 306,,,,2 GB,16GB,,Micro SD,,4G,802.11a/b/g/n/ac,4.1,,마이크로유심 ,,,,,,LED,4160 x 3120 (13 메가픽셀),2560 x 1920 (4.9 메가픽셀),1920 x 1080 30 FPS,,,,,,,,,,,,,,,,,,,,,,,,,,,,,,2300,Li-Ion,,분리형,,,,,71.9,139.7,8.3,"126"
217,프라다폰 3.0,LG-KU5400,lg,2011. 12,안드로이드 2.3.7 Gingerbread | 안드로이드 4.0 Ice Cream Sandwich,,,4.3,TFT,480 x 800,217,,,,56.19,93.66,,Texas Instruments OMAP 4 4430,2개 (32 비트),1000MHz,PowerVR SGX540,,,,1 GB,8GB,,Micro SDHC,,,802.11a/b/g/n,3,,미니유심 ,,,,,,LED,3264 x 2448 (8 메가픽셀),,1920 x 1080 (Full HD)30 FPS,F/2.8,,,,,,,,,,,,,,,,,,,,,,,,,,,,,1540,Li-Ion,,분리형,,,,,69,127.5,8.5,"138"
218,옵티머스Q2,LG-LU6500,lg,2011. 09,안드로이드 2.3 Gingerbread | 4.0 Ice Cream Sandwich옵티머스 UI 2.0 | 3.0(LG UX 1.0),,,0,IPS,,,,,,,,,,,,,,,,1GB,,,Micro SDHC,,,802.11b/g/n,,,,,,,,,,,,(Full HD)FPS,,,,,,,,,,,,,,,,,,,,,,,,,,,,,,,,,분리형,마이크로 USB,,,,,,,
219,Q70,LM-Q730,lg,2019. 09,안드로이드 9.0 Pie,,,6.4,IPS,1080 x 2310,398,,,,68.85,147.26,,Qualcomm Snapdragon 675,8개 (64 비트),2000MHz,Qualcomm Adreno 612,,,,4 GB,64GB,,,,4G,,5,,나노유심 ,,,,,,LED,6528 x 4896 (32 메가픽셀),,30 FPS,F/1.8,,,,,,,,,,,,,,,,,,,지문인식,,,,,,,,,,4000,Li-Polymer,,"급속충전
일체형",,,,,76.8,162.1,8.3,"198"
220,Q92,LM-Q920,lg,2020. 08,안드로이드 10,,,6.67,IPS,1080 x 2400,395,,,,69.52,154.5,,Qualcomm Snapdragon 765G,8개 (64 비트),2400MHz,Qualcomm Adreno 620,,,,6 GB,128GB,,,,4G,,5,,나노유심 ,,,,,,LED,8000 x 6000 (48 메가픽셀),6560 x 5480 (36 메가픽셀),3840 x 2160 30 FPS,F/1.8,,,,,,,,,,,,,,,,,,,지문인식,,,,,lg pay,,,,,4000,Li-Polymer,,"급속충전
일체형",,,,,77.3,166.5,8.5,"193"
221,옵티머스 Z,SU950,lg,2010. 07,,,,3.5,TFT,480 x 800,267,,,,,,,,,,,,,,512MB,,,Micro SDHC,,,802.11b/g,,,,,,,,,,,,(WVGA)FPS,,,,,,,,,,,,,,,,,,,,,,,,,,,,,,1350,,,분리형,TTA20핀,,,,56.8,117.9,11.1,"135"
222,갤럭시 지오,SHW-M290,samsung,2011. 04,안드로이드 2.2.x Froyo | 안드로이드 2.3.x Gingerbread,,,3.2,TFT,320 x 480,180,,,,45.09,67.63,,Qualcomm Snapdragon S1 MSM7227-1 Turbo,1개 (32 비트),800MHz,Qualcomm Adreno 200,,,,278.016 MB ,157.696MB,,Micro SDHC,,,802.11b/g,2.1,,미니유심 ,,,,,,,2048 x 1536 (3.2 메가픽셀),,320 x 240 (WQVGA)15 FPS,,,,,,,,,,,,,,,,,,,,,,,,,,,,,,1350,Li-Ion,,분리형,,,,,57.5,110.5,12.2,"102"
223,갤럭시 A10,SM-A105,samsung,2019. 05,안드로이드 9.0 Pie,,,6.2,PLS,720 x 1520,271,,,,67.42,142.32,,Samsung Exynos 7 Octa 7884,8개 (64 비트),1600MHz,ARM MaliG71,,,,2 GB,32GB,,,,4G,,4.2,,나노유심 ,,,,,,LED,4160 x 3120 (13 메가픽셀),2560 x 1920 (4.9 메가픽셀),1920 x 1080 30 FPS,F/1.9,,,,,,,,,,,,,,,,,,,,,,,,,,,,,3400,Li-Polymer,,일체형,,,,,75.6,155.6,7.94,"168"
224,갤럭시 A21s,SM-A217,samsung,2020. 07,안드로이드 10,,,6.5,PLS,720 x 1600,270,,,,67.75,150.56,,Samsung Exynos 850 (S5E3830),8개 (64 비트),2000MHz,ARM MaliG52,,,,3 | 4 | 6 GB,32GB/64GB,,,,4G,,5,,나노유심 ,,,,,,LED,8000 x 6000 (48 메가픽셀),4160 x 3120 (13 메가픽셀),1920 x 1080 30 FPS,F/2,,,,,,,,,,,,,,,,,,,지문인식,,,,,,,,,,5000,Li-Polymer,,"급속충전
일체형",,,,,75.3,163.7,8.9,"192"
225,갤럭시 A7 2017,SM-A720,samsung,2017. 01,안드로이드 6.0.1 마시멜로우 | 안드로이드 7.0 누가 | 안드로이드 8.0 Oreo,,,5.7,Super AMOLED,1080 x 1920,386,,,,70.98,126.19,,Samsung Exynos 7 Octa 7880,8개 (64 비트),1900MHz,ARM MaliT830 MP3,,,,3 GB,32GB,,,,4G,,4.2,,나노유심 ,,,,,,LED,4608 x 3456 (15.9 메가픽셀),4608 x 3456 (15.9 메가픽셀),1920 x 1080 30 FPS,F/1.9,,,,,,,,,,,,,,,,,,,지문인식,,,,,,,,,,3600,Li-Ion,,"급속충전
일체형",,,,,77.6,156.8,7.9,
226,갤럭시 폴더,SM-G150,samsung,2015. 07,안드로이드 5.1 롤리팝,,,3.8,TFT,480 x 800,246,,,,49.66,82.77,,Samsung Exynos 3475,4개 (32 비트),1200MHz,ARM MaliT720 MP1,,,,1.5 GB,8GB,,,,4G,,4.1,,마이크로유심 ,,,,,,,3264 x 2448 (8 메가픽셀),1600 x 1200 (1.9 메가픽셀),1920 x 1080 30 FPS,F/2.2,,,,,,,,,,,,,,,,,,,,,,,,,,,,,1800,Li-Ion,,분리형,,,,,60.2,122,15.3,"155"
227,갤럭시 와이드2,SM-J727,samsung,2017. 05,안드로이드 7.0 누가,,,5.5,Super AMOLED,720 x 1280,267,,,,68.49,121.76,,Samsung Exynos 7 Octa 7870,8개 (64 비트),1600MHz,ARM MaliT830 MP2,,,,2 GB,16GB,,Micro SD,,4G,802.11b/g/n,4.1,,나노유심 ,,,,,,LED,4160 x 3120 (13 메가픽셀),2560 x 1920 (4.9 메가픽셀),1920 x 1080 (Full HD)30 FPS,F/1.9,,,,,,,,,,,,,,,,,,,,,,,,,,,,,3300,Li-Polymer,,분리형,,,,,76.4,151.5,8.6,"167"
228,갤럭시 M20,SM-M205,samsung,2017. 07,안드로이드 8.1 Oreo,,,6.3,IPS,1080 x 2340,409,,,,67.06,145.29,,Samsung Exynos 7 Octa 7904,8개 (64 비트),1800MHz,ARM MaliG71 MP2,,,,3 | 4 GB,32GB/64GB,,,,4G,,5,,나노유심 ,,,,,,LED,4128 x 3096 (12.8 메가픽셀),3264 x 2448 (8 메가픽셀),1920 x 1080 30 FPS,F/1.9,,,,,,,,,,,,,,,,,,,지문인식,,,,,,,,,,5000,Li-Ion,,"급속충전
일체형",,,,,74.5,156.4,8.8,"186"
229,LG L70,LG-D329,lg,2014. 04,안드로이드 4.4.2 KitKat,,,4.5,IPS,480 x 800,207,,,,58.81,98.01,,Qualcomm Snapdragon 200 MSM8210,2개 (32 비트),1200MHz,Qualcomm Adreno 302,,,,1 GB,4GB,,Micro SD,,,802.11b/g/n,4,,미니유심 ,,,,,,LED,2592 x 1944 (5 메가픽셀),640 x 480 (0.3 메가픽셀),800 x 480 30 FPS,,,,,,,,,,,,,,,,,,,,,,,,,,,,,,2100,Li-Ion,,분리형,,,,,66.8,127.2,9.5,"127.5"
230,옵티머스 L9,LG-D700,lg,2012. 08,안드로이드 4.0.4 Ice Cream Sandwich | 안드로이드 4.1.2 Jelly Bean,,,0,IPS,540 x 960,,,,,56.04,99.62,,Texas Instruments OMAP 4 4430,2개 (32 비트),1000MHz,PowerVR SGX540,,,,1 GB,4GB,,Micro SDHC,,,802.11a/b/g/n,3,,마이크로유심 ,,,,,,LED,2592 x 1944 (5 메가픽셀),,1920 x 1080 30 FPS,,,,,,,,,,,,,,,,,,,,,,,,,,,,,,2150,Li-Ion,,분리형,,,,,68.8,127.8,9.1,"125"
231,옵티머스 LTE 태그,LG-F120,lg,2012. 02,,,,4.3,TFT,480 x 800,217,,,,,,,,,,,,,,1GB,,,Micro SDHC,,4G,802.11b/g/n,,,,,,,,,,,,(Full HD)FPS,,,,,,,,,,,,,,,,,,,,,,,,,,,,,,1700,,,분리형,마이크로 USB,,,,67.9,126.5,9.53,"141.7"
232,옵티머스 LTE2,LG-F160,lg,2012. 05,안드로이드 4.0 Ice Cream Sandwich | 안드로이드 4.1 Jelly Bean,,,4.7,IPS,720 x 1280,312,,,,58.53,104.05,,Qualcomm Snapdragon S4 Plus MSM8960,2개 (32 비트),1500MHz,Qualcomm Adreno 225,,,,2 GB,16GB,,Micro SDHC,,4G,802.11a/b/g/n,4,,미니유심 ,,,,,,LED,3264 x 2448 (8 메가픽셀),,1920 x 1080 (Full HD)FPS,,,,,,,,,,,,,,,,,,,,,,,,,,,,,,2150,Li-Ion,,분리형,,,,,69.5,134.7,8.9,"145"
233,아이스크림 스마트,LG-F440,lg,2005. 01,안드로이드 4.4.2 KitKat,,,3.5,IPS,320 x 480,165,,,,49.31,73.97,,Qualcomm Snapdragon 400 MSM8926,4개 (32 비트),1200MHz,Qualcomm Adreno 305,,,,1 GB,8GB,,,,4G,802.11a/b/g/n,4,,,,,,,,,3264 x 2448 (8 메가픽셀),640 x 480 (0.3 메가픽셀),1280 x 720 30 FPS,,,,,,,,,,,,,,,,,,,,,,,,,,,,,,1700,Li-Ion,,분리형,마이크로 USB,,,,59.4,118.6,16.9,"138"
234,LG 젠틀,LG-F580,lg,미출시,안드로이드 5.1.1 롤리팝,,,3.2,LCD,320 x 480,180,,,,45.09,67.63,,Qualcomm Snapdragon 210 MSM8909,4개 (32 비트),1100MHz,Qualcomm Adreno 304,,,,1 GB,4GB,,,,4G,,4.1,,마이크로유심 ,,,,,,,2048 x 1536 (3.2 메가픽셀),640 x 480 (0.3 메가픽셀),640 x 480 30 FPS,,,,,,,,,,,,,,,,,,,,,,,,,,,,,,1700,Li-Ion,,분리형,,,,,58.7,117.7,16.6,"143"
235,안드로-1,LG-KH5200,lg,2010. 02,,,,3,TFT,320 x 480,192,,,,,,,,,,,,,,256MB,,,Micro SDHC,,,802.11b/g,,,,,,,,,,,,(QVGA)FPS,,,,,,,,,,,,,,,,,,,,,,,,,,,,,,1500,,,분리형,마이크로 USB,,,,54.5,109,15.9,"139"
236,옵티머스 블랙,LG-KU5900,lg,2011. 04,안드로이드 2.2 Froyo | 안드로이드 2.3 Gingerbread | 안드로이드 4.0 Ice Cream Sandwich,,,4,IPS,480 x 800,233,,,,52.27,87.12,,Texas Instruments OMAP 3 3630,1개 (32 비트),1000MHz,PowerVR SGX530,,,,512 MB,2GB,,Micro SDHC,,,802.11b/g/n,2.1,,미니유심 ,,,,,,LED,2592 x 1944 (5 메가픽셀),,1280 x 720 (HD)30 FPS,,,,,,,,,,,,,,,,,,,,,,,,,,,,,,1500,Li-Ion,,분리형,,,,,64,122,9.2,"112"
237,옵티머스 마하,LG-LU3000,lg,2010. 12,,,,3.8,TFT,480 x 800,246,,,,,,,,,,,,,,512MB,,,Micro SDHC,,,802.11b/g/n,,,,,,,,,,,,(HD)FPS,,,,,,,,,,,,,,,,,,,,,,,,,,,,,,1500,,,분리형,마이크로 USB,,,,59.7,120,11.8,"140"
238,옵티머스 LTE,LG-SU640,lg,2011. 10,,,,4.5,IPS,720 x 1280,326,,,,,,,,,,,,,,1GB,,,Micro SDHC,,4G,802.11b/g/n,,,,,,,,,,,,(Full HD)FPS,,,,,,,,,,,,,,,,,,,,,,,,,,,,,,1830,,,분리형,마이크로 USB,,,,67.9,132.9,10.4,"135"
239,옵티머스 빅,LG-LU6800,lg,2011. 05,,,,4.3,TFT,480 x 800,217,,,,,,,,,,,,,,512MB,,,Micro SDHC,,,802.11b/g/n,,,,,,,,,,,,(HD)FPS,,,,,,,,,,,,,,,,,,,,,,,,,,,,,,1500,,,분리형,마이크로 USB,,,,67.3,132,10.1,"151"
240,옵티머스 원,LG-KU3700,lg,2010. 10,,,,3.2,TFT,320 x 480,180,,,,,,,,,,,,,,384MB,,,Micro SDHC,,,802.11b/g,,,,,,,,,,,,(WVGA)FPS,,,,,,,,,,,,,,,,,,,,,,,,,,,,,,1500,,,분리형,마이크로 USB,,,,59,113.5,13.5,"129"
241,옵티머스 2X,LG-SU660,lg,2011. 01,,,,4,TFT,480 x 800,233,,,,,,,,,,,,,,512MB,,,Micro SDHC,,,802.11b/g/n,,,,,,,,,,,,(Full HD)FPS,,,,,,,,,,,,,,,,,,,,,,,,,,,,,,1500,,,분리형,마이크로 USB,,,,63.2,123.9,10.9,"139"
242,옵티머스 3D,LG-SU760,lg,2011. 07,,,,4.3,TFT,480 x 800,217,,,,,,,,,,,,,,512MB,,,Micro SDHC,,,802.11b/g/n,,,,,,,,,,,,(Full HD)FPS,,,,,,,,,,,,,,,,,,,,,,,,,,,,,,1500,,,분리형,마이크로 USB,,,,68,128.8,12,"168"
243,옵티머스 3D 큐브,LG-SU870,lg,2012. 02,,,,4.3,TFT,480 x 800,217,,,,,,,,,,,,,,1GB,,,Micro SDHC,,,802.11b/g/n,,,,,,,,,,,,(Full HD)FPS,,,,,,,,,,,,,,,,,,,,,,,,,,,,,,1520,,,분리형,마이크로 USB,,,,67.4,126.8,9.8,"148"
244,옵티머스 EX,LG-SU880,lg,2011. 09,,,,4,TFT,480 x 800,233,,,,,,,,,,,,,,1GB,,,Micro SDHC,,,802.11b/g/n,,,,,,,,,,,,(Full HD)FPS,,,,,,,,,,,,,,,,,,,,,,,,,,,,,,1500,,,분리형,마이크로 USB,,,,63.4,118,9.65,"127"
245,넥서스 S,Nexus S,samsung,2011. 02,안드로이드 2.3.x Gingerbread | 안드로이드 4.0.4 Ice Cream Sandwich | 안드로이드 4.1.x Jelly Bean,,,4,Super LCD,480 x 800,233,,,,52.27,87.12,,Samsung Exynos 3 Single 3110,,1000MHz,PowerVR SGX540,,,,512 MB,16GB,,,,,802.11b/g/n,2.1,,미니유심 ,,,,,,LED,2560 x 1920 (4.9 메가픽셀),,720 x 480 (NTSC)30 FPS,,,,,,,,,,,,,,,,,,,,,,,,,,,,,,1500,Li-Ion,,분리형,,,,,63,123.9,10.9,"129"
246,갤럭시 네오,SHW-M220,samsung,2011. 04,,,,3.5,,480 x 800,267,,,,,,,,,,,,,,,,,,,,802.11a/b/g/n,,,,,,,,,,,,,,,,,,,,,,,,,,,,,,,,,,,,,,,,,,1500,,,분리형,,,,,56.9,115.9,12.14,"121.8"
