name,code,skt,kt,lg
, LG-LV8500,,,LG:236500
G 스타일로 , LG-F560K,,KT:297000,
G 플렉스 , LG-F340K,,KT:233200,
G 플렉스 , LG-F340L,,,LG:799700
G 플렉스 , LG-F340S,SKT:799700,,
G3 비트 , LG-F470K,,KT:99000,
G3 비트 , LG-F470L,,,LG:352000
G3 비트 , LG-F470S,SKT:352000,,
G3 스크린 , LG-F490L,,,LG:154000
G3A , LG-F410S,SKT:451000,,
G6 (32GB) , LGM-G600KR,,KT:819500,
G6 (32GB) , LGM-G600LR,,,LG:819500
G6 (32GB) , LGM-G600SR,SKT:819500,,
G6 (64GB) , LGM-G600K,,KT:899800,
G6 (64GB) , LGM-G600L,,,LG:899800
G6 (64GB) , LGM-G600S,SKT:899800,,
G7 ThinQ (64GB) , LM-G710N,SKT:898700,KT:898700,LG:898700
G7 ThinQ (64GB) , LM-G710N,SKT:898700,KT:898700,LG:898700
G7 ThinQ (64GB) , LM-G710N,SKT:898700,KT:898700,LG:898700
G7 플러스 ThinQ (128GB) , LM-G710N,SKT:976800,KT:976800,LG:976800
G7 플러스 ThinQ (128GB) , LM-G710N,SKT:976800,KT:976800,LG:976800
G7 플러스 ThinQ (128GB) , LM-G710N,SKT:976800,KT:976800,LG:976800
G8 ThinQ , LM-G820N,SKT:897600,KT:897600,LG:897600
G8 ThinQ , LM-G820N,SKT:897600,KT:897600,LG:897600
G8 ThinQ , LM-G820N,SKT:897600,KT:897600,LG:897600
Gx2 (Gx2) , LG,,,LG:99000
iPhone6s Plus 128G 리퍼 (IPHONE6SPLUS) , RE,SKT:770000,,
iPhone6s Plus 16G 리퍼 (IPHONE6SPLUS) , RE,SKT:499400,,
iPhone6s Plus 64G 리퍼 (IPHONE6SPLUS) , RE,SKT:660000,,
LG G3 스크린 (G3) , LG,,,LG:154000
LG G6 플러스 , LGM-G600KP,,KT:957000,
LG G6 플러스 , LGM-G600LP,,,LG:957000
LG G6 플러스 , LGM-G600SP,SKT:957000,,
LG L70 , LG-D329,,KT:259600,
LG Q52 , LM-Q520N,SKT:330000,KT:330000,LG:330000
LG Q52 , LM-Q520N,SKT:330000,KT:330000,LG:330000
LG Q52 , LM-Q520N,SKT:330000,KT:330000,LG:330000
LG 워치 어베인 LTE , LG-W120L,,,LG:649000
LG 지엑스 , LG-F310L,,,LG:352000
LG 지프로2 , LG-F350K,,KT:33000,
LG 지프로2 , LG-F350L,,,LG:399300
LG 지프로2 , LG-F350S,SKT:572000,,
LG 키즈온 SKT용 , LG-W105S,SKT:154000,,
LG 키즈온 U+용 , LG-W105L,,,LG:154000
LG시그니처에디션 (SIGNATURE) , LGM-V300K,,KT:799700,
LG시그니처에디션 (SIGNATURE) , LGM-V300L,,,LG:949300
LG액션캠 , LG-R200L,,,LG:49500
LG액션캠 , LG-R200S,SKT:49500,,
LG윙 , LM-F100N,SKT:1098900,KT:1098900,LG:1098900
LG윙 , LM-F100N,SKT:1098900,KT:1098900,LG:1098900
LG윙 , LM-F100N,SKT:1098900,KT:1098900,LG:1098900
LG폴더 , LM-Y110K,,KT:220000,
LG폴더 , LM-Y110L,,,LG:220000
LG폴더 , LM-Y110S,SKT:220000,,
LG폴더2 , LM-Y120L,,,LG:198000
LG폴더2 , LM-Y120S,SKT:198000,,
Q31 , LM-Q310N,SKT:209000,KT:209000,LG:209000
Q31 , LM-Q310N,SKT:209000,KT:209000,LG:209000
Q31 , LM-Q310N,SKT:209000,KT:209000,LG:209000
Q51 , LM-Q510N,SKT:319000,KT:319000,LG:319000
Q51 , LM-Q510N,SKT:319000,KT:319000,LG:319000
Q51 , LM-Q510N,SKT:319000,KT:319000,LG:319000
Q6 , LG-X600K,,KT:419100,
Q6 , LG-X600L,,,LG:419100
Q6 , LG-X600S,SKT:419100,,
Q6+ , LGM-X600KP,,KT:484000,
Q6+ , LGM-X600LP,,,LG:484000
Q6+ , LGM-X600SP,SKT:484000,,
Q61 , LM-Q630N,SKT:369600,KT:369600,LG:369600
Q61 , LM-Q630N,SKT:369600,KT:369600,LG:369600
Q61 , LM-Q630N,SKT:369600,KT:369600,LG:369600
Q7 BTS 에디션 , LM-Q727K,,KT:473000,
Q7 BTS 에디션 , LM-Q727L,,,LG:473000
Q7 , LM-Q720K,,KT:419100,
Q7 , LM-Q720L,,,LG:419100
Q7 , LM-Q720S,SKT:419100,,
Q70 , LM-Q730N,SKT:548900,KT:548900,LG:548900
Q70 , LM-Q730N,SKT:548900,KT:548900,LG:548900
Q70 , LM-Q730N,SKT:548900,KT:548900,LG:548900
Q7플러스 , LM-Q725K,,KT:517000,
Q7플러스 , LM-Q725L,,,LG:517000
Q7플러스 , LM-Q725S,SKT:517000,,
Q8 2018 , LM-Q815K,,KT:539000,
Q8 2018 , LM-Q815L,,,LG:539000
Q8 2018 , LM-Q815S,SKT:539000,,
Q8 , LGM-X800K,,KT:616000,
Q8 , LGM-X800L,,,LG:616000
Q9 One , LM-Q927L,,,LG:399300
Q9 , LM-Q925K,,KT:499400,
Q9 , LM-Q925L,,,LG:499400
Q9 , LM-Q925S,SKT:499400,,
Q92 , LM-Q920N,SKT:499400,KT:499400,LG:499400
Q92 , LM-Q920N,SKT:499400,KT:499400,LG:499400
Q92 , LM-Q920N,SKT:499400,KT:499400,LG:499400
Samsung Galaxy A10e , SM-A102N,,KT:199100,
U+브라보라이프폰 , SM-J415N-BR,,,LG:260700
U폰 , LG-F820L,,,LG:231000
V20 , LG-F800K,,KT:899800,
V20 , LG-F800L,,,LG:899800
V20 , LG-F800S,SKT:899800,,
V30 (128GB) , LGM-V300K,,KT:849200,
V30 (128GB) , LGM-V300L,,,LG:849200
V30 (128GB) , LGM-V300S,SKT:849200,,
V30 (64GB) , LGM-V300K,,KT:799700,
V30 (64GB) , LGM-V300L,,,LG:799700
V30 (64GB) , LGM-V300S,SKT:799700,,
V30s ThinQ (ThinQ) , LGM-V300S,SKT:849200,,
V30s ThniQ (Thinq) , LGM-V300K,,KT:898700,
V30s ThniQ , LGM-V300L28S,,,LG:898700
V30s+ ThinQ (Thinq) , LGM-V300KW,,KT:948200,
V30s+ ThinQ (ThinQ) , LGM-V300LW,,,LG:948200
V30s+ ThinQ (ThinQ) , LGM-V300SW,SKT:948200,,
V35 , LM-V350N,SKT:1048300,KT:1048300,LG:1048300
V35 , LM-V350N,SKT:1048300,KT:1048300,LG:1048300
V35 , LM-V350N,SKT:1048300,KT:1048300,LG:1048300
V40 ThinQ (128GB) , LM-V409N,SKT:1049400,KT:1049400,LG:1049400
V40 ThinQ (128GB) , LM-V409N,SKT:1049400,KT:1049400,LG:1049400
V40 ThinQ (128GB) , LM-V409N,SKT:1049400,KT:1049400,LG:1049400
V50 ThinQ (128GB) , LM-V500N,SKT:999900,KT:899800,LG:750200
V50 ThinQ (128GB) , LM-V500N,SKT:999900,KT:899800,LG:750200
V50 ThinQ (128GB) , LM-V500N,SKT:999900,KT:899800,LG:750200
V50s ThinQ , LM-V510N,SKT:999900,KT:999900,LG:999900
V50s ThinQ , LM-V510N,SKT:999900,KT:999900,LG:999900
V50s ThinQ , LM-V510N,SKT:999900,KT:999900,LG:999900
X2 2019 ZEM , LM-X220NJ,SKT:209000,KT:198000,
X2 2019 ZEM , LM-X220NJ,SKT:209000,KT:198000,
X2 2019 , LM-X220N,SKT:198000,KT:198000,LG:198000
X2 2019 , LM-X220N,SKT:198000,KT:198000,LG:198000
X2 2019 , LM-X220N,SKT:198000,KT:198000,LG:198000
X2 , LM-X210S,SKT:198000,,
X300 , LGM-K120K,,KT:253000,
X300 , LGM-K120L,,,LG:253000
X300 , LGM-K120S,SKT:253000,,
X4 2019 , LM-X420N,SKT:297000,KT:297000,LG:297000
X4 2019 , LM-X420N,SKT:297000,KT:297000,LG:297000
X4 2019 , LM-X420N,SKT:297000,KT:297000,LG:297000
X400 , LGM-K121K,,KT:319000,
X400 , LGM-K121L,,,LG:319000
X400 , LGM-K121S,SKT:319000,,
X401 , LGM-X401L,,,LG:289300
X401 , LGM-X401S,SKT:289300,,
X4플러스 , LM-X415K,,KT:349800,
X4플러스 , LM-X415L,,,LG:349800
X4플러스 , LM-X415SB,SKT:349800,,
X4플러스 , LM-X415SL,SKT:349800,,
X5 , LM-X510K,,KT:363000,
X5 , LM-X510L,,,LG:363000
X5 , LM-X510S,SKT:363000,,
X500 , LGM-X320K,,KT:319000,
X500 , LGM-X320L,,,LG:319000
X500 , LGM-X320S,SKT:319000,,
X6 2019 , LM-X625N,SKT:349800,KT:349800,LG:349800
X6 2019 , LM-X625N,SKT:349800,KT:349800,LG:349800
X6 2019 , LM-X625N,SKT:349800,KT:349800,LG:349800
X스크린 , LG-F650K,,KT:316800,
X스크린 , LG-F650L,,,LG:319000
X스크린 , LG-F650S,SKT:316800,,
X스킨 , LG-F740L,,,LG:176000
X캠 , LG-F690L,,,LG:396000
X캠 , LG-F690S,SKT:396000,,
갤럭시 A 퀀텀 , SM-A716S,SKT:548900,,
갤럭시 A10e , SM-A102N,SKT:199100,,LG:199100
갤럭시 A10e , SM-A102N,SKT:199100,,LG:199100
갤럭시 A12 , SM-A125N,SKT:275000,KT:275000,LG:275000
갤럭시 A12 , SM-A125N,SKT:275000,KT:275000,LG:275000
갤럭시 A12 , SM-A125N,SKT:275000,KT:275000,LG:275000
갤럭시 A21s 비바 트롯 에디션 , SM-A217N,SKT:319000,,
갤럭시 A21s , SM-A217N,SKT:297000,KT:297000,LG:297000
갤럭시 A21s , SM-A217N,SKT:297000,KT:297000,LG:297000
갤럭시 A21s , SM-A217N,SKT:297000,KT:297000,LG:297000
갤럭시 A3 2016 , SM-A310N0,SKT:352000,KT:352000,LG:352000
갤럭시 A3 2016 , SM-A310N0,SKT:352000,KT:352000,LG:352000
갤럭시 A3 2016 , SM-A310N0,SKT:352000,KT:352000,LG:352000
갤럭시 A3 2016 , SM-A310N0,SKT:352000,KT:352000,LG:352000
갤럭시 A30 , SM-A305N,SKT:349800,KT:349800,LG:349800
갤럭시 A30 , SM-A305N,SKT:349800,KT:349800,LG:349800
갤럭시 A30 , SM-A305N,SKT:349800,KT:349800,LG:349800
갤럭시 A31 , SM-A315N,SKT:374000,KT:374000,LG:374000
갤럭시 A31 , SM-A315N,SKT:374000,KT:374000,LG:374000
갤럭시 A31 , SM-A315N,SKT:374000,KT:374000,LG:374000
갤럭시 A32 , SM-A325N,SKT:374000,KT:374000,LG:374000
갤럭시 A32 , SM-A325N,SKT:374000,KT:374000,LG:374000
갤럭시 A32 , SM-A325N,SKT:374000,KT:374000,LG:374000
갤럭시 A40 , SM-A405N,SKT:399300,,
갤럭시 A42 5G , SM-A426N,SKT:449900,KT:449900,LG:449900
갤럭시 A42 5G , SM-A426N,SKT:449900,KT:449900,LG:449900
갤럭시 A42 5G , SM-A426N,SKT:449900,KT:449900,LG:449900
갤럭시 A5 2016 , SM-A510K,,KT:429000,
갤럭시 A5 2016 , SM-A510L,,,LG:429000
갤럭시 A5 2016 , SM-A510S,SKT:429000,,
갤럭시 A5 2017 , SM-A520K,,KT:297000,
갤럭시 A5 2017 , SM-A520L,,,LG:297000
갤럭시 A5 2017 , SM-A520S,SKT:297000,,
갤럭시 A5 , SM-A500K,,KT:58080,
갤럭시 A5 , SM-A500L,,,LG:399300
갤럭시 A5 , SM-A500S,SKT:399300,,
갤럭시 A50 , SM-A505N,SKT:429000,KT:429000,LG:429000
갤럭시 A50 , SM-A505N,SKT:429000,KT:429000,LG:429000
갤럭시 A50 , SM-A505N,SKT:429000,KT:429000,LG:429000
갤럭시 A51 , SM-A516N,SKT:473000,KT:473000,LG:473000
갤럭시 A51 , SM-A516N,SKT:473000,KT:473000,LG:473000
갤럭시 A51 , SM-A516N,SKT:473000,KT:473000,LG:473000
갤럭시 A6 2018 , SM-A600K,,KT:346500,
갤럭시 A6 2018 , SM-A600L,,,LG:346500
갤럭시 A6 2018 , SM-A600S,SKT:346500,,
갤럭시 A7 2016 , SM-A710K,,KT:528000,
갤럭시 A7 2016 , SM-A710L,,,LG:528000
갤럭시 A7 2016 , SM-A710S,SKT:528000,,
갤럭시 A7 2017 , SM-A720S,SKT:499400,,
갤럭시 A7 2018 , SM-A750N,SKT:499400,KT:499400,LG:499400
갤럭시 A7 2018 , SM-A750N,SKT:499400,KT:499400,LG:499400
갤럭시 A7 2018 , SM-A750N,SKT:499400,KT:499400,LG:499400
갤럭시 A7 , SM-A700K,,KT:58080,
갤럭시 A7 , SM-A700L,,,LG:499400
갤럭시 A7 , SM-A700S,SKT:499400,,
갤럭시 A8 2015 , SM-A800S,SKT:399300,,
갤럭시 A8 2016 , SM-A810S,SKT:399300,,
갤럭시 A8 2018 (32GB) , SM-A530K,,KT:599500,
갤럭시 A8 2018 (32GB) , SM-A530L,,,LG:499400
갤럭시 A8 2018 (32GB) , SM-A530L,,,LG:499400
갤럭시 A8 2018 (32GB) , SM-A530S,SKT:499400,,
갤럭시 A8 Star , SM-G885S,SKT:499400,,
갤럭시 A80 , SM-A805N,SKT:599500,,
갤럭시 A9 2018 자급제 , SM-A920N,SKT:599500,KT:599500,LG:599500
갤럭시 A9 2018 자급제 , SM-A920N,SKT:599500,KT:599500,LG:599500
갤럭시 A9 2018 자급제 , SM-A920N,SKT:599500,KT:599500,LG:599500
갤럭시 A9 2018 , SM-A920N,SKT:599500,KT:599500,LG:599500
갤럭시 A9 2018 , SM-A920N,SKT:599500,KT:599500,LG:599500
갤럭시 A9 2018 , SM-A920N,SKT:599500,KT:599500,LG:599500
갤럭시 A9 , SM-A9000,,,LG:599500
갤럭시 A90 5G , SM-A908N,SKT:550000,KT:550000,LG:550000
갤럭시 A90 5G , SM-A908N,SKT:550000,KT:550000,LG:550000
갤럭시 A90 5G , SM-A908N,SKT:550000,KT:550000,LG:550000
갤럭시 A9프로 , SM-G887N,SKT:449900,KT:449900,LG:449900
갤럭시 A9프로 , SM-G887N,SKT:449900,KT:449900,LG:449900
갤럭시 A9프로 , SM-G887N,SKT:449900,KT:449900,LG:449900
갤럭시 J2프로 , SM-J250N,SKT:199100,KT:199100,LG:199100
갤럭시 J2프로 , SM-J250N,SKT:199100,KT:199100,LG:199100
갤럭시 J2프로 , SM-J250N,SKT:199100,KT:199100,LG:199100
갤럭시 J2프로 , SM-J250NSO,SKT:199100,,
갤럭시 J3 2016 , SM-J320N0,SKT:231000,KT:231000,LG:231000
갤럭시 J3 2016 , SM-J320N0,SKT:231000,KT:231000,LG:231000
갤럭시 J3 2016 , SM-J320N0,SKT:231000,KT:231000,LG:231000
갤럭시 J3 2017 , SM-J330K,,KT:244200,
갤럭시 J3 2017 , SM-J330L,,,LG:244200
갤럭시 J3 카카오 리틀프렌즈 폰 , SM-J330L-KA,,,LG:286000
갤럭시 J4+ , SM-J415N,,,LG:264000
갤럭시 J5 2016 , SM-J510K,,KT:297000,
갤럭시 J5 2016 , SM-J510L,,,LG:297000
갤럭시 J5 2016 , SM-J510S,SKT:297000,,
갤럭시 J5 2017 , SM-J530K,,KT:297000,
갤럭시 J5 2017 , SM-J530L,,,LG:297000
갤럭시 J5 2017 , SM-J530S,SKT:297000,,
갤럭시 J5 센스 , SM-J500N0,SKT:264000,,
갤럭시 J5 센스 , SM-J500N00,,KT:264000,
갤럭시 J6 , SM-J600L,,,LG:330000
갤럭시 J7 2016 , SM-J710K,,KT:330000,
갤럭시 J7 2017 , SM-J730K,,KT:396000,
갤럭시 J7 , SM-J700K,,KT:58080,
갤럭시 S10 5G (256GB) , SM-G977N,SKT:799700,KT:799700,LG:799700
갤럭시 S10 5G (256GB) , SM-G977N,SKT:799700,KT:799700,LG:799700
갤럭시 S10 5G (256GB) , SM-G977N,SKT:799700,KT:799700,LG:799700
갤럭시 S10 5G (512GB) , SM-G977N,SKT:832700,KT:832700,LG:832700
갤럭시 S10 5G (512GB) , SM-G977N,SKT:832700,KT:832700,LG:832700
갤럭시 S10 5G (512GB) , SM-G977N,SKT:832700,KT:832700,LG:832700
갤럭시 S10 (128GB) , SM-G973N,SKT:899800,KT:899800,LG:899800
갤럭시 S10 (128GB) , SM-G973N,SKT:899800,KT:899800,LG:899800
갤럭시 S10 (128GB) , SM-G973N,SKT:899800,KT:899800,LG:899800
갤럭시 S10 (512GB) , SM-G973N,SKT:998800,KT:998800,LG:998800
갤럭시 S10 (512GB) , SM-G973N,SKT:998800,KT:998800,LG:998800
갤럭시 S10 (512GB) , SM-G973N,SKT:998800,KT:998800,LG:998800
갤럭시 S10+ (128GB) , SM-G975N,SKT:1155000,KT:998800,LG:1155000
갤럭시 S10+ (128GB) , SM-G975N,SKT:1155000,KT:998800,LG:1155000
갤럭시 S10+ (128GB) , SM-G975N,SKT:1155000,KT:998800,LG:1155000
갤럭시 S10+ (512GB) , SM-G975N,SKT:1196800,KT:1045000,LG:1397000
갤럭시 S10+ (512GB) , SM-G975N,SKT:1196800,KT:1045000,LG:1397000
갤럭시 S10+ (512GB) , SM-G975N,SKT:1196800,KT:1045000,LG:1397000
갤럭시 S10e 리패키징 , SM-G970N,,KT:599500,
갤럭시 S10e , SM-G970N,SKT:899800,KT:899800,LG:899800
갤럭시 S10e , SM-G970N,SKT:899800,KT:899800,LG:899800
갤럭시 S10e , SM-G970N,SKT:899800,KT:899800,LG:899800
갤럭시 S20 FE , SM-G781N,SKT:899800,KT:899800,LG:899800
갤럭시 S20 FE , SM-G781N,SKT:899800,KT:899800,LG:899800
갤럭시 S20 FE , SM-G781N,SKT:899800,KT:899800,LG:899800
갤럭시 S20 울트라 , SM-G988N,SKT:1248500,KT:1199000,LG:1298000
갤럭시 S20 울트라 , SM-G988N,SKT:1248500,KT:1199000,LG:1298000
갤럭시 S20 울트라 , SM-G988N,SKT:1248500,KT:1199000,LG:1298000
갤럭시 S20 , SM-G981N,SKT:1144000,KT:1144000,LG:1144000
갤럭시 S20 , SM-G981N,SKT:1144000,KT:1144000,LG:1144000
갤럭시 S20 , SM-G981N,SKT:1144000,KT:1144000,LG:1144000
갤럭시 S20+ BTS 에디션 , SM-G986N,SKT:1144000,KT:1045000,LG:1248500
갤럭시 S20+ BTS 에디션 , SM-G986N,SKT:1144000,KT:1045000,LG:1248500
갤럭시 S20+ BTS 에디션 , SM-G986N,SKT:1144000,KT:1045000,LG:1248500
갤럭시 S20+ , SM-G986N,SKT:1248500,KT:1248500,LG:1248500
갤럭시 S20+ , SM-G986N,SKT:1248500,KT:1248500,LG:1248500
갤럭시 S20+ , SM-G986N,SKT:1248500,KT:1248500,LG:1248500
갤럭시 S21 울트라 (256GB) , SM-G998N,SKT:1452000,KT:1452000,LG:1452000
갤럭시 S21 울트라 (256GB) , SM-G998N,SKT:1452000,KT:1452000,LG:1452000
갤럭시 S21 울트라 (256GB) , SM-G998N,SKT:1452000,KT:1452000,LG:1452000
갤럭시 S21 울트라 (512GB) , SM-G998N,SKT:1599400,KT:1599400,LG:1599400
갤럭시 S21 울트라 (512GB) , SM-G998N,SKT:1599400,KT:1599400,LG:1599400
갤럭시 S21 울트라 (512GB) , SM-G998N,SKT:1599400,KT:1599400,LG:1599400
갤럭시 S3 LTE (16GB) , SHV-E210K,,KT:699600,
갤럭시 S3 LTE (32GB) , SHV-E210K,,KT:732600,
갤럭시 S3 , SHW-M440S,SKT:200000,,
갤럭시 S4 LTE-A (16GB) , SHV-E330K,,KT:499400,
갤럭시 S4 LTE-A (16GB) , SHV-E330L,,,LG:499400
갤럭시 S4 LTE-A (16GB) , SHV-E330S,SKT:499400,,
갤럭시 S4 LTE-A (32GB) , SHV-E330K,,KT:605000,
갤럭시 S4 LTE-A (32GB) , SHV-E330L,,,LG:605000
갤럭시 S4 LTE-A (32GB) , SHV-E330S,SKT:499400,,
갤럭시 S4 미니 , SHV-E370K,,KT:259600,
갤럭시 S4 액티브 , SHV-E470S,SKT:528000,,
갤럭시 S4 줌 , SM-C105K,,KT:308000,
갤럭시 S4 줌 , SM-C105L,,,LG:308000
갤럭시 S4 , SHV-E300K,,KT:550000,
갤럭시 S4 , SHV-E300L,,,LG:550000
갤럭시 S4 , SHV-E300S,SKT:550000,,
갤럭시 S5 광대역 LTE-A , SM-G906K,,KT:264000,
갤럭시 S5 광대역 LTE-A , SM-G906L,,,LG:699600
갤럭시 S5 광대역 LTE-A , SM-G906S,SKT:699600,,
갤럭시 S5 , SM-G900K,,KT:264000,
갤럭시 S5 , SM-G900L,,,LG:666600
갤럭시 S5 , SM-G900S,SKT:666600,,
갤럭시 S6 엣지 (128GB) , SM-G925K,,KT:799700,
갤럭시 S6 엣지 (128GB) , SM-G925L,,,LG:799700
갤럭시 S6 엣지 (128GB) , SM-G925S,SKT:799700,,
갤럭시 S6 엣지 (32GB) , SM-G925K,,KT:735900,
갤럭시 S6 엣지 (32GB) , SM-G925L,,,LG:735900
갤럭시 S6 엣지 (32GB) , SM-G925S,SKT:735900,,
갤럭시 S6 엣지 (64GB) , SM-G925K,,KT:755700,
갤럭시 S6 엣지 (64GB) , SM-G925L,,,LG:755700
갤럭시 S6 엣지 (64GB) , SM-G925S,SKT:755700,,
갤럭시 S6 엣지플러스 (32GB) , SM-G928K,,KT:599500,
갤럭시 S6 엣지플러스 (32GB) , SM-G928L,,,LG:599500
갤럭시 S6 엣지플러스 (32GB) , SM-G928S,SKT:599500,,
갤럭시 S6 (128GB) , SM-G920L,,,LG:679800
갤럭시 S6 (32GB) , SM-G920K,,KT:679800,
갤럭시 S6 (32GB) , SM-G920L,,,LG:679800
갤럭시 S6 (32GB) , SM-G920S,SKT:679800,,
갤럭시 S6 (64GB) , SM-G920K,,KT:699600,
갤럭시 S6 (64GB) , SM-G920L,,,LG:699600
갤럭시 S6 (64GB) , SM-G920S,SKT:699600,,
갤럭시 S7 엣지 (128GB) , SM-G935K,,KT:799700,
갤럭시 S7 엣지 (128GB) , SM-G935L,,,LG:799700
갤럭시 S7 엣지 (128GB) , SM-G935S,SKT:799700,,
갤럭시 S7 엣지 (32GB) , SM-G935K,,KT:855800,
갤럭시 S7 엣지 (32GB) , SM-G935L,,,LG:755700
갤럭시 S7 엣지 (32GB) , SM-G935S,SKT:755700,,
갤럭시 S7 엣지 (64GB) , SM-G935K,,KT:755700,
갤럭시 S7 엣지 (64GB) , SM-G935L,,,LG:777700
갤럭시 S7 엣지 (64GB) , SM-G935S,SKT:777700,,
갤럭시 S7 (32GB) , SM-G930K,,KT:495000,
갤럭시 S7 (32GB) , SM-G930L,,,LG:699600
갤럭시 S7 (32GB) , SM-G930S,SKT:699600,,
갤럭시 S7 (64GB) , SM-G930K,,KT:721600,
갤럭시 S7 (64GB) , SM-G930L,,,LG:721600
갤럭시 S7 (64GB) , SM-G930S,SKT:721600,,
갤럭시 S8 , SM-G950N,SKT:599500,KT:599500,LG:599500
갤럭시 S8 , SM-G950N,SKT:599500,KT:599500,LG:599500
갤럭시 S8 , SM-G950N,SKT:599500,KT:599500,LG:599500
갤럭시 S8+ (128GB) , SM-G955N,SKT:998800,KT:899800,LG:899800
갤럭시 S8+ (128GB) , SM-G955N,SKT:998800,KT:899800,LG:899800
갤럭시 S8+ (128GB) , SM-G955N,SKT:998800,KT:899800,LG:899800
갤럭시 S8+ (64GB) , SM-G955N,SKT:899800,KT:899800,LG:899800
갤럭시 S8+ (64GB) , SM-G955N,SKT:899800,KT:899800,LG:899800
갤럭시 S8+ (64GB) , SM-G955N,SKT:899800,KT:899800,LG:899800
갤럭시 S9 플러스 (256GB) , SM-G965N,SKT:1078000,KT:1078000,LG:1078000
갤럭시 S9 플러스 (256GB) , SM-G965N,SKT:1078000,KT:1078000,LG:1078000
갤럭시 S9 플러스 (256GB) , SM-G965N,SKT:1078000,KT:1078000,LG:1078000
갤럭시 S9 플러스 (64GB) , SM-G965N,SKT:968000,KT:968000,LG:968000
갤럭시 S9 플러스 (64GB) , SM-G965N,SKT:968000,KT:968000,LG:968000
갤럭시 S9 플러스 (64GB) , SM-G965N,SKT:968000,KT:968000,LG:968000
갤럭시 S9 (64GB) , SM-G960N,SKT:858000,KT:858000,LG:858000
갤럭시 S9 (64GB) , SM-G960N,SKT:858000,KT:858000,LG:858000
갤럭시 S9 (64GB) , SM-G960N,SKT:858000,KT:858000,LG:858000
갤럭시 W , SM-T255s,SKT:319000,,
갤럭시 Z 폴드2 , SM-F916N,SKT:1892000,KT:1892000,LG:1892000
갤럭시 Z 폴드2 , SM-F916N,SKT:1892000,KT:1892000,LG:1892000
갤럭시 Z 폴드2 , SM-F916N,SKT:1892000,KT:1892000,LG:1892000
갤럭시 Z 플립 5G , SM-F707N,SKT:1650000,KT:1349700,LG:1349700
갤럭시 Z 플립 5G , SM-F707N,SKT:1650000,KT:1349700,LG:1349700
갤럭시 Z 플립 5G , SM-F707N,SKT:1650000,KT:1349700,LG:1349700
갤럭시 Z 플립 , SM-F700N,SKT:1188000,KT:1188000,LG:1188000
갤럭시 Z 플립 , SM-F700N,SKT:1188000,KT:1188000,LG:1188000
갤럭시 Z 플립 , SM-F700N,SKT:1188000,KT:1188000,LG:1188000
갤럭시 골든 , SHV-E400K,,KT:799700,
갤럭시 골든 , SHV-E400S,SKT:799700,,
갤럭시 그랜드 맥스 , SM-G720K,,KT:316800,
갤럭시 그랜드 맥스 , SM-G720L,,,LG:319000
갤럭시 그랜드 맥스 , SM-G720N0,SKT:319000,KT:58080,
갤럭시 그랜드 맥스 , SM-G720N0,SKT:319000,KT:58080,
갤럭시 그랜드 , SHV-E270K,,KT:269500,
갤럭시 그랜드 , SHV-E270S,SKT:269500,,
갤럭시 그랜드 , SHV-E275K,,KT:269500,
갤럭시 그랜드 , SHV-E275S,SKT:269500,,
갤럭시 그랜드2 , SM-G710K,,KT:374000,
갤럭시 그랜드2 , SM-G710L,,,LG:374000
갤럭시 그랜드2 , SM-G710S,SKT:200000,,
갤럭시 노트 10.1 2014 , SM-P605K,,KT:799700,
갤럭시 노트 10.1 2014 , SM-P605L,,,LG:799700
갤럭시 노트 10.1 , SHV-E230K,,KT:891000,
갤럭시 노트 10.1 , SHV-E230S,SKT:891000,,
갤럭시 노트 10.1 , SHW-M480K,,KT:891000,
갤럭시 노트 16GB (16GB) , SHV-E160K,,KT:660000,
갤럭시 노트 4 , SM-N910K,,KT:316800,
갤럭시 노트 4 , SM-N910L,,,LG:799700
갤럭시 노트 4 , SM-N910S,SKT:799700,,
갤럭시 노트 4S-LTE , SM-N916K,,KT:799700,
갤럭시 노트 4S-LTE , SM-N916L,,,LG:799700
갤럭시 노트 엣지 (32GB) , SM-N915K,,KT:699600,
갤럭시 노트 엣지 (32GB) , SM-N915L,,,LG:699600
갤럭시 노트 엣지 (32GB) , SM-N915S,SKT:699600,,
갤럭시 노트 엣지 (64GB) , SM-N915L,,,LG:699600
갤럭시 노트 프로 , SM-P905F0,SKT:899000,KT:899000,
갤럭시 노트 프로 , SM-P905F0,SKT:899000,KT:899000,
갤럭시 노트 (32GB) , SHV-E160K,,KT:726000,
갤럭시 노트10 5G , SM-N971N,SKT:1248500,KT:995500,LG:1248500
갤럭시 노트10 5G , SM-N971N,SKT:1248500,KT:995500,LG:1248500
갤럭시 노트10 5G , SM-N971N,SKT:1248500,KT:995500,LG:1248500
갤럭시 노트10.1 2014 , SM-P605S,SKT:799700,,
갤럭시 노트10+ 5G (256GB) , SM-N976N,SKT:1397000,KT:1144000,LG:1397000
갤럭시 노트10+ 5G (256GB) , SM-N976N,SKT:1397000,KT:1144000,LG:1397000
갤럭시 노트10+ 5G (256GB) , SM-N976N,SKT:1397000,KT:1144000,LG:1397000
갤럭시 노트10+ 5G (512GB) , SM-N976N,SKT:1496000,KT:1243000,LG:1496000
갤럭시 노트10+ 5G (512GB) , SM-N976N,SKT:1496000,KT:1243000,LG:1496000
갤럭시 노트10+ 5G (512GB) , SM-N976N,SKT:1496000,KT:1243000,LG:1496000
갤럭시 노트2 (32GB) , SHV-E250K,,KT:847000,
갤럭시 노트2 (32GB) , SHV-E250L,SKT:847000,,LG:847000
갤럭시 노트2 (32GB) , SHV-E250L,SKT:847000,,LG:847000
갤럭시 노트2 (32GB) , SHV-E250S,SKT:847000,,
갤럭시 노트2 (64GB) , SHV-E250K,,KT:913000,
갤럭시 노트2 (64GB) , SHV-E250L,,,LG:847000
갤럭시 노트2 (64GB) , SHV-E250S,SKT:913000,,
갤럭시 노트20 울트라 , SM-N986N,SKT:1452000,KT:1452000,LG:1452000
갤럭시 노트20 울트라 , SM-N986N,SKT:1452000,KT:1452000,LG:1452000
갤럭시 노트20 울트라 , SM-N986N,SKT:1452000,KT:1452000,LG:1452000
갤럭시 노트20 , SM-N981N,SKT:1199000,KT:1199000,LG:1199000
갤럭시 노트20 , SM-N981N,SKT:1199000,KT:1199000,LG:1199000
갤럭시 노트20 , SM-N981N,SKT:1199000,KT:1199000,LG:1199000
갤럭시 노트3 (해외) , SM-N9005,SKT:880000,,
갤럭시 노트3 네오 , SM-N750K,,KT:599500,
갤럭시 노트3 네오 , SM-N750L,,,LG:599500
갤럭시 노트3 네오 , SM-N750S,SKT:599500,,
갤럭시 노트3 (16GB) , SM-N900K,,KT:880000,
갤럭시 노트3 (16GB) , SM-N900L,,,LG:880000
갤럭시 노트3 (16GB) , SM-N900S,SKT:880000,KT:880000,
갤럭시 노트3 (16GB) , SM-N900S,SKT:880000,KT:880000,
갤럭시 노트4 S-LTE , SM-N916S,SKT:799700,,
갤럭시 노트5 (128GB) , SM-N920K,,KT:865700,
갤럭시 노트5 (128GB) , SM-N920S,SKT:865700,,
갤럭시 노트5 (32GB) , SM-N920K,,KT:499400,
갤럭시 노트5 (32GB) , SM-N920L,,,LG:799700
갤럭시 노트5 (32GB) , SM-N920S,SKT:799700,,
갤럭시 노트5 (64GB) , SM-N920K,,KT:821700,
갤럭시 노트5 (64GB) , SM-N920L,,,LG:821700
갤럭시 노트5 (64GB) , SM-N920S,SKT:699600,,
갤럭시 노트8 KT 평창 에디션 (64GB) , SM-N950NKPC,,KT:1103300,
갤럭시 노트8 리니지2 레볼루션 에디션 (256G) , SM-N950N,SKT:1331000,,
갤럭시 노트8 (256GB) , SM-N950K,,KT:942700,
갤럭시 노트8 (256GB) , SM-N950L,,,LG:942700
갤럭시 노트8 (256GB) , SM-N950S,SKT:942700,,
갤럭시 노트8 (64GB) , SM-N950K,,KT:847000,
갤럭시 노트8 (64GB) , SM-N950L,,,LG:847000
갤럭시 노트8 (64GB) , SM-N950S,SKT:847000,,
갤럭시 노트9 (128GB) , SM-N960N,SKT:799700,KT:799700,LG:799700
갤럭시 노트9 (128GB) , SM-N960N,SKT:799700,KT:799700,LG:799700
갤럭시 노트9 (128GB) , SM-N960N,SKT:799700,KT:799700,LG:799700
갤럭시 노트9 (512GB) , SM-N960N,SKT:1155000,KT:1155000,LG:1155000
갤럭시 노트9 (512GB) , SM-N960N,SKT:1155000,KT:1155000,LG:1155000
갤럭시 노트9 (512GB) , SM-N960N,SKT:1155000,KT:1155000,LG:1155000
갤럭시 노트FE , SM-N935K,,KT:699600,
갤럭시 노트FE , SM-N935L,,,LG:699600
갤럭시 노트FE , SM-N935S,SKT:699600,,
갤럭시 라운드 , SM-G910S,SKT:759000,,
갤럭시 메가 6.3 , SHV-E310K,,KT:799700,
갤럭시 메가 6.3 , SHV-E310L,,,LG:799700
갤럭시 메가 6.3 , SHV-E310S,SKT:799700,,
갤럭시 북1 0.6LTE , SM-W627,SKT:899000,,LG:899800
갤럭시 북1 0.6LTE , SM-W627,SKT:899000,,LG:899800
갤럭시 뷰 , SM-T677NK,,KT:699600,
갤럭시 뷰 , SM-T677NL,,,LG:699600
갤럭시 알파 , SM-G850K,,KT:58080,
갤럭시 알파 , SM-G850L,,,LG:495000
갤럭시 알파 , SM-G850S,SKT:528000,,
갤럭시 온 7 2016 , SM-G610K,,KT:344300,
갤럭시 온 7 2016 , SM-G610L,,,LG:344300
갤럭시 온7 2016 , SM-G610S,SKT:344300,,
갤럭시 온7 2018 , SM-G611K,,KT:344300,
갤럭시 온7 2018 , SM-G611L,,,LG:344300
갤럭시 온7 2018 , SM-G611S,SKT:344300,,
갤럭시 와이드 , SM-G600S,SKT:297000,,
갤럭시 와이드2 EP , SM-J727EP,SKT:333300,,
갤럭시 와이드2 , SM-J727S,SKT:297000,,
갤럭시 와이드3 , SM-J737S,SKT:297000,,
갤럭시 와이드4 비바 에디션 , SM-A205S_VIVA,SKT:299200,,
갤럭시 와이드4 , SM-A205S,SKT:209000,,
갤럭시 워치 42mm , SM-R815N,SKT:379500,,LG:279400
갤럭시 워치 42mm , SM-R815N,SKT:379500,,LG:279400
갤럭시 워치 42mm , SM-R815N,SKT:379500,,LG:279400
갤럭시 워치 42mm , SM-R815N,SKT:379500,,LG:279400
갤럭시 워치 46mm , SM-R805N,SKT:399300,,LG:299200
갤럭시 워치 46mm , SM-R805N,SKT:399300,,LG:299200
갤럭시 워치 46mm , SM-R805N,SKT:399300,,LG:299200
갤럭시 워치 액티브2 , SM-R825,SKT:499400,KT:499400,LG:499400
갤럭시 워치 액티브2 , SM-R825,SKT:499400,KT:499400,LG:499400
갤럭시 워치 액티브2 , SM-R825,SKT:499400,KT:499400,LG:499400
갤럭시 워치 액티브2 , SM-R835,SKT:459800,KT:359700,LG:459800
갤럭시 워치 액티브2 , SM-R835,SKT:459800,KT:359700,LG:459800
갤럭시 워치 액티브2 , SM-R835,SKT:459800,KT:359700,LG:459800
갤럭시 워치3 41mm , SM-R855N,SKT:495000,KT:495000,LG:495000
갤럭시 워치3 41mm , SM-R855N,SKT:495000,KT:495000,LG:495000
갤럭시 워치3 41mm , SM-R855N,SKT:495000,KT:495000,LG:495000
갤럭시 워치3 45mm , SM-R845N,SKT:528000,KT:528000,LG:528000
갤럭시 워치3 45mm , SM-R845N,SKT:528000,KT:528000,LG:528000
갤럭시 워치3 45mm , SM-R845N,SKT:528000,KT:528000,LG:528000
갤럭시 윈 , SHV-E500L,,,LG:297000
갤럭시 윈 , SHV-E500S,SKT:297000,,
갤럭시 줌2 , SM-C115L,,,LG:297000
갤럭시 진 , SM-A605K,,KT:396000,
갤럭시 진2 , SM-A202K,,KT:253000,
갤럭시 카메라 , EK-KC120K,,KT:699600,
갤럭시 코어 어드밴스 , SHW-M570S,SKT:269500,,
갤럭시 코어 , SHW-M585D,,KT:176000,
갤럭시 탭 A 10.1 2016 with S Pen (16GB) , SM-P585S,SKT:488400,,
갤럭시 탭 A 10.1 2016 with S Pen (32GB) , SM-P585S,SKT:488400,,
갤럭시 탭 A 10.1 2019 , SM-T515,SKT:319000,,LG:319000
갤럭시 탭 A 10.1 2019 , SM-T515,SKT:319000,,LG:319000
갤럭시 탭 A 10.5 2018 , SM-T595N,,KT:396000,
갤럭시 탭 A S Pen , SM-P555K,,KT:484000,
갤럭시 탭 A S Pen , SM-P555L,,,LG:484000
갤럭시 탭 A S Pen , SM-P585N,SKT:488400,,
갤럭시 탭 A7 , SM-T505N,SKT:352000,KT:352000,LG:352000
갤럭시 탭 A7 , SM-T505N,SKT:352000,KT:352000,LG:352000
갤럭시 탭 A7 , SM-T505N,SKT:352000,KT:352000,LG:352000
갤럭시 탭 E 블랙 , SM-T378K,,KT:297000,
갤럭시 탭 E 블랙 , SM-T378L,,,LG:297000
갤럭시 탭 E 블랙 , SM-T378S,SKT:275000,,
갤럭시 탭 E , SM-T375L,,,LG:275000
갤럭시 탭 S 10.5 , SM-T800,,,LG:799700
갤럭시 탭 S 10.5 , SM-T805K,,KT:799700,
갤럭시 탭 S 10.5 , SM-T805L,,,LG:799700
갤럭시 탭 S 10.5 , SM-T805S,SKT:799700,,
갤럭시 탭 S2 9.7 LTE , SM-T815,SKT:343000,,
갤럭시 탭 S2 9.7 , SM-T810,SKT:719000,,
갤럭시 탭 S3 , SM-T825,SKT:638000,KT:859000,LG:638000
갤럭시 탭 S3 , SM-T825,SKT:638000,KT:859000,LG:638000
갤럭시 탭 S3 , SM-T825,SKT:638000,KT:859000,LG:638000
갤럭시 탭 S4 (256GB) , SM-T835,,,LG:1089000
갤럭시 탭 S4 (64GB) , SM-T835,SKT:880000,,LG:880000
갤럭시 탭 S4 (64GB) , SM-T835,SKT:880000,,LG:880000
갤럭시 탭 S5e (64GB) , SM-T725,,,LG:616000
갤럭시 탭 S6 (128GB) , SM-T865,SKT:898700,,LG:898700
갤럭시 탭 S6 (128GB) , SM-T865,SKT:898700,,LG:898700
갤럭시 탭 S6 (256GB) , SM-T865,,,LG:1127500
갤럭시 탭 S7 (128GB) , SM-T876,SKT:929500,KT:929500,LG:929500
갤럭시 탭 S7 (128GB) , SM-T876,SKT:929500,KT:929500,LG:929500
갤럭시 탭 S7 (128GB) , SM-T876,SKT:929500,KT:929500,LG:929500
갤럭시 탭 S7+ (128GB) , SM-T976,,KT:1249600,
갤럭시 탭 S7+ (256GB) , SM-T976,SKT:1249600,,
갤럭시 탭 액티브 , SM-T365F0,SKT:599000,,LG:599000
갤럭시 탭 액티브 , SM-T365F0,SKT:599000,,LG:599000
갤럭시 탭4 8.0 , SM-T335K,,KT:374000,
갤럭시 탭4 8.0 , SM-T335L,,,LG:374000
갤럭시 탭A (2017) , SM-T385K,,KT:308000,
갤럭시 탭A (2017) , SM-T385L,,,LG:308000
갤럭시 탭A (2017) , SM-T385S,SKT:308000,,
갤럭시 탭E , SM-T375S,SKT:275000,,
갤럭시 팝 , SHV-E220S,SKT:319000,,
갤럭시 폴더 , SM-G150NK,,KT:297000,
갤럭시 폴더 , SM-G150NL,,,LG:297000
갤럭시 폴더 , SM-G150NS,SKT:297000,,
갤럭시 폴더 , SM-G150NSL,,,LG:297000
갤럭시 폴더 , SM-G155S,SKT:297000,,
갤럭시 폴더2 2021 (2021) , SM-G160N,SKT:253000,KT:253000,
갤럭시 폴더2 2021 (2021) , SM-G160N,SKT:253000,KT:253000,
갤럭시 폴더2 (16GB) , SM-G160N,SKT:253000,KT:231000,LG:231000
갤럭시 폴더2 (16GB) , SM-G160N,SKT:253000,KT:231000,LG:231000
갤럭시 폴더2 (16GB) , SM-G160N,SKT:253000,KT:231000,LG:231000
갤럭시 폴더2 (32GB) , SM-G160N,SKT:253000,KT:253000,LG:253000
갤럭시 폴더2 (32GB) , SM-G160N,SKT:253000,KT:253000,LG:253000
갤럭시 폴더2 (32GB) , SM-G160N,SKT:253000,KT:253000,LG:253000
갤럭시 폴드 , SM-F907N,SKT:1500400,KT:1705000,LG:1705000
갤럭시 폴드 , SM-F907N,SKT:1500400,KT:1705000,LG:1705000
갤럭시 폴드 , SM-F907N,SKT:1500400,KT:1705000,LG:1705000
갤럭시J4+ 자급제 , SM-J415N,SKT:264000,,
갤럭시J4+ , SM-J415N,,KT:264000,
갤럭시S10 리패키징 (128GB) , SM-G973N,,KT:660000,
갤럭시S10 리패키징 (512GB) , SM-G973N,,KT:726000,
갤럭시S10+ 리패키징 (128GB) , SM-G975N,,KT:699600,
갤럭시S10+ 리패키징 (512GB) , SM-G975N,,KT:759000,
갤럭시S21 , SM-G991,SKT:999900,KT:999900,LG:999900
갤럭시S21 , SM-G991,SKT:999900,KT:999900,LG:999900
갤럭시S21 , SM-G991,SKT:999900,KT:999900,LG:999900
갤럭시S21+ , SM-G996,SKT:1199000,KT:1199000,LG:1199000
갤럭시S21+ , SM-G996,SKT:1199000,KT:1199000,LG:1199000
갤럭시S21+ , SM-G996,SKT:1199000,KT:1199000,LG:1199000
갤럭시센스 , SM-J500N0,,,LG:264000
갤럭시퀀텀2 , SM-A826S,SKT:699600,,
갤럭시탭 A with S Pen , SM-P555S,SKT:484000,,
기어 S2 3G , SM-R730S,SKT:399300,,
기어S2 클래식 3G , SM-R735S,SKT:431200,,
기어S3 클래식 LTE , SM-R775L,,,LG:399300
기어S3 클래식 LTE , SM-R775S,SKT:451000,,
기어S3 프론티어 LTE , SM-R765K,,KT:459800,
기어S3 프론티어 LTE , SM-R765L,,,LG:399300
기어S3 프론티어 LTE , SM-R765S,SKT:451000,,
넥서스 5x (16G) , LG-H791,SKT:242000,KT:33000,LG:242000
넥서스 5x (16G) , LG-H791,SKT:242000,KT:33000,LG:242000
넥서스 5x (16G) , LG-H791,SKT:242000,KT:33000,LG:242000
넥서스 5x (32G) , LG-H791,SKT:398200,KT:379500,LG:398200
넥서스 5x (32G) , LG-H791,SKT:398200,KT:379500,LG:398200
넥서스 5x (32G) , LG-H791,SKT:398200,KT:379500,LG:398200
넥서스5 (32GB) , LG-D821,,KT:459800,
넥서스5 (SKT) , LG-D821-32,SKT:459800,,
노리 F2 , SHW-A280K,,KT:297000,
뉴아이패드 (2012) ((2012)) , A1430,SKT:767000,,
뉴아이패드 (2012) ((2012)) , A1430,SKT:767000,,
뉴아이패드 (2012) ((2012)) , A1430,SKT:767000,,
미니멀 폴더 A300K , SHW-A300K,,KT:269500,
미니멀 폴더 A301S , SHW-A301S,SKT:225500,,
미니멀 폴더 A310S , SHW-A310S,SKT:297000,,
벨벳 , LM-G900N,SKT:899800,KT:899800,LG:899800
벨벳 , LM-G900N,SKT:899800,KT:899800,LG:899800
벨벳 , LM-G900N,SKT:899800,KT:899800,LG:899800
볼트폰 , LG-F540K,,,LG:297000
볼트폰 , LG-F540L,,,LG:99000
볼트폰 , LG-F540S,SKT:257400,,
삼성 기어 S , SM-R750S,SKT:216700,KT:297000,
삼성 기어 S , SM-R750S,SKT:216700,KT:297000,
삼성 마스터폰 (KT 3G) , SM-B510K,,KT:242000,
삼성 마스터폰 (LG U+ 2G) , SM-B510LL,,,LG:242000
삼성 마스터폰 (SKT 2G) , SM-B510SL,SKT:242000,,
삼성 마스터폰 (SKT 3G) , SM-B510S,SKT:242000,,
삼성마스터 듀얼 , SM-B520SL,SKT:300300,,
스마트폴더 , LGM-X100L,,,LG:297000
스마트폴더 , LGM-X100S,SKT:297000,,
스타일러스2 , LG-F720K,,KT:319000,
스타일러스2 , LG-F720L,,,LG:319000
스타일러스2 , LG-F720S,SKT:319000,,
신비 키즈폰 , SM-A102N0-KP,,KT:227700,
아이스크림 스마트 , LG-F440L,,,LG:286000
아이패드 4세대 (2012) ((2012)) , A1460,SKT:642000,,
아이패드 4세대 (2012) ((2012)) , A1460,SKT:642000,,
아이패드 7세대 (2019) (128GB) , A2198,SKT:715000,KT:715000,LG:715000
아이패드 7세대 (2019) (128GB) , A2198,SKT:715000,KT:715000,LG:715000
아이패드 7세대 (2019) (128GB) , A2198,SKT:715000,KT:715000,LG:715000
아이패드 7세대 (2019) (32GB) , A2198,SKT:594000,KT:594000,LG:594000
아이패드 7세대 (2019) (32GB) , A2198,SKT:594000,KT:594000,LG:594000
아이패드 7세대 (2019) (32GB) , A2198,SKT:594000,KT:594000,LG:594000
아이패드 8세대 (2020) 128GB (8세대) , iPad,SKT:715000,KT:715000,
아이패드 8세대 (2020) 128GB (8세대) , iPad,SKT:715000,KT:715000,
아이패드 8세대 (2020) 32GB (8세대) , iPad,SKT:594000,KT:594000,
아이패드 8세대 (2020) 32GB (8세대) , iPad,SKT:594000,KT:594000,
아이패드 9.7 (2018) (128GB) , A1954,SKT:682000,,LG:682000
아이패드 9.7 (2018) (128GB) , A1954,SKT:682000,,LG:682000
아이패드 9.7 (2018) (32GB) , A1954,SKT:572000,,LG:572000
아이패드 9.7 (2018) (32GB) , A1954,SKT:572000,,LG:572000
아이패드 레티나 (2012) ((2012)) , A1460,SKT:982000,,
아이패드 미니 (2012) ((2012)) , A1432,SKT:567000,,
아이패드 미니 (2012) ((2012)) , A1432,SKT:567000,,
아이패드 미니 (2012) ((2012)) , A1432,SKT:567000,,
아이패드 미니 3 (2014) (128GB) , A1599,SKT:876700,KT:876700,
아이패드 미니 3 (2014) (128GB) , A1599,SKT:876700,KT:876700,
아이패드 미니 3 (2014) (16GB) , A1599,SKT:634700,KT:634700,
아이패드 미니 3 (2014) (16GB) , A1599,SKT:634700,KT:634700,
아이패드 미니 3 (2014) (64GB) , A1599,SKT:755700,KT:755700,
아이패드 미니 3 (2014) (64GB) , A1599,SKT:755700,KT:755700,
아이패드 미니 3 (128GB) , A1600,SKT:511500,,
아이패드 미니2 (2013) (128GB) , A1490,SKT:982000,,
아이패드 미니2 (2013) (16GB) , A1490,SKT:642000,,
아이패드 미니2 (2013) (32GB) , A1490,SKT:762000,,
아이패드 미니2 (2013) (64GB) , A1490,SKT:882000,,
아이패드 미니4 (2015) (128GB) , A1550,,KT:876700,
아이패드 미니4 (2015) (64GB) , A1550,,KT:755700,
아이패드 에어 (2013) (128GB) , A1475,SKT:1091000,,
아이패드 에어 (2013) (16GB) , A1475,SKT:743000,KT:743000,
아이패드 에어 (2013) (16GB) , A1475,SKT:743000,KT:743000,
아이패드 에어 (2013) (32GB) , A1475,SKT:862000,KT:862000,
아이패드 에어 (2013) (32GB) , A1475,SKT:862000,KT:862000,
아이패드 에어 (2013) (64GB) , A1475,SKT:970000,KT:970000,
아이패드 에어 (2013) (64GB) , A1475,SKT:970000,KT:970000,
아이패드 에어 2 (2014) (128GB) , A1566,SKT:974600,KT:974600,
아이패드 에어 2 (2014) (128GB) , A1566,SKT:974600,KT:974600,
아이패드 에어 2 (2014) (16GB) , A1566,SKT:732600,KT:732600,
아이패드 에어 2 (2014) (16GB) , A1566,SKT:732600,KT:732600,
아이패드 에어 2 (2014) (64GB) , A1566,SKT:853600,KT:853600,
아이패드 에어 2 (2014) (64GB) , A1566,SKT:853600,KT:853600,
아이패드 프로 (2015) (128GB) , A1652,SKT:1298000,KT:1298000,
아이패드 프로 (2015) (128GB) , A1652,SKT:1298000,KT:1298000,
아이패드 프로 (2015) (128GB) , A1652,SKT:1298000,KT:1298000,
아이패드2 (2011) (16GB) , A1396,SKT:726000,,
아이패드2 (2011) (32GB) , A1396,SKT:828000,,
아이패드2 (2011) (64GB) , A1396,SKT:936000,,
아이패드4세대 (2012) (64GB) , A1460,SKT:882000,,
아이패드9.7 (2017) (128GB) , A1823,,,LG:572000
아이패드9.7 (2017) (32GB) , A1823,,,LG:462000
아이패드9.7 데모 (32GB) , A1823,,,LG:462000
아이패드미니4 (2015) (16GB) , A1550,,KT:634700,
아이패드미니5 (2019) (256GB) , A2124,SKT:847000,KT:847000,LG:847000
아이패드미니5 (2019) (256GB) , A2124,SKT:847000,KT:847000,LG:847000
아이패드미니5 (2019) (256GB) , A2124,SKT:847000,KT:847000,LG:847000
아이패드미니5 (2019) (64GB) , A2124,,,LG:649000
아이패드에어3 (2019) (256GB) , A2123,,,LG:946000
아이패드에어3 (2019) (64GB) , A2123,,,LG:759000
아이패드에어4 (2020) 256GB (Air) , iPad,SKT:1122000,KT:1122000,
아이패드에어4 (2020) 256GB (Air) , iPad,SKT:1122000,KT:1122000,
아이패드에어4 (2020) 64GB (Air) , iPad,SKT:924000,KT:924000,
아이패드에어4 (2020) 64GB (Air) , iPad,SKT:924000,KT:924000,
아이패드프로 11 (2018) (1TB) , A1934,,KT:2178000,LG:2178000
아이패드프로 11 (2018) (1TB) , A1934,,KT:2178000,LG:2178000
아이패드프로 11 (2018) (256GB) , A1934,,KT:1375000,LG:1375000
아이패드프로 11 (2018) (256GB) , A1934,,KT:1375000,LG:1375000
아이패드프로 11 (2018) (512GB) , A1934,,KT:1639000,LG:1639000
아이패드프로 11 (2018) (512GB) , A1934,,KT:1639000,LG:1639000
아이패드프로 11 (2018) (64GB) , A1934,,KT:1177000,LG:1177000
아이패드프로 11 (2018) (64GB) , A1934,,KT:1177000,LG:1177000
아이패드프로 11 (2020) (128GB) , A2230,,,LG:1210000
아이패드프로 11 (2020) (256GB) , A2230,,,LG:1342000
아이패드프로 11 (2020) (512GB) , A2230,,,LG:1595000
아이패드프로 12.9 (2020) (128GB) , A2232,,,LG:1474000
아이패드프로 12.9 (2020) (256GB) , A2232,,,LG:1606000
아이패드프로 12.9 (2020) (512GB) , A2232,,,LG:1859000
아이패드프로10.5 (2017) (256GB) , A1709,SKT:1046100,KT:1046100,LG:1046100
아이패드프로10.5 (2017) (256GB) , A1709,SKT:1046100,KT:1046100,LG:1046100
아이패드프로10.5 (2017) (256GB) , A1709,SKT:1046100,KT:1046100,LG:1046100
아이패드프로10.5 (2017) (512GB) , A1709,SKT:1267200,KT:1267200,LG:1267200
아이패드프로10.5 (2017) (512GB) , A1709,SKT:1267200,KT:1267200,LG:1267200
아이패드프로10.5 (2017) (512GB) , A1709,SKT:1267200,KT:1267200,LG:1267200
아이패드프로10.5 (2017) (64GB) , A1709,SKT:775500,KT:935000,LG:935000
아이패드프로10.5 (2017) (64GB) , A1709,SKT:775500,KT:935000,LG:935000
아이패드프로10.5 (2017) (64GB) , A1709,SKT:775500,KT:935000,LG:935000
아이패드프로12.9 (2018) (1TB) , A1895,SKT:2442000,KT:2442000,LG:2442000
아이패드프로12.9 (2018) (1TB) , A1895,SKT:2442000,KT:2442000,LG:2442000
아이패드프로12.9 (2018) (1TB) , A1895,SKT:2442000,KT:2442000,LG:2442000
아이패드프로12.9 (2018) (256GB) , A1895,SKT:1639000,KT:1639000,LG:1639000
아이패드프로12.9 (2018) (256GB) , A1895,SKT:1639000,KT:1639000,LG:1639000
아이패드프로12.9 (2018) (256GB) , A1895,SKT:1639000,KT:1639000,LG:1639000
아이패드프로12.9 (2018) (512GB) , A1895,SKT:1903000,KT:1903000,LG:1903000
아이패드프로12.9 (2018) (512GB) , A1895,SKT:1903000,KT:1903000,LG:1903000
아이패드프로12.9 (2018) (512GB) , A1895,SKT:1903000,KT:1903000,LG:1903000
아이패드프로12.9 (2018) (64GB) , A1895,SKT:1441000,KT:1441000,LG:1441000
아이패드프로12.9 (2018) (64GB) , A1895,SKT:1441000,KT:1441000,LG:1441000
아이패드프로12.9 (2018) (64GB) , A1895,SKT:1441000,KT:1441000,LG:1441000
아이패드프로12.9 2세대 (2017) (256GB) , A1671,SKT:1230900,KT:1230900,LG:1230900
아이패드프로12.9 2세대 (2017) (256GB) , A1671,SKT:1230900,KT:1230900,LG:1230900
아이패드프로12.9 2세대 (2017) (256GB) , A1671,SKT:1230900,KT:1230900,LG:1230900
아이패드프로12.9 2세대 (2017) (512GB) , A1671,SKT:1452000,KT:1452000,LG:1452000
아이패드프로12.9 2세대 (2017) (512GB) , A1671,SKT:1452000,KT:1452000,LG:1452000
아이패드프로12.9 2세대 (2017) (512GB) , A1671,SKT:1452000,KT:1452000,LG:1452000
아이패드프로12.9 2세대 (2017) (64GB) , A1671,SKT:1120900,KT:1120900,LG:1120900
아이패드프로12.9 2세대 (2017) (64GB) , A1671,SKT:1120900,KT:1120900,LG:1120900
아이패드프로12.9 2세대 (2017) (64GB) , A1671,SKT:1120900,KT:1120900,LG:1120900
아이폰11 리메뉴팩처 (128GB) , RE_A2221,SKT:891000,KT:649000,
아이폰11 리메뉴팩처 (128GB) , RE_A2221,SKT:891000,KT:649000,
아이폰11 리메뉴팩처 (256GB) , RE_A2221,SKT:1057100,KT:693000,LG:1188000
아이폰11 리메뉴팩처 (256GB) , RE_A2221,SKT:1057100,KT:693000,LG:1188000
아이폰11 리메뉴팩처 (256GB) , RE_A2221,SKT:1057100,KT:693000,LG:1188000
아이폰11 리메뉴팩처 (64GB) , RE_A2221,SKT:825000,KT:550000,LG:990000
아이폰11 리메뉴팩처 (64GB) , RE_A2221,SKT:825000,KT:550000,LG:990000
아이폰11 리메뉴팩처 (64GB) , RE_A2221,SKT:825000,KT:550000,LG:990000
아이폰11 (128GB) , A2221,SKT:925100,KT:1056000,LG:1056000
아이폰11 (128GB) , A2221,SKT:925100,KT:1056000,LG:1056000
아이폰11 (128GB) , A2221,SKT:925100,KT:1056000,LG:1056000
아이폰11 (256GB) , A2221,SKT:1057100,KT:1188000,LG:1188000
아이폰11 (256GB) , A2221,SKT:1057100,KT:1188000,LG:1188000
아이폰11 (256GB) , A2221,SKT:1057100,KT:1188000,LG:1188000
아이폰11 (64GB) , A2221,SKT:859100,KT:990000,LG:990000
아이폰11 (64GB) , A2221,SKT:859100,KT:990000,LG:990000
아이폰11 (64GB) , A2221,SKT:859100,KT:990000,LG:990000
아이폰11프로 리메뉴팩처 (256GB) , RE_A2215,SKT:1383800,,LG:1584000
아이폰11프로 리메뉴팩처 (256GB) , RE_A2215,SKT:1383800,,LG:1584000
아이폰11프로 리메뉴팩처 (512GB) , RE_A2215,SKT:1636800,,LG:1837000
아이폰11프로 리메뉴팩처 (512GB) , RE_A2215,SKT:1636800,,LG:1837000
아이폰11프로 리메뉴팩처 (64GB) , RE_A2215,SKT:1155000,,
아이폰11프로 (256GB) , A2215,SKT:1584000,KT:1584000,LG:1584000
아이폰11프로 (256GB) , A2215,SKT:1584000,KT:1584000,LG:1584000
아이폰11프로 (256GB) , A2215,SKT:1584000,KT:1584000,LG:1584000
아이폰11프로 (512GB) , A2215,SKT:1837000,KT:1837000,LG:1837000
아이폰11프로 (512GB) , A2215,SKT:1837000,KT:1837000,LG:1837000
아이폰11프로 (512GB) , A2215,SKT:1837000,KT:1837000,LG:1837000
아이폰11프로 (64GB) , A2215,SKT:1174800,KT:1375000,LG:1375000
아이폰11프로 (64GB) , A2215,SKT:1174800,KT:1375000,LG:1375000
아이폰11프로 (64GB) , A2215,SKT:1174800,KT:1375000,LG:1375000
아이폰11프로맥스 리메뉴팩처 (256GB) , RE_A2218,SKT:1537800,,LG:1738000
아이폰11프로맥스 리메뉴팩처 (256GB) , RE_A2218,SKT:1537800,,LG:1738000
아이폰11프로맥스 리메뉴팩처 (512GB) , RE_A2218,SKT:1639000,,LG:1991000
아이폰11프로맥스 리메뉴팩처 (512GB) , RE_A2218,SKT:1639000,,LG:1991000
아이폰11프로맥스 리메뉴팩처 (64GB) , RE_A2218,SKT:1287000,,LG:1529000
아이폰11프로맥스 리메뉴팩처 (64GB) , RE_A2218,SKT:1287000,,LG:1529000
아이폰11프로맥스 (256GB) , A2218,SKT:1738000,KT:1738000,LG:1738000
아이폰11프로맥스 (256GB) , A2218,SKT:1738000,KT:1738000,LG:1738000
아이폰11프로맥스 (256GB) , A2218,SKT:1738000,KT:1738000,LG:1738000
아이폰11프로맥스 (512GB) , A2218,SKT:1790800,KT:1991000,LG:1991000
아이폰11프로맥스 (512GB) , A2218,SKT:1790800,KT:1991000,LG:1991000
아이폰11프로맥스 (512GB) , A2218,SKT:1790800,KT:1991000,LG:1991000
아이폰11프로맥스 (64GB) , A2218,SKT:1328800,KT:1529000,LG:1529000
아이폰11프로맥스 (64GB) , A2218,SKT:1328800,KT:1529000,LG:1529000
아이폰11프로맥스 (64GB) , A2218,SKT:1328800,KT:1529000,LG:1529000
아이폰12 리패키지 (128GB) , A2403,SKT:974600,,
아이폰12 리패키지 (256GB) , A2403,SKT:1074700,,
아이폰12 리패키지 (64GB) , A2403,SKT:893200,,
아이폰12 미니 리패키지 (128GB) , A2399,SKT:902000,,
아이폰12 미니 리패키지 (256GB) , A2399,SKT:976800,,
아이폰12 미니 리패키지 (64GB) , A2399,SKT:803000,,
아이폰12 미니 (128GB) , A2399,SKT:1012000,KT:1012000,LG:1012000
아이폰12 미니 (128GB) , A2399,SKT:1012000,KT:1012000,LG:1012000
아이폰12 미니 (128GB) , A2399,SKT:1012000,KT:1012000,LG:1012000
아이폰12 미니 (256GB) , A2399,SKT:1155000,KT:1155000,LG:1155000
아이폰12 미니 (256GB) , A2399,SKT:1155000,KT:1155000,LG:1155000
아이폰12 미니 (256GB) , A2399,SKT:1155000,KT:1155000,LG:1155000
아이폰12 미니 (64GB) , A2399,SKT:946000,KT:946000,LG:946000
아이폰12 미니 (64GB) , A2399,SKT:946000,KT:946000,LG:946000
아이폰12 미니 (64GB) , A2399,SKT:946000,KT:946000,LG:946000
아이폰12 프로 리패키지 (128GB) , A2407,SKT:1202300,,
아이폰12 프로 리패키지 (256GB) , A2407,SKT:1311200,,
아이폰12 프로 리패키지 (512GB) , A2407,SKT:1475100,,
아이폰12 프로 맥스 리패키지 (128GB) , A2411,SKT:1326600,,
아이폰12 프로 맥스 (128GB) , A2411,SKT:1326600,KT:1474000,LG:1474000
아이폰12 프로 맥스 (128GB) , A2411,SKT:1326600,KT:1474000,LG:1474000
아이폰12 프로 맥스 (128GB) , A2411,SKT:1326600,KT:1474000,LG:1474000
아이폰12 프로 맥스 (256GB) , A2411,SKT:1453100,KT:1606000,LG:1606000
아이폰12 프로 맥스 (256GB) , A2411,SKT:1453100,KT:1606000,LG:1606000
아이폰12 프로 맥스 (256GB) , A2411,SKT:1453100,KT:1606000,LG:1606000
아이폰12 프로 맥스 (512GB) , A2411,SKT:1661000,KT:1870000,LG:1870000
아이폰12 프로 맥스 (512GB) , A2411,SKT:1661000,KT:1870000,LG:1870000
아이폰12 프로 맥스 (512GB) , A2411,SKT:1661000,KT:1870000,LG:1870000
아이폰12 프로 (128GB) , A2407,SKT:1342000,KT:1342000,LG:1342000
아이폰12 프로 (128GB) , A2407,SKT:1342000,KT:1342000,LG:1342000
아이폰12 프로 (128GB) , A2407,SKT:1342000,KT:1342000,LG:1342000
아이폰12 프로 (256GB) , A2407,SKT:1474000,KT:1474000,LG:1474000
아이폰12 프로 (256GB) , A2407,SKT:1474000,KT:1474000,LG:1474000
아이폰12 프로 (256GB) , A2407,SKT:1474000,KT:1474000,LG:1474000
아이폰12 프로 (512GB) , A2407,SKT:1738000,KT:1738000,LG:1738000
아이폰12 프로 (512GB) , A2407,SKT:1738000,KT:1738000,LG:1738000
아이폰12 프로 (512GB) , A2407,SKT:1738000,KT:1738000,LG:1738000
아이폰12 (128GB) , A2403,SKT:1155000,KT:1155000,LG:1155000
아이폰12 (128GB) , A2403,SKT:1155000,KT:1155000,LG:1155000
아이폰12 (128GB) , A2403,SKT:1155000,KT:1155000,LG:1155000
아이폰12 (256GB) , A2403,SKT:1287000,KT:1287000,LG:1287000
아이폰12 (256GB) , A2403,SKT:1287000,KT:1287000,LG:1287000
아이폰12 (256GB) , A2403,SKT:1287000,KT:1287000,LG:1287000
아이폰12 (64GB) , A2403,SKT:1078000,KT:1078000,LG:1078000
아이폰12 (64GB) , A2403,SKT:1078000,KT:1078000,LG:1078000
아이폰12 (64GB) , A2403,SKT:1078000,KT:1078000,LG:1078000
아이폰4 16GB (16GB) , A1332,SKT:814000,KT:484000,
아이폰4 16GB (16GB) , A1332,SKT:814000,KT:484000,
아이폰4 32GB (32GB) , A1332,SKT:200000,KT:550000,
아이폰4 32GB (32GB) , A1332,SKT:200000,KT:550000,
아이폰4 8GB (8GB) , A1332,,KT:418000,
아이폰4S (16GB) , A1387,,KT:484000,
아이폰4S (32GB) , A1387,,KT:550000,
아이폰4S (64GB) , A1387,,KT:616000,
아이폰5 (16GB) , A1429,SKT:484000,KT:484000,
아이폰5 (16GB) , A1429,SKT:484000,KT:484000,
아이폰5 (32GB) , A1429,SKT:550000,KT:550000,
아이폰5 (32GB) , A1429,SKT:550000,KT:550000,
아이폰5 (64GB) , A1429,SKT:616000,KT:1078000,
아이폰5 (64GB) , A1429,SKT:616000,KT:1078000,
아이폰5C (16GB) , A1529,SKT:396000,KT:396000,
아이폰5C (16GB) , A1529,SKT:396000,KT:396000,
아이폰5C (32GB) , A1529,,KT:429000,
아이폰5S (16GB) , A1530,SKT:814000,KT:184800,
아이폰5S (16GB) , A1530,SKT:814000,KT:184800,
아이폰5S (32GB) , A1530,SKT:946000,KT:550000,
아이폰5S (32GB) , A1530,SKT:946000,KT:550000,
아이폰5S (64GB) , A1530,SKT:1078000,KT:616000,
아이폰5S (64GB) , A1530,SKT:1078000,KT:616000,
아이폰6 플러스 64G 리퍼 (IPHONE6PLUS) , RE,,,LG:558000
아이폰6 플러스 (128GB) , A1524,SKT:1188000,KT:1097800,LG:665060
아이폰6 플러스 (128GB) , A1524,SKT:1188000,KT:1097800,LG:665060
아이폰6 플러스 (128GB) , A1524,SKT:1188000,KT:1097800,LG:665060
아이폰6 플러스 (16GB) , A1524,SKT:399300,KT:809600,LG:477400
아이폰6 플러스 (16GB) , A1524,SKT:399300,KT:809600,LG:477400
아이폰6 플러스 (16GB) , A1524,SKT:399300,KT:809600,LG:477400
아이폰6 플러스 (64GB) , A1524,SKT:599500,KT:965800,LG:633600
아이폰6 플러스 (64GB) , A1524,SKT:599500,KT:965800,LG:633600
아이폰6 플러스 (64GB) , A1524,SKT:599500,KT:965800,LG:633600
아이폰6 (128GB) , A1586,SKT:965800,KT:965800,LG:534600
아이폰6 (128GB) , A1586,SKT:965800,KT:965800,LG:534600
아이폰6 (128GB) , A1586,SKT:965800,KT:965800,LG:534600
아이폰6 (16GB) , A1586,SKT:499400,KT:699600,LG:367400
아이폰6 (16GB) , A1586,SKT:499400,KT:699600,LG:367400
아이폰6 (16GB) , A1586,SKT:499400,KT:699600,LG:367400
아이폰6 (32GB) , A1586,SKT:379500,KT:379500,LG:214500
아이폰6 (32GB) , A1586,SKT:379500,KT:379500,LG:214500
아이폰6 (32GB) , A1586,SKT:379500,KT:379500,LG:214500
아이폰6 (64GB) , A1586,SKT:633600,KT:833800,LG:501600
아이폰6 (64GB) , A1586,SKT:633600,KT:833800,LG:501600
아이폰6 (64GB) , A1586,SKT:633600,KT:833800,LG:501600
아이폰6s 데모 (16GB) , DE-A1688,,,LG:479600
아이폰6s 플러스 데모 (16GB) , DE-A1687,,,LG:581900
아이폰6s 플러스 (128GB) , A1687,SKT:665500,KT:968000,LG:440000
아이폰6s 플러스 (128GB) , A1687,SKT:665500,KT:968000,LG:440000
아이폰6s 플러스 (128GB) , A1687,SKT:665500,KT:968000,LG:440000
아이폰6s 플러스 (16GB) , A1687,SKT:399300,KT:599500,LG:500500
아이폰6s 플러스 (16GB) , A1687,SKT:399300,KT:599500,LG:500500
아이폰6s 플러스 (16GB) , A1687,SKT:399300,KT:599500,LG:500500
아이폰6s 플러스 (32GB) , A1687,SKT:1065900,,LG:363000
아이폰6s 플러스 (32GB) , A1687,SKT:1065900,,LG:363000
아이폰6s 플러스 (64GB) , A1687,SKT:610500,KT:799700,LG:678700
아이폰6s 플러스 (64GB) , A1687,SKT:610500,KT:799700,LG:678700
아이폰6s 플러스 (64GB) , A1687,SKT:610500,KT:799700,LG:678700
아이폰6s (128GB) , A1688,SKT:599500,KT:799700,LG:385000
아이폰6s (128GB) , A1688,SKT:599500,KT:799700,LG:385000
아이폰6s (128GB) , A1688,SKT:599500,KT:799700,LG:385000
아이폰6s (16GB) , A1688,SKT:869000,KT:599500,LG:434500
아이폰6s (16GB) , A1688,SKT:869000,KT:599500,LG:434500
아이폰6s (16GB) , A1688,SKT:869000,KT:599500,LG:434500
아이폰6s (32GB) , A1688,SKT:346500,,LG:352000
아이폰6s (32GB) , A1688,SKT:346500,,LG:352000
아이폰6s (64GB) , A1688,SKT:999900,KT:699600,LG:612700
아이폰6s (64GB) , A1688,SKT:999900,KT:699600,LG:612700
아이폰6s (64GB) , A1688,SKT:999900,KT:699600,LG:612700
아이폰7 리메뉴팩쳐 , RE_IPHONE7_128G,SKT:493900,KT:242000,
아이폰7 리메뉴팩쳐 , RE_IPHONE7_128G,SKT:493900,KT:242000,
아이폰7 리메뉴팩쳐 , RE_IPHONE7_256G,SKT:580800,,
아이폰7 (128GB) , A1778,SKT:399300,KT:699600,LG:699600
아이폰7 (128GB) , A1778,SKT:399300,KT:699600,LG:699600
아이폰7 (128GB) , A1778,SKT:399300,KT:699600,LG:699600
아이폰7 (256GB) , A1778,SKT:599500,KT:799700,LG:799700
아이폰7 (256GB) , A1778,SKT:599500,KT:799700,LG:799700
아이폰7 (256GB) , A1778,SKT:599500,KT:799700,LG:799700
아이폰7 (32GB) , A1778,SKT:499400,KT:440000,LG:399300
아이폰7 (32GB) , A1778,SKT:499400,KT:440000,LG:399300
아이폰7 (32GB) , A1778,SKT:499400,KT:440000,LG:399300
아이폰7플러스 리메뉴팩쳐 , RE_IPHONE7+_128G,SKT:570900,KT:253000,
아이폰7플러스 리메뉴팩쳐 , RE_IPHONE7+_128G,SKT:570900,KT:253000,
아이폰7플러스 리메뉴팩쳐 , RE_IPHONE7+_256G,SKT:657800,KT:657800,
아이폰7플러스 리메뉴팩쳐 , RE_IPHONE7+_256G,SKT:657800,KT:657800,
아이폰7플러스 (128GB) , A1784,SKT:1152800,KT:799700,LG:990000
아이폰7플러스 (128GB) , A1784,SKT:1152800,KT:799700,LG:990000
아이폰7플러스 (128GB) , A1784,SKT:1152800,KT:799700,LG:990000
아이폰7플러스 (256GB) , A1784,SKT:1283700,KT:899800,LG:1094500
아이폰7플러스 (256GB) , A1784,SKT:1283700,KT:899800,LG:1094500
아이폰7플러스 (256GB) , A1784,SKT:1283700,KT:899800,LG:1094500
아이폰7플러스 (32GB) , A1784,SKT:821700,KT:699600,LG:858000
아이폰7플러스 (32GB) , A1784,SKT:821700,KT:699600,LG:858000
아이폰7플러스 (32GB) , A1784,SKT:821700,KT:699600,LG:858000
아이폰8 리패키징 (256GB) , A1905,,KT:326700,
아이폰8 리패키징 (64GB) , A1905,,KT:302500,
아이폰8 (128GB) , A1905,SKT:335500,,
아이폰8 (256GB) , A1905,SKT:781000,KT:847000,LG:1142900
아이폰8 (256GB) , A1905,SKT:781000,KT:847000,LG:1142900
아이폰8 (256GB) , A1905,SKT:781000,KT:847000,LG:1142900
아이폰8 (64GB) , A1905,SKT:599500,KT:799700,LG:946000
아이폰8 (64GB) , A1905,SKT:599500,KT:799700,LG:946000
아이폰8 (64GB) , A1905,SKT:599500,KT:799700,LG:946000
아이폰8플러스 리패키징 (256GB) , A1897,,KT:897600,
아이폰8플러스 리패키징 (64GB) , A1897,,KT:379500,
아이폰8플러스 (128GB) , A1897,SKT:412500,,
아이폰8플러스 (256GB) , A1897,SKT:1283700,KT:902000,LG:1283700
아이폰8플러스 (256GB) , A1897,SKT:1283700,KT:902000,LG:1283700
아이폰8플러스 (256GB) , A1897,SKT:1283700,KT:902000,LG:1283700
아이폰8플러스 (64GB) , A1897,SKT:1076900,KT:847000,LG:1076900
아이폰8플러스 (64GB) , A1897,SKT:1076900,KT:847000,LG:1076900
아이폰8플러스 (64GB) , A1897,SKT:1076900,KT:847000,LG:1076900
아이폰SE (2020) 리패키징 (128GB) , A2776,SKT:528000,,
아이폰SE (2020) 리패키징 (256GB) , A2776,SKT:671000,,
아이폰SE (2020) 리패키징 (64GB) , A2776,SKT:462000,,
아이폰SE (2020) (128GB) , A2776,SKT:605000,KT:605000,LG:605000
아이폰SE (2020) (128GB) , A2776,SKT:605000,KT:605000,LG:605000
아이폰SE (2020) (128GB) , A2776,SKT:605000,KT:605000,LG:605000
아이폰SE (2020) (256GB) , A2776,SKT:748000,KT:748000,LG:748000
아이폰SE (2020) (256GB) , A2776,SKT:748000,KT:748000,LG:748000
아이폰SE (2020) (256GB) , A2776,SKT:748000,KT:748000,LG:748000
아이폰SE (2020) (64GB) , A2776,SKT:539000,KT:539000,LG:539000
아이폰SE (2020) (64GB) , A2776,SKT:539000,KT:539000,LG:539000
아이폰SE (2020) (64GB) , A2776,SKT:539000,KT:539000,LG:539000
아이폰SE 데모 (16GB) , A1723,,,LG:426800
아이폰SE (128GB) , A1723,,,LG:699600
아이폰SE (16GB) , A1723,SKT:330000,KT:569800,LG:536800
아이폰SE (16GB) , A1723,SKT:330000,KT:569800,LG:536800
아이폰SE (16GB) , A1723,SKT:330000,KT:569800,LG:536800
아이폰SE (32GB) , A1723,,,LG:569800
아이폰SE (64GB) , A1723,SKT:399300,KT:699600,LG:666600
아이폰SE (64GB) , A1723,SKT:399300,KT:699600,LG:666600
아이폰SE (64GB) , A1723,SKT:399300,KT:699600,LG:666600
아이폰X 리패키징 (256GB) , A1901,,KT:473000,
아이폰X 리패키징 (64GB) , A1901,SKT:480700,KT:330000,
아이폰X 리패키징 (64GB) , A1901,SKT:480700,KT:330000,
아이폰X (256GB) , A1901,SKT:1351900,KT:899800,LG:1351900
아이폰X (256GB) , A1901,SKT:1351900,KT:899800,LG:1351900
아이폰X (256GB) , A1901,SKT:1351900,KT:899800,LG:1351900
아이폰X (64GB) , A1901,SKT:1155000,KT:847000,LG:1155000
아이폰X (64GB) , A1901,SKT:1155000,KT:847000,LG:1155000
아이폰X (64GB) , A1901,SKT:1155000,KT:847000,LG:1155000
아이폰XR (128GB) , A2105,SKT:891000,KT:891000,LG:1056000
아이폰XR (128GB) , A2105,SKT:891000,KT:891000,LG:1056000
아이폰XR (128GB) , A2105,SKT:891000,KT:891000,LG:1056000
아이폰XR (256GB) , A2105,SKT:940500,KT:940500,LG:1188000
아이폰XR (256GB) , A2105,SKT:940500,KT:940500,LG:1188000
아이폰XR (256GB) , A2105,SKT:940500,KT:940500,LG:1188000
아이폰XR (64GB) , A2105,SKT:841500,KT:841500,LG:990000
아이폰XR (64GB) , A2105,SKT:841500,KT:841500,LG:990000
아이폰XR (64GB) , A2105,SKT:841500,KT:841500,LG:990000
아이폰Xs 맥스 (256GB) , A2101,SKT:990000,KT:990000,LG:1705000
아이폰Xs 맥스 (256GB) , A2101,SKT:990000,KT:990000,LG:1705000
아이폰Xs 맥스 (256GB) , A2101,SKT:990000,KT:990000,LG:1705000
아이폰Xs 맥스 (512GB) , A2101,SKT:1100000,KT:1100000,LG:1969000
아이폰Xs 맥스 (512GB) , A2101,SKT:1100000,KT:1100000,LG:1969000
아이폰Xs 맥스 (512GB) , A2101,SKT:1100000,KT:1100000,LG:1969000
아이폰Xs 맥스 (64GB) , A2101,SKT:940500,KT:1496000,LG:1496000
아이폰Xs 맥스 (64GB) , A2101,SKT:940500,KT:1496000,LG:1496000
아이폰Xs 맥스 (64GB) , A2101,SKT:940500,KT:1496000,LG:1496000
아이폰Xs (256GB) , A2097,SKT:940500,KT:1562000,LG:1562000
아이폰Xs (256GB) , A2097,SKT:940500,KT:1562000,LG:1562000
아이폰Xs (256GB) , A2097,SKT:940500,KT:1562000,LG:1562000
아이폰Xs (512GB) , A2097,SKT:990000,KT:990000,LG:1815000
아이폰Xs (512GB) , A2097,SKT:990000,KT:990000,LG:1815000
아이폰Xs (512GB) , A2097,SKT:990000,KT:990000,LG:1815000
아이폰Xs (64GB) , A2097,SKT:891000,KT:891000,LG:1364000
아이폰Xs (64GB) , A2097,SKT:891000,KT:891000,LG:1364000
아이폰Xs (64GB) , A2097,SKT:891000,KT:891000,LG:1364000
아티브LTEPC , XQ700T1C-H53S,SKT:1760000,,
애플워치 시리즈 6 스테인리스 40mm , A2375,SKT:902000,,
애플워치 시리즈 6 스테인리스 44mm , A2376,SKT:946000,,
애플워치 시리즈 6 알루미늄 40mm , A2375,SKT:638000,,
애플워치 시리즈 6 알루미늄 44mm , A2376,SKT:682000,,
애플워치 시리즈5 스테인리스 , A2156,,KT:858000,
애플워치 시리즈5 스테인리스 , A2157,SKT:902000,KT:902000,
애플워치 시리즈5 스테인리스 , A2157,SKT:902000,KT:902000,
애플워치 시리즈5 알루미늄 , A2156,SKT:638000,KT:638000,LG:638000
애플워치 시리즈5 알루미늄 , A2156,SKT:638000,KT:638000,LG:638000
애플워치 시리즈5 알루미늄 , A2156,SKT:638000,KT:638000,LG:638000
애플워치 시리즈5 알루미늄 , A2157,SKT:682000,KT:682000,LG:682000
애플워치 시리즈5 알루미늄 , A2157,SKT:682000,KT:682000,LG:682000
애플워치 시리즈5 알루미늄 , A2157,SKT:682000,KT:682000,LG:682000
애플워치3 38mm , A1889,SKT:734800,,LG:525800
애플워치3 38mm , A1889,SKT:734800,,LG:525800
애플워치4 40mm 스테인레스 , A2008,,,LG:605000
애플워치4 40mm 알루미늄 , A2007,SKT:605000,,LG:605000
애플워치4 40mm 알루미늄 , A2007,SKT:605000,,LG:605000
애플워치4 44mm 스테인레스 , A2007,SKT:869000,KT:869000,LG:869000
애플워치4 44mm 스테인레스 , A2007,SKT:869000,KT:869000,LG:869000
애플워치4 44mm 스테인레스 , A2007,SKT:869000,KT:869000,LG:869000
애플워치4 44mm 알루미늄 , A2008,SKT:649000,KT:649000,LG:649000
애플워치4 44mm 알루미늄 , A2008,SKT:649000,KT:649000,LG:649000
애플워치4 44mm 알루미늄 , A2008,SKT:649000,KT:649000,LG:649000
애플워치SE 40mm , A2355,SKT:396000,,
애플워치SE 44mm , A2356,SKT:440000,,
어베인 세컨드 에디션 , LG-W200K,,KT:451000,
어베인 세컨드 에디션 , LG-W200L,,,LG:451000
어베인 세컨드 에디션 , LG-W200S,SKT:451000,,
엑스5 , LG-F770S,SKT:275000,,
엑스파워 , LG-F750K,,KT:253000,
엘지 F70 , LG-F370K,,KT:198000,
엘지 F70 , LG-F370L,,,LG:259600
엘지 F70 , LG-F370S,SKT:259600,,
엘지 G2 , LG-F320K,,KT:616000,
엘지 G2 , LG-F320L,,,LG:616000
엘지 G2 , LG-F320S,SKT:616000,KT:616000,
엘지 G2 , LG-F320S,SKT:616000,KT:616000,
엘지 G3 Cat.6 , LG-F460K,,KT:550000,
엘지 G3 Cat.6 , LG-F460L,,,LG:550000
엘지 G3 Cat.6 , LG-F460S,SKT:550000,,
엘지 G3 , LG-F400K,,KT:58080,
엘지 G3 , LG-F400L,,,LG:499400
엘지 G3 , LG-F400S,SKT:499400,,
엘지 G4 , LG-F500K,,KT:154000,
엘지 G4 , LG-F500KC,,KT:599500,
엘지 G4 , LG-F500L,,,LG:599500
엘지 G4 , LG-F500S,SKT:599500,,
엘지 K10 , LG-F670K,,KT:275000,
엘지 K10 , LG-F670L,,,LG:275000
엘지 K10 , LG-F670S,SKT:275000,,
엘지 V10 , LG-F600K,,KT:599500,
엘지 V10 , LG-F600L,,,LG:599500
엘지 V10 , LG-F600S,SKT:599500,,
엘지 밴드플레이 , LG-F570S,SKT:297000,,
엘지 뷰3 , LG-F300K,,KT:154000,
엘지 뷰3 , LG-F300L,,,LG:297000
엘지 뷰3 , LG-F300S,SKT:643500,,
엘지 지엑스 GX로밍 , LG-F310LR,,,LG:352000
엘지 지엑스2 , LG-F430L,,,LG:99000
엘지 지패드2 , LG-P815L,,,LG:396000
엘지 지패드8.0 , LG-P490L,,,LG:330000
엘지 지플렉스2 , LG-F510K,,KT:99000,
엘지 지플렉스2 , LG-F510L,,,LG:899800
엘지 지플렉스2 , LG-F510S,SKT:899800,,
엘지 클래스 , LG-F620L,,KT:399300,LG:319000
엘지 클래스 , LG-F620L,,KT:399300,LG:319000
엘지 클래스 , LG-F620S,SKT:319000,,
엘지G4 (64GB) , LG-F500LM,,,LG:799700
엘지G5 , LG-F700K,,KT:699600,
엘지G5 , LG-F700L,,,LG:699600
엘지G5 , LG-F700S,SKT:699600,,
엘지X4 코리토리 에디션 , LM-X410KKORI,,KT:297000,
엘지X4 , LM-X410K,,KT:297000,
엘지X4 , LM-X410L,,,LG:297000
엘지X4 , LM-X410S,SKT:297000,,
옵티머스 G , LG-F180K,,KT:499400,
옵티머스 G , LG-F180L,,,LG:255200
옵티머스 G , LG-F180S,SKT:499400,,
옵티머스 LTE3 , LG-F260S,SKT:269500,,
옵티머스G 프로 , LG-F240K,,KT:399300,
옵티머스G 프로 , LG-F240L,,,LG:399300
옵티머스G 프로 , LG-F240S,SKT:399300,,
옵티머스GK , LG-F220K,,KT:259600,
옵티머스뷰2 , LG-F200K,,KT:499400,
옵티머스뷰2 , LG-F200L,,,LG:255200
옵티머스뷰2 , LG-F200S,SKT:499400,,
와이즈 , SHC-Z160S,SKT:451000,,
와이즈2 , SHW-A330S,SKT:451000,,
와인 샤벳 , LG-KH8400,,KT:264000,
와인 샤벳 , LG-SH840,SKT:264000,,
와인 스마트 , LG-F480k,,KT:55000,
와인 스마트 , LG-F480L,,,LG:99000
와인 스마트 , LG-F480S,SKT:297000,KT:399300,
와인 스마트 , LG-F480S,SKT:297000,KT:399300,
와인 , LG-LV8500,,,LG:236500
와인 , LG-SV850,SKT:236500,,
와인3G , LG-T390K,,KT:143000,
와인스마트 재즈 , LG-F610K,,KT:242000,
와인스마트 재즈 , LG-F610S,SKT:242000,,
워치스포츠 , LG-W281,SKT:451000,KT:451000,LG:451000
워치스포츠 , LG-W281,SKT:451000,KT:451000,LG:451000
워치스포츠 , LG-W281,SKT:451000,KT:451000,LG:451000
워치스포츠 , LG-W281,SKT:451000,KT:451000,LG:451000
젠틀 , LG-F580L,,,LG:132000
준3 , IF-W520S,SKT:264000,,
지패드3 10.1 , LG-P755L,,,LG:286000
지패드4 8.0 FHD LTE , LG-P530L,,,LG:352000
지패드5 10.1 , LM-T600L,SKT:440000,,LG:440000
지패드5 10.1 , LM-T600L,SKT:440000,,LG:440000
카카오 리틀프렌즈 폰2 , SM-J415N-KA,,,LG:299200
카카오 리플 프렌즈3 , SM-A102N-KA,,,LG:239800
클래스 , LG-F620K,,KT:58080,
페르소나폰 아카 , LG-F520K,,KT:242000,
페르소나폰 아카 , LG-F520L,,,LG:319000
페르소나폰 아카 , LG-F520S,SKT:319000,,
